{
    "mean": [
        0.002975127554519987
    ],
    "std": [
        0.0004817644146926897
    ],
    "max": [
        0.003830014495179057
    ]
}