{
    "mean": [
        0.0032246243966896396,
        0.0017715490614381936,
        0.03641192128339593
    ],
    "std": [
        0.0014135913424834013,
        0.00010478092190402229,
        0.012792290676323603
    ],
    "max": [
        0.0065995268523693085,
        0.001937895780429244,
        0.062485694885253906
    ]
}