exp;video;id;mother track;daughter track(s);metaphase frame - mitosis video;cytokinesis frame - mitosis video;first MT cut frame - mitosis video;second MT cut frame - mitosis video;metaphase frame;cytokinesis frame;first MT cut frame;second MT cut frame;position midbody x;position midbody y;first MT cut time;second MT cut time;;matched cytokinesis frame;matched cut frame;matched position midbody x;matched position midbody y
EXP1;Control-10;0;6;172;10;10;NO_CUT_DETECTED;NO_CUT_DETECTED;243;243;NO_CUT_DETECTED;NO_CUT_DETECTED;917;354;;;;-1;-1;-1;-1
EXP1;Control-10;10;6;109;7;13;22;23;127;133;142;143;953;380;90;100;;132;141;918;339
EXP1;Control-10;11;2;102;7;11;32;32;115;119;140;140;523;155;210;210;;119;139;529;154
EXP1;Control-10;12;12;101;7;12;TOO_SHORT_CUT;TOO_SHORT_CUT;113;118;TOO_SHORT_CUT;TOO_SHORT_CUT;266;709;;;;118;130;195;790
EXP1;Control-10;13;5;96;8;12;TOO_SHORT_CUT;TOO_SHORT_CUT;106;110;TOO_SHORT_CUT;TOO_SHORT_CUT;665;345;;;;110;120;685;316
EXP1;Control-10;14;10;95;8;11;18;21;106;109;116;119;1063;847;70;100;;-1;-1;-1;-1
EXP1;Control-10;15;3;93;9;12;23;27;100;103;114;118;778;119;110;150;;103;115;784;146
EXP1;Control-10;16;11;88;9;11;35;37;96;98;122;124;1128;816;240;260;;98;122;1181;721
EXP1;Control-10;17;4;80;9;12;23;26;79;82;93;96;372;320;110;140;;82;96;413;325
EXP1;Control-10;18;15;76;10;12;21;22;74;76;85;86;532;872;90;100;;75;91;469;948
EXP1;Control-10;19;16;73;7;11;NO_CUT_DETECTED;NO_CUT_DETECTED;62;66;NO_CUT_DETECTED;NO_CUT_DETECTED;1538;905;;;;66;78;1529;920
EXP1;Control-10;1;109;164;10;12;TOO_SHORT_CUT;TOO_SHORT_CUT;233;235;TOO_SHORT_CUT;TOO_SHORT_CUT;997;467;;;;234;245;958;420
EXP1;Control-10;20;13;37;11;13;33;34;25;27;47;48;816;906;200;210;;26;47;891;938
EXP1;Control-10;21;6;27;8;10;28;29;8;10;28;29;681;269;180;190;;-1;-1;-1;-1
EXP1;Control-10;2;93;163;8;12;25;28;231;235;248;251;713;122;130;160;;235;249;710;113
EXP1;Control-10;3;3;160;6;12;TOO_SHORT_CUT;TOO_SHORT_CUT;223;229;TOO_SHORT_CUT;TOO_SHORT_CUT;924;240;;;;229;238;862;216
EXP1;Control-10;4;4;154;8;12;21;22;210;214;223;224;382;265;90;100;;214;224;375;269
EXP1;Control-10;5;15;153;10;12;TOO_SHORT_CUT;TOO_SHORT_CUT;211;213;TOO_SHORT_CUT;TOO_SHORT_CUT;657;764;;;;213;226;593;844
EXP1;Control-10;6;80;150;9;11;22;22;209;211;222;222;385;373;110;110;;211;222;426;452
EXP1;Control-10;7;78;149;11;11;21;22;211;211;221;222;1086;73;100;110;;211;221;1080;96
EXP1;Control-10;8;88;139;9;11;22;24;191;193;204;206;947;799;110;130;;193;205;1010;840
EXP1;Control-10;9;83;112;9;12;22;24;137;140;150;152;347;537;100;120;;140;152;398;563
EXP1;Control-11;0;168;175;2;9;NEAR_BORDER;NEAR_BORDER;210;217;NEAR_BORDER;NEAR_BORDER;1580;242;;;;-1;-1;-1;-1
EXP1;Control-11;10;1;95;8;11;21;24;113;116;126;129;1124;54;100;130;;116;126;1126;105
EXP1;Control-11;11;10;90;11;12;TOO_SHORT_CUT;TOO_SHORT_CUT;109;110;TOO_SHORT_CUT;TOO_SHORT_CUT;979;964;;;;-1;-1;-1;-1
EXP1;Control-11;12;43;64,62;2;13;MORE_THAN_TWO_DAUGHTER_TRACKS;MORE_THAN_TWO_DAUGHTER_TRACKS;61;72;MORE_THAN_TWO_DAUGHTER_TRACKS;MORE_THAN_TWO_DAUGHTER_TRACKS;465;958;;;;-1;-1;-1;-1
EXP1;Control-11;13;23;55;8;11;30;33;54;57;76;79;310;482;190;220;;57;77;333;422
EXP1;Control-11;14;12;48;9;11;NO_MID_BODY_DETECTED;NO_MID_BODY_DETECTED;46;48;NO_MID_BODY_DETECTED;NO_MID_BODY_DETECTED;-1;-1;;;;-1;-1;-1;-1
EXP1;Control-11;15;11;43;8;14;21;21;34;40;47;47;238;818;70;70;;-1;-1;-1;-1
EXP1;Control-11;16;4;39;8;13;NO_CUT_DETECTED;NO_CUT_DETECTED;29;34;NO_CUT_DETECTED;NO_CUT_DETECTED;1167;366;;;;-1;-1;-1;-1
EXP1;Control-11;1;23;148;5;12;21;23;182;189;198;200;195;708;90;110;;187;200;185;684
EXP1;Control-11;2;52;125;8;13;NEAR_BORDER;NEAR_BORDER;158;163;NEAR_BORDER;NEAR_BORDER;1040;1074;;;;-1;-1;-1;-1
EXP1;Control-11;3;77;122;-28;17;NO_MID_BODY_DETECTED;NO_MID_BODY_DETECTED;113;158;NO_MID_BODY_DETECTED;NO_MID_BODY_DETECTED;-1;-1;;;;-1;-1;-1;-1
EXP1;Control-11;4;48;121;9;11;18;19;154;156;163;164;823;645;70;80;;156;166;856;626
EXP1;Control-11;5;70;113;4;17;NEAR_BORDER;NEAR_BORDER;129;142;NEAR_BORDER;NEAR_BORDER;197;25;;;;-1;-1;-1;-1
EXP1;Control-11;6;6;111;10;12;21;21;137;139;148;148;909;307;90;90;;139;148;929;316
EXP1;Control-11;7;59;108;9;11;NEAR_BORDER;NEAR_BORDER;132;134;NEAR_BORDER;NEAR_BORDER;1598;305;;;;-1;-1;-1;-1
EXP1;Control-11;8;14;99;7;11;25;25;115;119;133;133;1411;749;140;140;;-1;-1;-1;-1
EXP1;Control-11;9;71;96;8;12;NEAR_BORDER;NEAR_BORDER;113;117;NEAR_BORDER;NEAR_BORDER;571;149;;;;-1;-1;-1;-1
EXP1;Control-1;0;128;282;10;12;TOO_SHORT_CUT;TOO_SHORT_CUT;212;214;TOO_SHORT_CUT;TOO_SHORT_CUT;1470;814;;;;-1;-1;-1;-1
EXP1;Control-1;10;58;187;7;15;NEAR_BORDER;NEAR_BORDER;126;134;NEAR_BORDER;NEAR_BORDER;511;1025;;;;-1;-1;-1;-1
EXP1;Control-1;11;12;158;5;11;28;32;104;110;127;131;381;690;170;210;;111;128;368;684
EXP1;Control-1;12;14;150,149;7;13;MORE_THAN_TWO_DAUGHTER_TRACKS;MORE_THAN_TWO_DAUGHTER_TRACKS;99;105;MORE_THAN_TWO_DAUGHTER_TRACKS;MORE_THAN_TWO_DAUGHTER_TRACKS;32;778;;;;-1;-1;-1;-1
EXP1;Control-1;13;16;128;8;12;18;19;82;86;92;93;1576;779;60;70;;86;97;1566;766
EXP1;Control-1;14;9;109,98;7;10;MORE_THAN_TWO_DAUGHTER_TRACKS;MORE_THAN_TWO_DAUGHTER_TRACKS;61;64;MORE_THAN_TWO_DAUGHTER_TRACKS;MORE_THAN_TWO_DAUGHTER_TRACKS;965;501;;;;65;75;956;513
EXP1;Control-1;15;17;107;8;13;NO_CUT_DETECTED;NO_CUT_DETECTED;65;70;NO_CUT_DETECTED;NO_CUT_DETECTED;1298;842;;;;68;80;1210;864
EXP1;Control-1;16;2;95;6;18;NEAR_BORDER;NEAR_BORDER;50;62;NEAR_BORDER;NEAR_BORDER;937;151;;;;-1;-1;-1;-1
EXP1;Control-1;17;7;61;9;11;NO_CUT_DETECTED;NO_CUT_DETECTED;36;38;NO_CUT_DETECTED;NO_CUT_DETECTED;655;127;;;;39;58;603;106
EXP1;Control-1;18;19;50;7;15;TOO_SHORT_CUT;TOO_SHORT_CUT;19;27;TOO_SHORT_CUT;TOO_SHORT_CUT;791;945;;;;-1;-1;-1;-1
EXP1;Control-1;19;0;40;8;10;NO_CUT_DETECTED;NO_CUT_DETECTED;16;18;NO_CUT_DETECTED;NO_CUT_DETECTED;104;53;;;;-1;-1;-1;-1
EXP1;Control-1;1;16;275;10;12;TOO_SHORT_CUT;TOO_SHORT_CUT;209;211;TOO_SHORT_CUT;TOO_SHORT_CUT;1557;832;;;;211;221;1558;836
EXP1;Control-1;20;15;34,3;2;5;MORE_THAN_TWO_DAUGHTER_TRACKS;MORE_THAN_TWO_DAUGHTER_TRACKS;2;5;MORE_THAN_TWO_DAUGHTER_TRACKS;MORE_THAN_TWO_DAUGHTER_TRACKS;568;691;;;;-1;-1;-1;-1
EXP1;Control-1;21;18;26;1;3;TOO_SHORT_CUT;TOO_SHORT_CUT;1;3;TOO_SHORT_CUT;TOO_SHORT_CUT;181;885;;;;-1;-1;-1;-1
EXP1;Control-1;2;109;273;8;12;19;20;204;208;215;216;1110;479;70;80;;209;216;1104;470
EXP1;Control-1;3;170;267;-21;3;23;26;180;204;224;227;658;499;200;230;;206;224;663;499
EXP1;Control-1;4;242;260;8;18;TOO_SHORT_CUT;TOO_SHORT_CUT;190;200;TOO_SHORT_CUT;TOO_SHORT_CUT;508;279;;;;-1;-1;-1;-1
EXP1;Control-1;5;120;256;8;12;TOO_SHORT_CUT;TOO_SHORT_CUT;192;196;TOO_SHORT_CUT;TOO_SHORT_CUT;1307;1082;;;;-1;-1;-1;-1
EXP1;Control-1;6;221;254;5;19;NO_MID_BODY_DETECTED;NO_MID_BODY_DETECTED;180;194;NO_MID_BODY_DETECTED;NO_MID_BODY_DETECTED;-1;-1;;;;-1;-1;-1;-1
EXP1;Control-1;7;107;252;7;11;20;23;188;192;201;204;1223;806;90;120;;-1;-1;-1;-1
EXP1;Control-1;8;11;228;9;11;35;46;167;169;193;204;1244;535;240;350;;171;204;1310;507
EXP1;Control-1;9;21;224;-5;11;NEAR_BORDER;NEAR_BORDER;150;166;NEAR_BORDER;NEAR_BORDER;1115;1036;;;;-1;-1;-1;-1
EXP1;Control-2;0;279;294;9;11;NEAR_BORDER;NEAR_BORDER;232;234;NEAR_BORDER;NEAR_BORDER;1598;0;;;;-1;-1;-1;-1
EXP1;Control-2;10;9;155;9;13;TOO_SHORT_CUT;TOO_SHORT_CUT;135;139;TOO_SHORT_CUT;TOO_SHORT_CUT;369;432;;;;139;150;426;500
EXP1;Control-2;11;10;114;7;11;25;28;104;108;122;125;1494;591;140;170;;-1;-1;-1;-1
EXP1;Control-2;12;0;110;9;13;26;27;101;105;118;119;150;202;130;140;;-1;-1;-1;-1
EXP1;Control-2;13;4;105;9;12;30;32;99;102;120;122;705;121;180;200;;102;121;751;211
EXP1;Control-2;14;89;101;8;11;TOO_SHORT_CUT;TOO_SHORT_CUT;96;99;TOO_SHORT_CUT;TOO_SHORT_CUT;973;331;;;;101;115;968;324
EXP1;Control-2;15;19;98;9;11;TOO_SHORT_CUT;TOO_SHORT_CUT;94;96;TOO_SHORT_CUT;TOO_SHORT_CUT;922;622;;;;97;127;1016;566
EXP1;Control-2;16;5;91;4;11;NO_CUT_DETECTED;NO_CUT_DETECTED;78;85;NO_CUT_DETECTED;NO_CUT_DETECTED;1359;236;;;;86;96;1349;248
EXP1;Control-2;17;72;84;8;19;TOO_SHORT_CUT;TOO_SHORT_CUT;63;74;TOO_SHORT_CUT;TOO_SHORT_CUT;24;377;;;;-1;-1;-1;-1
EXP1;Control-2;18;68;82;9;11;23;25;66;68;80;82;1096;916;120;140;;69;81;1103;927
EXP1;Control-2;19;29;51;4;15;NO_MID_BODY_DETECTED;NO_MID_BODY_DETECTED;24;35;NO_MID_BODY_DETECTED;NO_MID_BODY_DETECTED;-1;-1;;;;-1;-1;-1;-1
EXP1;Control-2;1;110;292,289;3;10;MORE_THAN_TWO_DAUGHTER_TRACKS;MORE_THAN_TWO_DAUGHTER_TRACKS;225;232;MORE_THAN_TWO_DAUGHTER_TRACKS;MORE_THAN_TWO_DAUGHTER_TRACKS;16;91;;;;-1;-1;-1;-1
EXP1;Control-2;20;9;47;11;11;35;37;33;33;57;59;443;642;240;260;;35;57;493;733
EXP1;Control-2;2;0;283;7;11;19;24;223;227;235;240;266;253;80;130;;227;239;266;258
EXP1;Control-2;3;1;262;11;12;20;22;211;212;220;222;389;189;80;100;;212;221;391;192
EXP1;Control-2;4;5;242;8;11;TOO_SHORT_CUT;TOO_SHORT_CUT;198;201;TOO_SHORT_CUT;TOO_SHORT_CUT;1194;271;;;;-1;-1;-1;-1
EXP1;Control-2;5;147;240;6;12;18;18;192;198;204;204;826;82;60;60;;-1;-1;-1;-1
EXP1;Control-2;6;13;231;10;12;28;32;185;187;203;207;1134;838;160;200;;-1;-1;-1;-1
EXP1;Control-2;7;68;228;10;11;TOO_SHORT_CUT;TOO_SHORT_CUT;184;185;TOO_SHORT_CUT;TOO_SHORT_CUT;790;1012;;;;-1;-1;-1;-1
EXP1;Control-2;8;47;161;11;12;22;NO_CUT_DETECTED;140;141;151;NO_CUT_DETECTED;542;981;100;;;-1;-1;-1;-1
EXP1;Control-2;9;2;158;11;12;TOO_SHORT_CUT;TOO_SHORT_CUT;139;140;TOO_SHORT_CUT;TOO_SHORT_CUT;599;451;;;;140;150;626;539
EXP1;Control-3;0;261;345;-11;14;NO_MID_BODY_DETECTED;NO_MID_BODY_DETECTED;215;240;NO_MID_BODY_DETECTED;NO_MID_BODY_DETECTED;-1;-1;;;;-1;-1;-1;-1
EXP1;Control-3;10;224;265;-5;11;TOO_SHORT_CUT;TOO_SHORT_CUT;166;182;TOO_SHORT_CUT;TOO_SHORT_CUT;167;1029;;;;-1;-1;-1;-1
EXP1;Control-3;11;95;240;6;11;24;26;167;172;185;187;1063;564;130;150;;173;185;1066;561
EXP1;Control-3;12;25;239;8;12;26;28;167;171;185;187;1067;558;140;160;;-1;-1;-1;-1
EXP1;Control-3;13;83;219;8;11;TOO_SHORT_CUT;TOO_SHORT_CUT;159;162;TOO_SHORT_CUT;TOO_SHORT_CUT;1024;975;;;;-1;-1;-1;-1
EXP1;Control-3;14;164;215,214;8;14;MORE_THAN_TWO_DAUGHTER_TRACKS;MORE_THAN_TWO_DAUGHTER_TRACKS;153;159;MORE_THAN_TWO_DAUGHTER_TRACKS;MORE_THAN_TWO_DAUGHTER_TRACKS;1473;58;;;;-1;-1;-1;-1
EXP1;Control-3;15;9;213;-2;19;NO_MID_BODY_DETECTED;NO_MID_BODY_DETECTED;137;158;NO_MID_BODY_DETECTED;NO_MID_BODY_DETECTED;-1;-1;;;;-1;-1;-1;-1
EXP1;Control-3;16;109;206;7;18;TOO_SHORT_CUT;TOO_SHORT_CUT;143;154;TOO_SHORT_CUT;TOO_SHORT_CUT;772;37;;;;-1;-1;-1;-1
EXP1;Control-3;17;46;202,194;8;13;MORE_THAN_TWO_DAUGHTER_TRACKS;MORE_THAN_TWO_DAUGHTER_TRACKS;140;145;MORE_THAN_TWO_DAUGHTER_TRACKS;MORE_THAN_TWO_DAUGHTER_TRACKS;378;327;;;;-1;-1;-1;-1
EXP1;Control-3;18;54;200;10;10;TOO_SHORT_CUT;TOO_SHORT_CUT;149;149;TOO_SHORT_CUT;TOO_SHORT_CUT;870;450;;;;151;158;870;453
EXP1;Control-3;19;15;198;9;12;27;27;145;148;163;163;316;520;150;150;;148;164;325;522
EXP1;Control-3;1;194;314;6;8;TOO_SHORT_CUT;TOO_SHORT_CUT;214;216;TOO_SHORT_CUT;TOO_SHORT_CUT;269;101;;;;-1;-1;-1;-1
EXP1;Control-3;20;6;196;8;11;TOO_SHORT_CUT;TOO_SHORT_CUT;144;147;TOO_SHORT_CUT;TOO_SHORT_CUT;1235;330;;;;148;155;1289;323
EXP1;Control-3;21;28;190;-1;14;NO_MID_BODY_DETECTED;NO_MID_BODY_DETECTED;127;142;NO_MID_BODY_DETECTED;NO_MID_BODY_DETECTED;-1;-1;;;;-1;-1;-1;-1
EXP1;Control-3;22;72;184;9;12;TOO_SHORT_CUT;TOO_SHORT_CUT;137;140;TOO_SHORT_CUT;TOO_SHORT_CUT;596;57;;;;-1;-1;-1;-1
EXP1;Control-3;23;32;175;9;12;TOO_SHORT_CUT;TOO_SHORT_CUT;127;130;TOO_SHORT_CUT;TOO_SHORT_CUT;960;1086;;;;130;140;901;1044
EXP1;Control-3;24;150;170;7;12;24;24;123;128;140;140;442;663;120;120;;128;140;400;696
EXP1;Control-3;25;57;158,157;11;13;MORE_THAN_TWO_DAUGHTER_TRACKS;MORE_THAN_TWO_DAUGHTER_TRACKS;119;121;MORE_THAN_TWO_DAUGHTER_TRACKS;MORE_THAN_TWO_DAUGHTER_TRACKS;1517;648;;;;121;140;1448;648
EXP1;Control-3;26;81;150,144;8;12;MORE_THAN_TWO_DAUGHTER_TRACKS;MORE_THAN_TWO_DAUGHTER_TRACKS;105;109;MORE_THAN_TWO_DAUGHTER_TRACKS;MORE_THAN_TWO_DAUGHTER_TRACKS;710;542;;;;110;120;708;546
EXP1;Control-3;27;16;134;7;12;NO_CUT_DETECTED;NO_CUT_DETECTED;99;104;NO_CUT_DETECTED;NO_CUT_DETECTED;226;667;;;;105;117;212;664
EXP1;Control-3;28;23;132;7;18;NEAR_BORDER;NEAR_BORDER;91;102;NEAR_BORDER;NEAR_BORDER;141;730;;;;-1;-1;-1;-1
EXP1;Control-3;29;4;112;8;11;TOO_SHORT_CUT;TOO_SHORT_CUT;75;78;TOO_SHORT_CUT;TOO_SHORT_CUT;221;38;;;;-1;-1;-1;-1
EXP1;Control-3;2;291;303;4;11;TOO_SHORT_CUT;TOO_SHORT_CUT;201;208;TOO_SHORT_CUT;TOO_SHORT_CUT;158;613;;;;-1;-1;-1;-1
EXP1;Control-3;30;12;95;8;11;24;25;57;60;73;74;1065;504;130;140;;60;73;1067;506
EXP1;Control-3;31;25;83;9;12;23;26;48;51;62;65;1063;932;110;140;;51;63;1016;938
EXP1;Control-3;32;26;78;5;11;26;28;41;47;62;64;752;964;150;170;;47;62;757;985
EXP1;Control-3;33;34;64,54;6;10;MORE_THAN_TWO_DAUGHTER_TRACKS;MORE_THAN_TWO_DAUGHTER_TRACKS;19;23;MORE_THAN_TWO_DAUGHTER_TRACKS;MORE_THAN_TWO_DAUGHTER_TRACKS;1092;197;;;;24;34;1108;184
EXP1;Control-3;34;10;59;7;10;19;20;27;30;39;40;619;356;90;100;;32;39;615;353
EXP1;Control-3;35;9;46;1;12;TOO_SHORT_CUT;TOO_SHORT_CUT;1;12;TOO_SHORT_CUT;TOO_SHORT_CUT;561;283;;;;-1;-1;-1;-1
EXP1;Control-3;36;32;39;1;5;NEAR_BORDER;NEAR_BORDER;1;5;NEAR_BORDER;NEAR_BORDER;816;1023;;;;5;15;865;1069
EXP1;Control-3;37;7;38;1;5;TOO_SHORT_CUT;TOO_SHORT_CUT;1;5;TOO_SHORT_CUT;TOO_SHORT_CUT;860;284;;;;-1;-1;-1;-1
EXP1;Control-3;3;59;294,284;0;13;MORE_THAN_TWO_DAUGHTER_TRACKS;MORE_THAN_TWO_DAUGHTER_TRACKS;181;194;MORE_THAN_TWO_DAUGHTER_TRACKS;MORE_THAN_TWO_DAUGHTER_TRACKS;614;395;;;;-1;-1;-1;-1
EXP1;Control-3;4;280;293;2;8;TOO_SHORT_CUT;TOO_SHORT_CUT;192;198;TOO_SHORT_CUT;TOO_SHORT_CUT;1351;822;;;;-1;-1;-1;-1
EXP1;Control-3;5;285;292,291;2;5;MORE_THAN_TWO_DAUGHTER_TRACKS;MORE_THAN_TWO_DAUGHTER_TRACKS;195;198;MORE_THAN_TWO_DAUGHTER_TRACKS;MORE_THAN_TWO_DAUGHTER_TRACKS;39;567;;;;-1;-1;-1;-1
EXP1;Control-3;6;16;285;1;11;NO_MID_BODY_DETECTED;NO_MID_BODY_DETECTED;184;194;NO_MID_BODY_DETECTED;NO_MID_BODY_DETECTED;-1;-1;;;;-1;-1;-1;-1
EXP1;Control-3;7;27;280;4;16;NO_MID_BODY_DETECTED;NO_MID_BODY_DETECTED;179;191;NO_MID_BODY_DETECTED;NO_MID_BODY_DETECTED;-1;-1;;;;-1;-1;-1;-1
EXP1;Control-3;8;78;276;4;12;22;23;181;189;199;200;849;920;100;110;;189;199;852;920
EXP1;Control-3;9;26;270;8;13;NEAR_BORDER;NEAR_BORDER;179;184;NEAR_BORDER;NEAR_BORDER;624;1068;;;;-1;-1;-1;-1
EXP1;Control-4;0;114;320;4;6;NO_MID_BODY_DETECTED;NO_MID_BODY_DETECTED;235;237;NO_MID_BODY_DETECTED;NO_MID_BODY_DETECTED;-1;-1;;;;-1;-1;-1;-1
EXP1;Control-4;10;24;250;9;12;TOO_SHORT_CUT;TOO_SHORT_CUT;197;200;TOO_SHORT_CUT;TOO_SHORT_CUT;501;1090;;;;200;208;498;1012
EXP1;Control-4;11;183;209;-10;6;NEAR_BORDER;NEAR_BORDER;154;170;NEAR_BORDER;NEAR_BORDER;1589;1017;;;;-1;-1;-1;-1
EXP1;Control-4;12;140;208;11;13;NO_MID_BODY_DETECTED;NO_MID_BODY_DETECTED;168;170;NO_MID_BODY_DETECTED;NO_MID_BODY_DETECTED;-1;-1;;;;-1;-1;-1;-1
EXP1;Control-4;13;187;194;7;10;24;26;158;161;175;177;1274;926;140;160;;162;175;1273;926
EXP1;Control-4;14;16;189;9;12;21;29;151;154;163;171;239;622;90;170;;154;172;264;668
EXP1;Control-4;15;147;188;8;11;NEAR_BORDER;NEAR_BORDER;150;153;NEAR_BORDER;NEAR_BORDER;973;1098;;;;-1;-1;-1;-1
EXP1;Control-4;16;42;180;6;12;TOO_SHORT_CUT;TOO_SHORT_CUT;143;149;TOO_SHORT_CUT;TOO_SHORT_CUT;824;701;;;;149;160;823;702
EXP1;Control-4;17;19;171;9;12;18;22;134;137;143;147;279;843;60;100;;137;147;306;837
EXP1;Control-4;18;12;148;-1;17;NO_MID_BODY_DETECTED;NO_MID_BODY_DETECTED;102;120;NO_MID_BODY_DETECTED;NO_MID_BODY_DETECTED;-1;-1;;;;-1;-1;-1;-1
EXP1;Control-4;19;15;143;7;11;24;28;110;114;127;131;1256;706;130;170;;114;132;1295;727
EXP1;Control-4;1;159;318,303,296;1;2;MORE_THAN_TWO_DAUGHTER_TRACKS;MORE_THAN_TWO_DAUGHTER_TRACKS;223;224;MORE_THAN_TWO_DAUGHTER_TRACKS;MORE_THAN_TWO_DAUGHTER_TRACKS;31;547;;;;-1;-1;-1;-1
EXP1;Control-4;20;9;142;8;12;25;27;110;114;127;129;479;337;130;150;;115;128;493;325
EXP1;Control-4;21;1;134;8;12;NEAR_BORDER;NEAR_BORDER;104;108;NEAR_BORDER;NEAR_BORDER;445;91;;;;109;124;388;95
EXP1;Control-4;22;14;130;-1;13;TOO_SHORT_CUT;TOO_SHORT_CUT;91;105;TOO_SHORT_CUT;TOO_SHORT_CUT;1534;696;;;;-1;-1;-1;-1
EXP1;Control-4;23;18;126,118;9;13;MORE_THAN_TWO_DAUGHTER_TRACKS;MORE_THAN_TWO_DAUGHTER_TRACKS;91;95;MORE_THAN_TWO_DAUGHTER_TRACKS;MORE_THAN_TWO_DAUGHTER_TRACKS;1441;756;;;;-1;-1;-1;-1
EXP1;Control-4;24;33;121;7;12;NEAR_BORDER;NEAR_BORDER;92;97;NEAR_BORDER;NEAR_BORDER;57;870;;;;97;109;54;896
EXP1;Control-4;25;40;108;9;12;TOO_SHORT_CUT;TOO_SHORT_CUT;83;86;TOO_SHORT_CUT;TOO_SHORT_CUT;151;1026;;;;86;99;128;1009
EXP1;Control-4;26;4;98;8;14;TOO_SHORT_CUT;TOO_SHORT_CUT;75;81;TOO_SHORT_CUT;TOO_SHORT_CUT;1509;90;;;;-1;-1;-1;-1
EXP1;Control-4;27;2;95;10;12;30;36;77;79;97;103;842;229;180;240;;79;97;810;310
EXP1;Control-4;28;6;94,88;9;11;MORE_THAN_TWO_DAUGHTER_TRACKS;MORE_THAN_TWO_DAUGHTER_TRACKS;72;74;MORE_THAN_TWO_DAUGHTER_TRACKS;MORE_THAN_TWO_DAUGHTER_TRACKS;1008;323;;;;-1;-1;-1;-1
EXP1;Control-4;29;24;93;9;13;TOO_SHORT_CUT;TOO_SHORT_CUT;74;78;TOO_SHORT_CUT;TOO_SHORT_CUT;498;986;;;;78;91;520;1056
EXP1;Control-4;2;217;316,315;3;12;MORE_THAN_TWO_DAUGHTER_TRACKS;MORE_THAN_TWO_DAUGHTER_TRACKS;226;235;MORE_THAN_TWO_DAUGHTER_TRACKS;MORE_THAN_TWO_DAUGHTER_TRACKS;760;502;;;;-1;-1;-1;-1
EXP1;Control-4;30;22;56;6;11;19;22;32;37;45;48;1280;1047;80;110;;38;46;1260;1047
EXP1;Control-4;3;257;305;9;12;NO_MID_BODY_DETECTED;NO_MID_BODY_DETECTED;228;231;NO_MID_BODY_DETECTED;NO_MID_BODY_DETECTED;-1;-1;;;;-1;-1;-1;-1
EXP1;Control-4;4;2;300;3;11;23;27;220;228;240;244;715;350;120;160;;229;244;784;273
EXP1;Control-4;5;173;294;10;12;NEAR_BORDER;NEAR_BORDER;222;224;NEAR_BORDER;NEAR_BORDER;723;41;;;;224;232;721;12
EXP1;Control-4;6;274;287;4;9;NO_MID_BODY_DETECTED;NO_MID_BODY_DETECTED;217;222;NO_MID_BODY_DETECTED;NO_MID_BODY_DETECTED;-1;-1;;;;-1;-1;-1;-1
EXP1;Control-4;7;226;266;10;10;NO_MID_BODY_DETECTED;NO_MID_BODY_DETECTED;210;210;NO_MID_BODY_DETECTED;NO_MID_BODY_DETECTED;-1;-1;;;;-1;-1;-1;-1
EXP1;Control-4;8;6;263;10;19;TOO_SHORT_CUT;TOO_SHORT_CUT;201;210;TOO_SHORT_CUT;TOO_SHORT_CUT;1015;610;;;;-1;-1;-1;-1
EXP1;Control-4;9;158;262;9;11;TOO_SHORT_CUT;TOO_SHORT_CUT;207;209;TOO_SHORT_CUT;TOO_SHORT_CUT;117;884;;;;209;218;136;886
EXP1;Control-5;0;4;320;10;12;19;NO_CUT_DETECTED;241;243;250;NO_CUT_DETECTED;1129;235;70;;;243;251;1119;250
EXP1;Control-5;10;20;233,226;9;9;MORE_THAN_TWO_DAUGHTER_TRACKS;MORE_THAN_TWO_DAUGHTER_TRACKS;182;182;MORE_THAN_TWO_DAUGHTER_TRACKS;MORE_THAN_TWO_DAUGHTER_TRACKS;1138;800;;;;-1;-1;-1;-1
EXP1;Control-5;11;11;229;9;12;23;24;180;183;194;195;1300;465;110;120;;183;194;1297;443
EXP1;Control-5;12;52;222;8;13;TOO_SHORT_CUT;TOO_SHORT_CUT;176;181;TOO_SHORT_CUT;TOO_SHORT_CUT;725;345;;;;180;188;719;405
EXP1;Control-5;13;8;220;-2;5;TOO_SHORT_CUT;TOO_SHORT_CUT;171;178;TOO_SHORT_CUT;TOO_SHORT_CUT;1482;654;;;;-1;-1;-1;-1
EXP1;Control-5;14;43;205;8;9;TOO_SHORT_CUT;TOO_SHORT_CUT;167;168;TOO_SHORT_CUT;TOO_SHORT_CUT;342;472;;;;166;177;280;578
EXP1;Control-5;15;14;199;8;8;18;24;162;162;172;178;339;487;100;160;;-1;-1;-1;-1
EXP1;Control-5;16;48;197,192;10;12;MORE_THAN_TWO_DAUGHTER_TRACKS;MORE_THAN_TWO_DAUGHTER_TRACKS;154;156;MORE_THAN_TWO_DAUGHTER_TRACKS;MORE_THAN_TWO_DAUGHTER_TRACKS;108;243;;;;156;166;81;290
EXP1;Control-5;17;61;191;7;11;19;20;150;154;162;163;338;477;80;90;;154;162;339;471
EXP1;Control-5;18;42;189;-6;5;20;22;142;153;168;170;589;749;150;170;;153;162;524;745
EXP1;Control-5;19;12;188;9;11;TOO_SHORT_CUT;TOO_SHORT_CUT;151;153;TOO_SHORT_CUT;TOO_SHORT_CUT;578;779;;;;-1;-1;-1;-1
EXP1;Control-5;1;2;319;9;12;NEAR_BORDER;NEAR_BORDER;238;241;NEAR_BORDER;NEAR_BORDER;1245;12;;;;241;251;1335;35
EXP1;Control-5;20;110;187;9;11;18;19;151;153;160;161;682;492;70;80;;153;164;667;508
EXP1;Control-5;21;116;185;9;12;TOO_SHORT_CUT;TOO_SHORT_CUT;150;153;TOO_SHORT_CUT;TOO_SHORT_CUT;621;92;;;;152;160;651;113
EXP1;Control-5;22;123;183;7;19;NO_MID_BODY_DETECTED;NO_MID_BODY_DETECTED;140;152;NO_MID_BODY_DETECTED;NO_MID_BODY_DETECTED;-1;-1;;;;-1;-1;-1;-1
EXP1;Control-5;23;38;168;9;12;18;21;142;145;151;154;197;695;60;90;;-1;-1;-1;-1
EXP1;Control-5;24;4;162;7;12;TOO_SHORT_CUT;TOO_SHORT_CUT;135;140;TOO_SHORT_CUT;TOO_SHORT_CUT;1245;301;;;;139;144;1202;290
EXP1;Control-5;25;30;157;9;12;TOO_SHORT_CUT;TOO_SHORT_CUT;133;136;TOO_SHORT_CUT;TOO_SHORT_CUT;190;715;;;;135;142;198;649
EXP1;Control-5;26;46;155;8;11;TOO_SHORT_CUT;TOO_SHORT_CUT;132;135;TOO_SHORT_CUT;TOO_SHORT_CUT;1051;214;;;;135;140;1045;210
EXP1;Control-5;27;10;152;10;12;TOO_SHORT_CUT;TOO_SHORT_CUT;128;130;TOO_SHORT_CUT;TOO_SHORT_CUT;70;583;;;;130;138;101;604
EXP1;Control-5;28;2;130;6;11;21;25;104;109;119;123;1515;101;100;140;;109;119;1496;103
EXP1;Control-5;29;39;127;7;11;27;28;101;105;121;122;1358;529;160;170;;-1;-1;-1;-1
EXP1;Control-5;2;24;292;8;12;TOO_SHORT_CUT;TOO_SHORT_CUT;222;226;TOO_SHORT_CUT;TOO_SHORT_CUT;161;856;;;;226;233;87;932
EXP1;Control-5;30;19;107;9;12;20;22;83;86;94;96;885;803;80;100;;86;98;894;791
EXP1;Control-5;31;20;99;8;12;TOO_SHORT_CUT;TOO_SHORT_CUT;77;81;TOO_SHORT_CUT;TOO_SHORT_CUT;1159;1003;;;;-1;-1;-1;-1
EXP1;Control-5;32;18;86;9;9;21;22;65;65;77;78;1483;911;120;130;;-1;-1;-1;-1
EXP1;Control-5;33;11;80;5;11;21;22;53;59;69;70;1204;435;100;110;;58;70;1212;419
EXP1;Control-5;34;7;70;8;11;23;24;42;45;57;58;728;311;120;130;;45;57;723;306
EXP1;Control-5;35;12;61;9;13;21;23;34;38;46;48;352;577;80;100;;37;46;314;526
EXP1;Control-5;36;15;52;7;12;29;30;20;25;42;43;992;626;170;180;;25;42;1019;576
EXP1;Control-5;37;10;48;8;11;22;23;20;23;34;35;112;459;110;120;;23;35;119;439
EXP1;Control-5;38;4;46;6;11;TOO_SHORT_CUT;TOO_SHORT_CUT;14;19;TOO_SHORT_CUT;TOO_SHORT_CUT;1215;249;;;;17;25;1184;230
EXP1;Control-5;39;9;43;7;10;20;21;14;17;27;28;411;425;100;110;;17;27;371;447
EXP1;Control-5;3;219;271,255;0;6;MORE_THAN_TWO_DAUGHTER_TRACKS;MORE_THAN_TWO_DAUGHTER_TRACKS;195;201;MORE_THAN_TWO_DAUGHTER_TRACKS;MORE_THAN_TWO_DAUGHTER_TRACKS;1545;393;;;;-1;-1;-1;-1
EXP1;Control-5;40;14;38;9;12;TOO_SHORT_CUT;TOO_SHORT_CUT;12;15;TOO_SHORT_CUT;TOO_SHORT_CUT;300;663;;;;15;25;288;602
EXP1;Control-5;41;6;35;1;9;25;26;1;9;25;26;397;176;160;170;;-1;-1;-1;-1
EXP1;Control-5;42;17;30;2;3;9;12;2;3;9;12;186;764;60;90;;1;9;166;739
EXP1;Control-5;4;19;269;9;11;TOO_SHORT_CUT;TOO_SHORT_CUT;204;206;TOO_SHORT_CUT;TOO_SHORT_CUT;1017;604;;;;-1;-1;-1;-1
EXP1;Control-5;5;26;259;8;11;TOO_SHORT_CUT;TOO_SHORT_CUT;198;201;TOO_SHORT_CUT;TOO_SHORT_CUT;888;970;;;;201;211;878;1005
EXP1;Control-5;6;183;258;8;12;TOO_SHORT_CUT;TOO_SHORT_CUT;197;201;TOO_SHORT_CUT;TOO_SHORT_CUT;744;804;;;;200;210;753;767
EXP1;Control-5;7;132;247;9;12;18;19;191;194;200;201;1453;983;60;70;;193;207;1393;987
EXP1;Control-5;8;208;246;11;12;NO_CUT_DETECTED;NO_CUT_DETECTED;191;192;NO_CUT_DETECTED;NO_CUT_DETECTED;1452;841;;;;192;201;1460;854
EXP1;Control-5;9;15;237;8;13;NO_CUT_DETECTED;NO_CUT_DETECTED;183;188;NO_CUT_DETECTED;NO_CUT_DETECTED;1056;650;;;;186;197;1035;634
EXP1;Control-6;0;115;233;10;11;22;23;233;234;245;246;1351;206;110;120;;234;246;1352;250
EXP1;Control-6;10;176;190;8;11;TOO_SHORT_CUT;TOO_SHORT_CUT;181;184;TOO_SHORT_CUT;TOO_SHORT_CUT;945;997;;;;183;194;1012;982
EXP1;Control-6;11;79;187;9;11;19;20;180;182;190;191;408;836;80;90;;181;190;430;780
EXP1;Control-6;12;5;186;8;11;20;20;179;182;191;191;677;229;90;90;;182;191;634;198
EXP1;Control-6;13;11;185;9;11;TOO_SHORT_CUT;TOO_SHORT_CUT;179;181;TOO_SHORT_CUT;TOO_SHORT_CUT;783;450;;;;180;189;782;480
EXP1;Control-6;14;133;157;8;13;NEAR_BORDER;NEAR_BORDER;146;151;NEAR_BORDER;NEAR_BORDER;1577;810;;;;-1;-1;-1;-1
EXP1;Control-6;15;1;155;10;12;TOO_SHORT_CUT;TOO_SHORT_CUT;148;150;TOO_SHORT_CUT;TOO_SHORT_CUT;1032;34;;;;150;160;1024;58
EXP1;Control-6;16;49;151;9;13;TOO_SHORT_CUT;TOO_SHORT_CUT;141;145;TOO_SHORT_CUT;TOO_SHORT_CUT;826;10;;;;-1;-1;-1;-1
EXP1;Control-6;17;18;149;9;11;19;20;140;142;150;151;274;861;80;90;;142;151;224;836
EXP1;Control-6;18;8;122;10;12;TOO_SHORT_CUT;TOO_SHORT_CUT;105;107;TOO_SHORT_CUT;TOO_SHORT_CUT;1040;470;;;;106;123;1036;498
EXP1;Control-6;19;13;119;8;11;27;28;101;104;120;121;253;396;160;170;;104;121;250;390
EXP1;Control-6;1;2;232;10;11;TOO_SHORT_CUT;TOO_SHORT_CUT;232;233;TOO_SHORT_CUT;TOO_SHORT_CUT;1335;41;;;;233;245;1294;54
EXP1;Control-6;20;2;115;10;12;24;27;97;99;111;114;1310;113;120;150;;99;113;1322;110
EXP1;Control-6;21;14;113,107;8;11;MORE_THAN_TWO_DAUGHTER_TRACKS;MORE_THAN_TWO_DAUGHTER_TRACKS;85;88;MORE_THAN_TWO_DAUGHTER_TRACKS;MORE_THAN_TWO_DAUGHTER_TRACKS;998;929;;;;88;99;1010;830
EXP1;Control-6;22;19;109;8;12;TOO_SHORT_CUT;TOO_SHORT_CUT;87;91;TOO_SHORT_CUT;TOO_SHORT_CUT;545;950;;;;90;101;532;986
EXP1;Control-6;23;6;104;8;11;22;24;84;87;98;100;629;182;110;130;;-1;-1;-1;-1
EXP1;Control-6;24;11;79;8;11;TOO_SHORT_CUT;TOO_SHORT_CUT;67;70;TOO_SHORT_CUT;TOO_SHORT_CUT;558;615;;;;70;81;608;618
EXP1;Control-6;25;5;77,73;7;8;MORE_THAN_TWO_DAUGHTER_TRACKS;MORE_THAN_TWO_DAUGHTER_TRACKS;63;64;MORE_THAN_TWO_DAUGHTER_TRACKS;MORE_THAN_TWO_DAUGHTER_TRACKS;621;229;;;;-1;-1;-1;-1
EXP1;Control-6;26;0;76;9;12;22;25;64;67;77;80;49;100;100;130;;66;78;110;92
EXP1;Control-6;27;4;49;9;12;28;29;37;40;56;57;1033;86;160;170;;-1;-1;-1;-1
EXP1;Control-6;28;18;42;10;16;NEAR_BORDER;NEAR_BORDER;28;34;NEAR_BORDER;NEAR_BORDER;36;1098;;;;-1;-1;-1;-1
EXP1;Control-6;29;1;37;5;11;NEAR_BORDER;NEAR_BORDER;21;27;NEAR_BORDER;NEAR_BORDER;854;131;;;;-1;-1;-1;-1
EXP1;Control-6;2;119;223;9;13;TOO_SHORT_CUT;TOO_SHORT_CUT;213;217;TOO_SHORT_CUT;TOO_SHORT_CUT;187;443;;;;216;226;248;414
EXP1;Control-6;3;6;217;10;13;TOO_SHORT_CUT;TOO_SHORT_CUT;208;211;TOO_SHORT_CUT;TOO_SHORT_CUT;476;403;;;;210;217;506;388
EXP1;Control-6;4;20;212;5;11;18;19;198;204;211;212;753;895;70;80;;204;213;744;938
EXP1;Control-6;5;104;211;10;12;20;21;202;204;212;213;300;216;80;90;;204;212;296;206
EXP1;Control-6;6;19;201;9;12;TOO_SHORT_CUT;TOO_SHORT_CUT;194;197;TOO_SHORT_CUT;TOO_SHORT_CUT;595;894;;;;196;207;578;910
EXP1;Control-6;7;107;198;10;12;TOO_SHORT_CUT;TOO_SHORT_CUT;191;193;TOO_SHORT_CUT;TOO_SHORT_CUT;1041;661;;;;-1;-1;-1;-1
EXP1;Control-6;8;76;193;8;11;18;20;184;187;194;196;110;180;70;90;;187;196;138;140
EXP1;Control-6;9;77;192;9;13;NO_MID_BODY_DETECTED;NO_MID_BODY_DETECTED;183;187;NO_MID_BODY_DETECTED;NO_MID_BODY_DETECTED;-1;-1;;;;-1;-1;-1;-1
EXP1;Control-7;0;296;328;9;9;TOO_SHORT_CUT;TOO_SHORT_CUT;235;235;TOO_SHORT_CUT;TOO_SHORT_CUT;904;983;;;;-1;-1;-1;-1
EXP1;Control-7;10;28;297;9;13;NEAR_BORDER;NEAR_BORDER;214;218;NEAR_BORDER;NEAR_BORDER;551;1040;;;;-1;-1;-1;-1
EXP1;Control-7;11;46;291;5;6;TOO_SHORT_CUT;TOO_SHORT_CUT;214;215;TOO_SHORT_CUT;TOO_SHORT_CUT;549;992;;;;-1;-1;-1;-1
EXP1;Control-7;12;283;290;5;6;13;23;214;215;222;232;624;246;70;170;;-1;-1;-1;-1
EXP1;Control-7;13;94;280;4;9;TOO_SHORT_CUT;TOO_SHORT_CUT;202;207;TOO_SHORT_CUT;TOO_SHORT_CUT;1313;546;;;;-1;-1;-1;-1
EXP1;Control-7;14;22;278;6;12;TOO_SHORT_CUT;TOO_SHORT_CUT;197;203;TOO_SHORT_CUT;TOO_SHORT_CUT;403;659;;;;203;211;428;726
EXP1;Control-7;15;10;269;-6;15;NEAR_BORDER;NEAR_BORDER;174;195;NEAR_BORDER;NEAR_BORDER;316;51;;;;-1;-1;-1;-1
EXP1;Control-7;16;249;267;9;12;NO_MID_BODY_DETECTED;NO_MID_BODY_DETECTED;190;193;NO_MID_BODY_DETECTED;NO_MID_BODY_DETECTED;-1;-1;;;;-1;-1;-1;-1
EXP1;Control-7;17;153;264;9;11;19;20;189;191;199;200;545;499;80;90;;-1;-1;-1;-1
EXP1;Control-7;18;118;251;8;11;22;24;175;178;189;191;138;624;110;130;;178;189;156;654
EXP1;Control-7;19;10;234,233;11;13;MORE_THAN_TWO_DAUGHTER_TRACKS;MORE_THAN_TWO_DAUGHTER_TRACKS;157;159;MORE_THAN_TWO_DAUGHTER_TRACKS;MORE_THAN_TWO_DAUGHTER_TRACKS;125;145;;;;-1;-1;-1;-1
EXP1;Control-7;1;21;327;3;12;TOO_SHORT_CUT;TOO_SHORT_CUT;226;235;TOO_SHORT_CUT;TOO_SHORT_CUT;547;352;;;;-1;-1;-1;-1
EXP1;Control-7;20;121;230,219;5;11;MORE_THAN_TWO_DAUGHTER_TRACKS;MORE_THAN_TWO_DAUGHTER_TRACKS;141;147;MORE_THAN_TWO_DAUGHTER_TRACKS;MORE_THAN_TWO_DAUGHTER_TRACKS;7;370;;;;147;151;24;284
EXP1;Control-7;21;18;228;9;12;26;28;151;154;168;170;1038;631;140;160;;154;170;976;608
EXP1;Control-7;22;80;222;9;20;TOO_SHORT_CUT;TOO_SHORT_CUT;140;151;TOO_SHORT_CUT;TOO_SHORT_CUT;1374;65;;;;-1;-1;-1;-1
EXP1;Control-7;23;19;220,217,212;4;11;MORE_THAN_TWO_DAUGHTER_TRACKS;MORE_THAN_TWO_DAUGHTER_TRACKS;137;144;MORE_THAN_TWO_DAUGHTER_TRACKS;MORE_THAN_TWO_DAUGHTER_TRACKS;455;110;;;;-1;-1;-1;-1
EXP1;Control-7;24;73;215;9;12;TOO_SHORT_CUT;TOO_SHORT_CUT;142;145;TOO_SHORT_CUT;TOO_SHORT_CUT;1302;612;;;;-1;-1;-1;-1
EXP1;Control-7;25;68;214;9;12;19;20;142;145;152;153;1200;800;70;80;;144;152;1170;852
EXP1;Control-7;26;137;208,205;6;13;MORE_THAN_TWO_DAUGHTER_TRACKS;MORE_THAN_TWO_DAUGHTER_TRACKS;131;138;MORE_THAN_TWO_DAUGHTER_TRACKS;MORE_THAN_TWO_DAUGHTER_TRACKS;-1;-1;;;;-1;-1;-1;-1
EXP1;Control-7;27;51;206;4;11;21;22;131;138;148;149;812;756;100;110;;137;148;818;816
EXP1;Control-7;28;63;196;7;13;TOO_SHORT_CUT;TOO_SHORT_CUT;125;131;TOO_SHORT_CUT;TOO_SHORT_CUT;1285;250;;;;130;140;1204;238
EXP1;Control-7;29;26;185;7;12;TOO_SHORT_CUT;TOO_SHORT_CUT;114;119;TOO_SHORT_CUT;TOO_SHORT_CUT;371;890;;;;119;131;344;896
EXP1;Control-7;2;176;324;10;12;NO_CUT_DETECTED;NO_CUT_DETECTED;232;234;NO_CUT_DETECTED;NO_CUT_DETECTED;729;637;;;;234;252;836;628
EXP1;Control-7;30;21;178;9;12;26;27;111;114;128;129;906;486;140;150;;113;129;970;506
EXP1;Control-7;31;25;159;10;13;22;25;95;98;107;110;983;893;90;120;;-1;-1;-1;-1
EXP1;Control-7;32;22;153;9;11;28;30;90;92;109;111;446;674;170;190;;92;109;438;628
EXP1;Control-7;33;12;150;8;13;24;27;86;91;102;105;586;80;110;140;;90;102;620;38
EXP1;Control-7;34;46;149;7;10;24;25;86;89;103;104;497;837;140;150;;89;104;534;840
EXP1;Control-7;35;28;147;8;11;TOO_SHORT_CUT;TOO_SHORT_CUT;85;88;TOO_SHORT_CUT;TOO_SHORT_CUT;750;1029;;;;88;99;744;958
EXP1;Control-7;36;20;127;10;13;TOO_SHORT_CUT;TOO_SHORT_CUT;70;73;TOO_SHORT_CUT;TOO_SHORT_CUT;163;662;;;;72;82;246;632
EXP1;Control-7;37;27;125,119;9;17;MORE_THAN_TWO_DAUGHTER_TRACKS;MORE_THAN_TWO_DAUGHTER_TRACKS;58;66;MORE_THAN_TWO_DAUGHTER_TRACKS;MORE_THAN_TWO_DAUGHTER_TRACKS;1474;959;;;;-1;-1;-1;-1
EXP1;Control-7;38;88;122;9;12;26;28;65;68;82;84;1347;496;140;160;;-1;-1;-1;-1
EXP1;Control-7;39;23;118;9;12;29;30;63;66;83;84;14;561;170;180;;66;83;28;646
EXP1;Control-7;3;147;315,308;9;12;MORE_THAN_TWO_DAUGHTER_TRACKS;MORE_THAN_TWO_DAUGHTER_TRACKS;222;225;MORE_THAN_TWO_DAUGHTER_TRACKS;MORE_THAN_TWO_DAUGHTER_TRACKS;832;928;;;;-1;-1;-1;-1
EXP1;Control-7;40;13;107;8;19;TOO_SHORT_CUT;TOO_SHORT_CUT;48;59;TOO_SHORT_CUT;TOO_SHORT_CUT;1556;349;;;;-1;-1;-1;-1
EXP1;Control-7;41;16;94;10;13;35;37;48;51;73;75;1483;346;220;240;;-1;-1;-1;-1
EXP1;Control-7;42;83;88;8;8;NEAR_BORDER;NEAR_BORDER;46;46;NEAR_BORDER;NEAR_BORDER;1496;363;;;;-1;-1;-1;-1
EXP1;Control-7;43;18;73;9;11;26;28;31;33;48;50;1116;572;150;170;;33;54;1122;594
EXP1;Control-7;44;60;68;5;8;TOO_SHORT_CUT;TOO_SHORT_CUT;26;29;TOO_SHORT_CUT;TOO_SHORT_CUT;1207;133;;;;-1;-1;-1;-1
EXP1;Control-7;45;28;51,46;10;12;MORE_THAN_TWO_DAUGHTER_TRACKS;MORE_THAN_TWO_DAUGHTER_TRACKS;10;12;MORE_THAN_TWO_DAUGHTER_TRACKS;MORE_THAN_TWO_DAUGHTER_TRACKS;635;959;;;;-1;-1;-1;-1
EXP1;Control-7;46;11;50,41;2;8;MORE_THAN_TWO_DAUGHTER_TRACKS;MORE_THAN_TWO_DAUGHTER_TRACKS;2;8;MORE_THAN_TWO_DAUGHTER_TRACKS;MORE_THAN_TWO_DAUGHTER_TRACKS;252;161;;;;6;17;284;222
EXP1;Control-7;47;15;45;8;11;NO_CUT_DETECTED;NO_CUT_DETECTED;8;11;NO_CUT_DETECTED;NO_CUT_DETECTED;1238;292;;;;-1;-1;-1;-1
EXP1;Control-7;48;1;35;1;3;11;14;1;3;11;14;871;77;80;110;;3;12;872;60
EXP1;Control-7;4;246;313,294;-23;3;MORE_THAN_TWO_DAUGHTER_TRACKS;MORE_THAN_TWO_DAUGHTER_TRACKS;191;217;MORE_THAN_TWO_DAUGHTER_TRACKS;MORE_THAN_TWO_DAUGHTER_TRACKS;855;115;;;;-1;-1;-1;-1
EXP1;Control-7;5;149;310,298;-1;6;MORE_THAN_TWO_DAUGHTER_TRACKS;MORE_THAN_TWO_DAUGHTER_TRACKS;213;220;MORE_THAN_TWO_DAUGHTER_TRACKS;MORE_THAN_TWO_DAUGHTER_TRACKS;555;722;;;;-1;-1;-1;-1
EXP1;Control-7;6;212;307;-1;12;NO_MID_BODY_DETECTED;NO_MID_BODY_DETECTED;211;224;NO_MID_BODY_DETECTED;NO_MID_BODY_DETECTED;-1;-1;;;;-1;-1;-1;-1
EXP1;Control-7;7;159;305,296;10;14;MORE_THAN_TWO_DAUGHTER_TRACKS;MORE_THAN_TWO_DAUGHTER_TRACKS;214;218;MORE_THAN_TWO_DAUGHTER_TRACKS;MORE_THAN_TWO_DAUGHTER_TRACKS;879;953;;;;-1;-1;-1;-1
EXP1;Control-7;8;20;303;8;12;TOO_SHORT_CUT;TOO_SHORT_CUT;218;222;TOO_SHORT_CUT;TOO_SHORT_CUT;45;895;;;;-1;-1;-1;-1
EXP1;Control-7;9;11;302;8;13;TOO_SHORT_CUT;TOO_SHORT_CUT;216;221;TOO_SHORT_CUT;TOO_SHORT_CUT;246;491;;;;221;228;246;476
EXP1;Control-8;0;126;281;11;20;TOO_SHORT_CUT;TOO_SHORT_CUT;233;242;TOO_SHORT_CUT;TOO_SHORT_CUT;585;562;;;;-1;-1;-1;-1
EXP1;Control-8;10;64;182;8;11;23;24;158;161;173;174;1033;720;120;130;;161;174;1036;714
EXP1;Control-8;11;81;177;8;11;21;23;156;159;169;171;1120;921;100;120;;159;169;1142;903
EXP1;Control-8;12;11;164;8;12;24;25;145;149;161;162;431;457;120;130;;-1;-1;-1;-1
EXP1;Control-8;13;139;162;9;12;TOO_SHORT_CUT;TOO_SHORT_CUT;145;148;TOO_SHORT_CUT;TOO_SHORT_CUT;1095;1029;;;;147;157;1104;1040
EXP1;Control-8;14;53;157;8;11;20;23;140;143;152;155;1483;653;90;120;;143;154;1490;626
EXP1;Control-8;15;14;146;3;11;23;26;121;129;141;144;1067;416;120;150;;129;140;1058;420
EXP1;Control-8;16;8;144;10;11;21;22;127;128;138;139;1352;98;100;110;;-1;-1;-1;-1
EXP1;Control-8;17;17;138;9;13;TOO_SHORT_CUT;TOO_SHORT_CUT;118;122;TOO_SHORT_CUT;TOO_SHORT_CUT;1364;547;;;;121;133;1258;532
EXP1;Control-8;18;59;137;4;13;NEAR_BORDER;NEAR_BORDER;112;121;NEAR_BORDER;NEAR_BORDER;288;29;;;;-1;-1;-1;-1
EXP1;Control-8;19;33;136;5;14;NO_MID_BODY_DETECTED;NO_MID_BODY_DETECTED;110;119;NO_MID_BODY_DETECTED;NO_MID_BODY_DETECTED;-1;-1;;;;-1;-1;-1;-1
EXP1;Control-8;1;121;273,269;10;15;MORE_THAN_TWO_DAUGHTER_TRACKS;MORE_THAN_TWO_DAUGHTER_TRACKS;229;234;MORE_THAN_TWO_DAUGHTER_TRACKS;MORE_THAN_TWO_DAUGHTER_TRACKS;639;454;;;;-1;-1;-1;-1
EXP1;Control-8;20;19;126;9;13;TOO_SHORT_CUT;TOO_SHORT_CUT;104;108;TOO_SHORT_CUT;TOO_SHORT_CUT;670;797;;;;107;119;691;820
EXP1;Control-8;21;13;121;8;11;20;25;102;105;114;119;739;419;90;140;;105;119;714;440
EXP1;Control-8;22;29;115;8;12;25;28;93;97;110;113;349;986;130;160;;96;110;392;1010
EXP1;Control-8;23;22;105;8;11;NO_CUT_DETECTED;NO_CUT_DETECTED;86;89;NO_CUT_DETECTED;NO_CUT_DETECTED;191;893;;;;89;114;201;889
EXP1;Control-8;24;20;94;8;11;27;28;74;77;93;94;1428;693;160;170;;-1;-1;-1;-1
EXP1;Control-8;25;23;92;10;12;TOO_SHORT_CUT;TOO_SHORT_CUT;74;76;TOO_SHORT_CUT;TOO_SHORT_CUT;44;754;;;;-1;-1;-1;-1
EXP1;Control-8;26;16;84;8;12;TOO_SHORT_CUT;TOO_SHORT_CUT;60;64;TOO_SHORT_CUT;TOO_SHORT_CUT;487;632;;;;64;78;466;595
EXP1;Control-8;27;6;71;9;13;NEAR_BORDER;NEAR_BORDER;50;54;NEAR_BORDER;NEAR_BORDER;13;291;;;;-1;-1;-1;-1
EXP1;Control-8;28;25;65,63;6;11;MORE_THAN_TWO_DAUGHTER_TRACKS;MORE_THAN_TWO_DAUGHTER_TRACKS;42;47;MORE_THAN_TWO_DAUGHTER_TRACKS;MORE_THAN_TWO_DAUGHTER_TRACKS;805;1068;;;;-1;-1;-1;-1
EXP1;Control-8;29;24;64;8;11;NO_CUT_DETECTED;NO_CUT_DETECTED;46;49;NO_CUT_DETECTED;NO_CUT_DETECTED;971;823;;;;-1;-1;-1;-1
EXP1;Control-8;2;138;270;11;13;TOO_SHORT_CUT;TOO_SHORT_CUT;232;234;TOO_SHORT_CUT;TOO_SHORT_CUT;1145;566;;;;234;244;1174;592
EXP1;Control-8;30;27;53;9;12;24;26;34;37;49;51;1340;728;120;140;;-1;-1;-1;-1
EXP1;Control-8;3;87;264;9;14;NEAR_BORDER;NEAR_BORDER;229;234;NEAR_BORDER;NEAR_BORDER;57;43;;;;232;240;34;22
EXP1;Control-8;4;16;240;9;13;TOO_SHORT_CUT;TOO_SHORT_CUT;215;219;TOO_SHORT_CUT;TOO_SHORT_CUT;561;561;;;;218;229;528;616
EXP1;Control-8;5;23;209;9;12;21;26;188;191;200;205;93;720;90;140;;191;207;90;712
EXP1;Control-8;6;20;208;7;12;22;27;186;191;201;206;1414;615;100;150;;191;201;1376;576
EXP1;Control-8;7;183;202;10;10;NEAR_BORDER;NEAR_BORDER;184;184;NEAR_BORDER;NEAR_BORDER;1483;908;;;;-1;-1;-1;-1
EXP1;Control-8;8;159;185;8;12;22;26;161;165;175;179;551;932;100;140;;165;175;574;882
EXP1;Control-8;9;169;183;10;11;NO_CUT_DETECTED;NO_CUT_DETECTED;161;162;NO_CUT_DETECTED;NO_CUT_DETECTED;1509;848;;;;161;175;1506;868
EXP1;Control-9;0;263;288;8;11;NEAR_BORDER;NEAR_BORDER;240;243;NEAR_BORDER;NEAR_BORDER;339;870;;;;-1;-1;-1;-1
EXP1;Control-9;10;75;207;8;12;NO_CUT_DETECTED;NO_CUT_DETECTED;175;179;NO_CUT_DETECTED;NO_CUT_DETECTED;138;856;;;;-1;-1;-1;-1
EXP1;Control-9;11;98;206,204;7;12;MORE_THAN_TWO_DAUGHTER_TRACKS;MORE_THAN_TWO_DAUGHTER_TRACKS;173;178;MORE_THAN_TWO_DAUGHTER_TRACKS;MORE_THAN_TWO_DAUGHTER_TRACKS;126;518;;;;-1;-1;-1;-1
EXP1;Control-9;12;16;186;6;12;34;35;149;155;177;178;664;641;220;230;;154;178;674;630
EXP1;Control-9;13;132;181;10;12;NO_MID_BODY_DETECTED;NO_MID_BODY_DETECTED;143;145;NO_MID_BODY_DETECTED;NO_MID_BODY_DETECTED;-1;-1;;;;-1;-1;-1;-1
EXP1;Control-9;14;5;179;10;17;TOO_SHORT_CUT;TOO_SHORT_CUT;138;145;TOO_SHORT_CUT;TOO_SHORT_CUT;591;317;;;;-1;-1;-1;-1
EXP1;Control-9;15;68;164;10;12;NEAR_BORDER;NEAR_BORDER;126;128;NEAR_BORDER;NEAR_BORDER;1097;0;;;;128;141;1096;0
EXP1;Control-9;16;10;152;7;11;25;27;115;119;133;135;495;370;140;160;;119;133;548;276
EXP1;Control-9;17;19;141;9;11;TOO_SHORT_CUT;TOO_SHORT_CUT;108;110;TOO_SHORT_CUT;TOO_SHORT_CUT;1191;792;;;;110;118;1114;756
EXP1;Control-9;18;23;138;9;11;28;29;103;105;122;123;448;711;170;180;;-1;-1;-1;-1
EXP1;Control-9;19;27;131;9;13;29;30;95;99;115;116;1182;958;160;170;;98;115;1206;1006
EXP1;Control-9;1;243;286,284,282;7;7;MORE_THAN_TWO_DAUGHTER_TRACKS;MORE_THAN_TWO_DAUGHTER_TRACKS;239;239;MORE_THAN_TWO_DAUGHTER_TRACKS;MORE_THAN_TWO_DAUGHTER_TRACKS;44;432;;;;-1;-1;-1;-1
EXP1;Control-9;20;17;130;9;12;28;30;96;99;115;117;449;734;160;180;;99;115;421;666
EXP1;Control-9;21;54;129;9;11;NEAR_BORDER;NEAR_BORDER;96;98;NEAR_BORDER;NEAR_BORDER;530;1031;;;;98;115;558;950
EXP1;Control-9;22;120;122;4;5;TOO_SHORT_CUT;TOO_SHORT_CUT;91;92;TOO_SHORT_CUT;TOO_SHORT_CUT;1500;845;;;;92;105;1494;836
EXP1;Control-9;23;12;107;9;13;TOO_SHORT_CUT;TOO_SHORT_CUT;73;77;TOO_SHORT_CUT;TOO_SHORT_CUT;1405;404;;;;76;86;1364;408
EXP1;Control-9;24;1;49,43;6;10;MORE_THAN_TWO_DAUGHTER_TRACKS;MORE_THAN_TWO_DAUGHTER_TRACKS;6;10;MORE_THAN_TWO_DAUGHTER_TRACKS;MORE_THAN_TWO_DAUGHTER_TRACKS;106;102;;;;9;21;138;100
EXP1;Control-9;25;11;38;1;4;16;16;1;4;16;16;929;403;120;120;;-1;-1;-1;-1
EXP1;Control-9;2;151;275,271;11;11;MORE_THAN_TWO_DAUGHTER_TRACKS;MORE_THAN_TWO_DAUGHTER_TRACKS;231;231;MORE_THAN_TWO_DAUGHTER_TRACKS;MORE_THAN_TWO_DAUGHTER_TRACKS;-1;-1;;;;-1;-1;-1;-1
EXP1;Control-9;3;134;269;9;12;TOO_SHORT_CUT;TOO_SHORT_CUT;228;231;TOO_SHORT_CUT;TOO_SHORT_CUT;189;402;;;;-1;-1;-1;-1
EXP1;Control-9;4;27;261;10;13;TOO_SHORT_CUT;TOO_SHORT_CUT;221;224;TOO_SHORT_CUT;TOO_SHORT_CUT;1398;946;;;;223;232;1410;994
EXP1;Control-9;5;19;256;10;12;TOO_SHORT_CUT;TOO_SHORT_CUT;220;222;TOO_SHORT_CUT;TOO_SHORT_CUT;1284;743;;;;222;229;1253;748
EXP1;Control-9;6;141;250;5;12;TOO_SHORT_CUT;TOO_SHORT_CUT;212;219;TOO_SHORT_CUT;TOO_SHORT_CUT;1186;798;;;;218;227;1174;804
EXP1;Control-9;7;17;244;10;12;TOO_SHORT_CUT;TOO_SHORT_CUT;213;215;TOO_SHORT_CUT;TOO_SHORT_CUT;736;810;;;;215;225;693;779
EXP1;Control-9;8;130;239;10;12;21;22;211;213;222;223;280;716;90;100;;213;222;316;640
EXP1;Control-9;9;107;220;9;12;TOO_SHORT_CUT;TOO_SHORT_CUT;191;194;TOO_SHORT_CUT;TOO_SHORT_CUT;1394;534;;;;194;202;1422;498
EXP1;CEP55-10;0;227;322;7;8;TOO_SHORT_CUT;TOO_SHORT_CUT;242;243;TOO_SHORT_CUT;TOO_SHORT_CUT;217;847;;;;-1;-1;-1;-1
EXP1;CEP55-10;10;92;150;5;11;TOO_SHORT_CUT;TOO_SHORT_CUT;115;121;TOO_SHORT_CUT;TOO_SHORT_CUT;1482;135;;;;-1;-1;-1;-1
EXP1;CEP55-10;11;131;141;2;10;NO_MID_BODY_DETECTED;NO_MID_BODY_DETECTED;105;113;NO_MID_BODY_DETECTED;NO_MID_BODY_DETECTED;-1;-1;;;;-1;-1;-1;-1
EXP1;CEP55-10;12;8;124,12;9;11;MORE_THAN_TWO_DAUGHTER_TRACKS;MORE_THAN_TWO_DAUGHTER_TRACKS;91;93;MORE_THAN_TWO_DAUGHTER_TRACKS;MORE_THAN_TWO_DAUGHTER_TRACKS;846;261;;;;-1;-1;-1;-1
EXP1;CEP55-10;13;12;71;6;11;TOO_SHORT_CUT;TOO_SHORT_CUT;41;46;TOO_SHORT_CUT;TOO_SHORT_CUT;961;547;;;;46;102;899;519
EXP1;CEP55-10;14;14;58,57,54,51;8;11;MORE_THAN_TWO_DAUGHTER_TRACKS;MORE_THAN_TWO_DAUGHTER_TRACKS;31;34;MORE_THAN_TWO_DAUGHTER_TRACKS;MORE_THAN_TWO_DAUGHTER_TRACKS;1127;632;;;;-1;-1;-1;-1
EXP1;CEP55-10;15;34;42;0;3;TOO_SHORT_CUT;TOO_SHORT_CUT;23;26;TOO_SHORT_CUT;TOO_SHORT_CUT;304;741;;;;-1;-1;-1;-1
EXP1;CEP55-10;16;10;38,35;5;11;MORE_THAN_TWO_DAUGHTER_TRACKS;MORE_THAN_TWO_DAUGHTER_TRACKS;16;22;MORE_THAN_TWO_DAUGHTER_TRACKS;MORE_THAN_TWO_DAUGHTER_TRACKS;478;276;;;;-1;-1;-1;-1
EXP1;CEP55-10;17;20;25;3;8;TOO_SHORT_CUT;TOO_SHORT_CUT;3;8;TOO_SHORT_CUT;TOO_SHORT_CUT;1019;1023;;;;-1;-1;-1;-1
EXP1;CEP55-10;1;261;279,274;2;3;MORE_THAN_TWO_DAUGHTER_TRACKS;MORE_THAN_TWO_DAUGHTER_TRACKS;214;215;MORE_THAN_TWO_DAUGHTER_TRACKS;MORE_THAN_TWO_DAUGHTER_TRACKS;1354;361;;;;-1;-1;-1;-1
EXP1;CEP55-10;2;18;257;2;11;18;20;197;206;213;215;1271;959;70;90;;-1;-1;-1;-1
EXP1;CEP55-10;3;122;247,241;7;12;MORE_THAN_TWO_DAUGHTER_TRACKS;MORE_THAN_TWO_DAUGHTER_TRACKS;191;196;MORE_THAN_TWO_DAUGHTER_TRACKS;MORE_THAN_TWO_DAUGHTER_TRACKS;500;589;;;;-1;-1;-1;-1
EXP1;CEP55-10;4;210;230,228;-6;11;MORE_THAN_TWO_DAUGHTER_TRACKS;MORE_THAN_TWO_DAUGHTER_TRACKS;166;183;MORE_THAN_TWO_DAUGHTER_TRACKS;MORE_THAN_TWO_DAUGHTER_TRACKS;-1;-1;;;;-1;-1;-1;-1
EXP1;CEP55-10;5;150;226;5;20;NO_MID_BODY_DETECTED;NO_MID_BODY_DETECTED;162;177;NO_MID_BODY_DETECTED;NO_MID_BODY_DETECTED;-1;-1;;;;-1;-1;-1;-1
EXP1;CEP55-10;6;42;219;2;10;TOO_SHORT_CUT;TOO_SHORT_CUT;164;172;TOO_SHORT_CUT;TOO_SHORT_CUT;187;868;;;;-1;-1;-1;-1
EXP1;CEP55-10;7;35;209;3;10;NO_MID_BODY_DETECTED;NO_MID_BODY_DETECTED;155;162;NO_MID_BODY_DETECTED;NO_MID_BODY_DETECTED;-1;-1;;;;-1;-1;-1;-1
EXP1;CEP55-10;8;42;160;5;11;40;51;122;128;157;168;257;652;290;400;;128;158;314;639
EXP1;CEP55-10;9;74;152,148;4;13;MORE_THAN_TWO_DAUGHTER_TRACKS;MORE_THAN_TWO_DAUGHTER_TRACKS;111;120;MORE_THAN_TWO_DAUGHTER_TRACKS;MORE_THAN_TWO_DAUGHTER_TRACKS;1251;361;;;;-1;-1;-1;-1
EXP1;CEP55-11;0;202;216;5;15;TOO_SHORT_CUT;TOO_SHORT_CUT;231;241;TOO_SHORT_CUT;TOO_SHORT_CUT;510;1033;;;;-1;-1;-1;-1
EXP1;CEP55-11;10;10;104;4;11;NO_CUT_DETECTED;NO_CUT_DETECTED;127;134;NO_CUT_DETECTED;NO_CUT_DETECTED;42;689;;;;-1;-1;-1;-1
EXP1;CEP55-11;11;58;64,62,60;5;6;MORE_THAN_TWO_DAUGHTER_TRACKS;MORE_THAN_TWO_DAUGHTER_TRACKS;66;67;MORE_THAN_TWO_DAUGHTER_TRACKS;MORE_THAN_TWO_DAUGHTER_TRACKS;480;1009;;;;-1;-1;-1;-1
EXP1;CEP55-11;12;20;58;-6;9;NO_MID_BODY_DETECTED;NO_MID_BODY_DETECTED;47;62;NO_MID_BODY_DETECTED;NO_MID_BODY_DETECTED;-1;-1;;;;-1;-1;-1;-1
EXP1;CEP55-11;13;31;55,52;6;13;MORE_THAN_TWO_DAUGHTER_TRACKS;MORE_THAN_TWO_DAUGHTER_TRACKS;46;53;MORE_THAN_TWO_DAUGHTER_TRACKS;MORE_THAN_TWO_DAUGHTER_TRACKS;633;777;;;;-1;-1;-1;-1
EXP1;CEP55-11;14;0;54;5;9;22;76;52;56;69;123;1530;114;130;670;;57;142;1520;154
EXP1;CEP55-11;15;2;17;1;5;NO_CUT_DETECTED;NO_CUT_DETECTED;1;5;NO_CUT_DETECTED;NO_CUT_DETECTED;813;249;;;;-1;-1;-1;-1
EXP1;CEP55-11;1;190;215;7;16;NO_CUT_DETECTED;NO_CUT_DETECTED;229;238;NO_CUT_DETECTED;NO_CUT_DETECTED;407;993;;;;-1;-1;-1;-1
EXP1;CEP55-11;2;153;202;-11;6;NO_MID_BODY_DETECTED;NO_MID_BODY_DETECTED;210;227;NO_MID_BODY_DETECTED;NO_MID_BODY_DETECTED;-1;-1;;;;-1;-1;-1;-1
EXP1;CEP55-11;3;118;158;-1;20;NO_MID_BODY_DETECTED;NO_MID_BODY_DETECTED;176;197;NO_MID_BODY_DETECTED;NO_MID_BODY_DETECTED;-1;-1;;;;-1;-1;-1;-1
EXP1;CEP55-11;4;54;154;0;8;16;23;184;192;200;207;1524;158;80;150;;-1;-1;-1;-1
EXP1;CEP55-11;5;13;141;2;13;TOO_SHORT_CUT;TOO_SHORT_CUT;169;180;TOO_SHORT_CUT;TOO_SHORT_CUT;1481;517;;;;-1;-1;-1;-1
EXP1;CEP55-11;6;88;131,125;6;13;MORE_THAN_TWO_DAUGHTER_TRACKS;MORE_THAN_TWO_DAUGHTER_TRACKS;160;167;MORE_THAN_TWO_DAUGHTER_TRACKS;MORE_THAN_TWO_DAUGHTER_TRACKS;-1;-1;;;;-1;-1;-1;-1
EXP1;CEP55-11;7;3;114,105;2;8;MORE_THAN_TWO_DAUGHTER_TRACKS;MORE_THAN_TWO_DAUGHTER_TRACKS;129;135;MORE_THAN_TWO_DAUGHTER_TRACKS;MORE_THAN_TWO_DAUGHTER_TRACKS;1117;277;;;;-1;-1;-1;-1
EXP1;CEP55-11;8;30;112;8;11;TOO_SHORT_CUT;TOO_SHORT_CUT;139;142;TOO_SHORT_CUT;TOO_SHORT_CUT;532;377;;;;-1;-1;-1;-1
EXP1;CEP55-11;9;88;106,101,100;9;9;MORE_THAN_TWO_DAUGHTER_TRACKS;MORE_THAN_TWO_DAUGHTER_TRACKS;129;129;MORE_THAN_TWO_DAUGHTER_TRACKS;MORE_THAN_TWO_DAUGHTER_TRACKS;651;237;;;;-1;-1;-1;-1
EXP1;CEP55-1;0;106;233;8;11;TOO_SHORT_CUT;TOO_SHORT_CUT;224;227;TOO_SHORT_CUT;TOO_SHORT_CUT;154;193;;;;228;252;208;229
EXP1;CEP55-1;10;10;174;8;12;49;64;172;176;213;228;1290;641;370;520;;176;213;1334;685
EXP1;CEP55-1;11;71;173;9;12;NO_CUT_DETECTED;NO_CUT_DETECTED;172;175;NO_CUT_DETECTED;NO_CUT_DETECTED;1227;849;;;;175;219;1326;866
EXP1;CEP55-1;12;11;169;9;12;46;46;167;170;204;204;817;579;340;340;;170;210;818;578
EXP1;CEP55-1;13;14;168;6;11;NO_CUT_DETECTED;NO_CUT_DETECTED;164;169;NO_CUT_DETECTED;NO_CUT_DETECTED;694;1016;;;;169;213;641;996
EXP1;CEP55-1;14;57;167;5;11;33;40;163;169;191;198;854;792;220;290;;170;211;854;785
EXP1;CEP55-1;15;58;166;7;11;69;72;162;166;224;227;672;973;580;610;;-1;-1;-1;-1
EXP1;CEP55-1;16;9;118;9;12;50;56;107;110;148;154;1300;377;380;440;;110;162;1234;438
EXP1;CEP55-1;17;20;82;8;12;TOO_SHORT_CUT;TOO_SHORT_CUT;75;79;TOO_SHORT_CUT;TOO_SHORT_CUT;892;955;;;;-1;-1;-1;-1
EXP1;CEP55-1;18;30;78;2;11;26;27;67;76;91;92;254;820;150;160;;77;128;278;772
EXP1;CEP55-1;19;17;76,72;7;7;MORE_THAN_TWO_DAUGHTER_TRACKS;MORE_THAN_TWO_DAUGHTER_TRACKS;70;70;MORE_THAN_TWO_DAUGHTER_TRACKS;MORE_THAN_TWO_DAUGHTER_TRACKS;1335;865;;;;69;136;1354;844
EXP1;CEP55-1;1;194;232;-11;5;NO_MID_BODY_DETECTED;NO_MID_BODY_DETECTED;211;227;NO_MID_BODY_DETECTED;NO_MID_BODY_DETECTED;-1;-1;;;;-1;-1;-1;-1
EXP1;CEP55-1;20;52;66;11;14;NO_MID_BODY_DETECTED;NO_MID_BODY_DETECTED;62;65;NO_MID_BODY_DETECTED;NO_MID_BODY_DETECTED;-1;-1;;;;-1;-1;-1;-1
EXP1;CEP55-1;21;14;58;5;11;66;73;48;54;109;116;633;774;550;620;;-1;-1;-1;-1
EXP1;CEP55-1;22;11;57;5;11;82;83;47;53;124;125;806;708;710;720;;53;125;826;722
EXP1;CEP55-1;23;52;56;2;7;NEAR_BORDER;NEAR_BORDER;47;52;NEAR_BORDER;NEAR_BORDER;86;1025;;;;-1;-1;-1;-1
EXP1;CEP55-1;2;200;225;2;13;TOO_SHORT_CUT;TOO_SHORT_CUT;211;222;TOO_SHORT_CUT;TOO_SHORT_CUT;39;450;;;;-1;-1;-1;-1
EXP1;CEP55-1;3;109;210;10;13;NO_MID_BODY_DETECTED;NO_MID_BODY_DETECTED;208;211;NO_MID_BODY_DETECTED;NO_MID_BODY_DETECTED;-1;-1;;;;-1;-1;-1;-1
EXP1;CEP55-1;4;13;209;9;12;19;26;208;211;218;225;1189;836;70;140;;-1;-1;-1;-1
EXP1;CEP55-1;5;30;196,191;0;11;MORE_THAN_TWO_DAUGHTER_TRACKS;MORE_THAN_TWO_DAUGHTER_TRACKS;182;193;MORE_THAN_TWO_DAUGHTER_TRACKS;MORE_THAN_TWO_DAUGHTER_TRACKS;182;838;;;;194;222;181;824
EXP1;CEP55-1;6;17;193;8;11;48;51;191;194;231;234;1210;871;370;400;;194;234;1186;831
EXP1;CEP55-1;7;78;186,185;9;12;MORE_THAN_TWO_DAUGHTER_TRACKS;MORE_THAN_TWO_DAUGHTER_TRACKS;185;188;MORE_THAN_TWO_DAUGHTER_TRACKS;MORE_THAN_TWO_DAUGHTER_TRACKS;434;627;;;;-1;-1;-1;-1
EXP1;CEP55-1;8;72;182,177;4;11;MORE_THAN_TWO_DAUGHTER_TRACKS;MORE_THAN_TWO_DAUGHTER_TRACKS;173;180;MORE_THAN_TWO_DAUGHTER_TRACKS;MORE_THAN_TWO_DAUGHTER_TRACKS;1561;700;;;;-1;-1;-1;-1
EXP1;CEP55-1;9;20;178;8;12;27;28;178;182;197;198;892;1063;150;160;;182;220;918;1047
EXP1;CEP55-2;0;250;275;4;17;NO_MID_BODY_DETECTED;NO_MID_BODY_DETECTED;229;242;NO_MID_BODY_DETECTED;NO_MID_BODY_DETECTED;-1;-1;;;;-1;-1;-1;-1
EXP1;CEP55-2;10;14;192,186,184;11;13;MORE_THAN_TWO_DAUGHTER_TRACKS;MORE_THAN_TWO_DAUGHTER_TRACKS;180;182;MORE_THAN_TWO_DAUGHTER_TRACKS;MORE_THAN_TWO_DAUGHTER_TRACKS;1085;907;;;;-1;-1;-1;-1
EXP1;CEP55-2;11;51;181,175,174;-2;8;MORE_THAN_TWO_DAUGHTER_TRACKS;MORE_THAN_TWO_DAUGHTER_TRACKS;169;179;MORE_THAN_TWO_DAUGHTER_TRACKS;MORE_THAN_TWO_DAUGHTER_TRACKS;1017;431;;;;-1;-1;-1;-1
EXP1;CEP55-2;12;107;171;7;16;TOO_SHORT_CUT;TOO_SHORT_CUT;168;177;TOO_SHORT_CUT;TOO_SHORT_CUT;233;969;;;;-1;-1;-1;-1
EXP1;CEP55-2;13;60;160;11;19;NO_CUT_DETECTED;NO_CUT_DETECTED;159;167;NO_CUT_DETECTED;NO_CUT_DETECTED;529;589;;;;-1;-1;-1;-1
EXP1;CEP55-2;14;114;152,148;7;11;MORE_THAN_TWO_DAUGHTER_TRACKS;MORE_THAN_TWO_DAUGHTER_TRACKS;154;158;MORE_THAN_TWO_DAUGHTER_TRACKS;MORE_THAN_TWO_DAUGHTER_TRACKS;-1;-1;;;;-1;-1;-1;-1
EXP1;CEP55-2;15;130;138;3;10;NO_MID_BODY_DETECTED;NO_MID_BODY_DETECTED;143;150;NO_MID_BODY_DETECTED;NO_MID_BODY_DETECTED;-1;-1;;;;-1;-1;-1;-1
EXP1;CEP55-2;16;28;113;5;16;TOO_SHORT_CUT;TOO_SHORT_CUT;102;113;TOO_SHORT_CUT;TOO_SHORT_CUT;1439;976;;;;-1;-1;-1;-1
EXP1;CEP55-2;17;80;110;7;16;NEAR_BORDER;NEAR_BORDER;98;107;NEAR_BORDER;NEAR_BORDER;1531;226;;;;-1;-1;-1;-1
EXP1;CEP55-2;18;11;91;4;11;29;34;75;82;100;105;845;876;180;230;;83;156;848;876
EXP1;CEP55-2;19;56;89,83;4;9;MORE_THAN_TWO_DAUGHTER_TRACKS;MORE_THAN_TWO_DAUGHTER_TRACKS;74;79;MORE_THAN_TWO_DAUGHTER_TRACKS;MORE_THAN_TWO_DAUGHTER_TRACKS;1391;44;;;;-1;-1;-1;-1
EXP1;CEP55-2;1;91;246,242;4;11;MORE_THAN_TWO_DAUGHTER_TRACKS;MORE_THAN_TWO_DAUGHTER_TRACKS;213;220;MORE_THAN_TWO_DAUGHTER_TRACKS;MORE_THAN_TWO_DAUGHTER_TRACKS;831;740;;;;220;242;830;740
EXP1;CEP55-2;20;42;87;6;11;21;22;76;81;91;92;552;1025;100;110;;81;92;550;1023
EXP1;CEP55-2;21;0;78;8;11;22;NO_CUT_DETECTED;69;72;83;NO_CUT_DETECTED;123;84;110;;;73;118;123;84
EXP1;CEP55-2;22;1;67;4;14;NEAR_BORDER;NEAR_BORDER;49;59;NEAR_BORDER;NEAR_BORDER;565;0;;;;-1;-1;-1;-1
EXP1;CEP55-2;23;14;65,63;8;11;MORE_THAN_TWO_DAUGHTER_TRACKS;MORE_THAN_TWO_DAUGHTER_TRACKS;48;51;MORE_THAN_TWO_DAUGHTER_TRACKS;MORE_THAN_TWO_DAUGHTER_TRACKS;1207;844;;;;-1;-1;-1;-1
EXP1;CEP55-2;24;4;60;0;12;TOO_SHORT_CUT;TOO_SHORT_CUT;35;47;TOO_SHORT_CUT;TOO_SHORT_CUT;746;212;;;;-1;-1;-1;-1
EXP1;CEP55-2;25;5;52,51;8;11;MORE_THAN_TWO_DAUGHTER_TRACKS;MORE_THAN_TWO_DAUGHTER_TRACKS;36;39;MORE_THAN_TWO_DAUGHTER_TRACKS;MORE_THAN_TWO_DAUGHTER_TRACKS;1010;457;;;;-1;-1;-1;-1
EXP1;CEP55-2;2;201;244,24;6;10;MORE_THAN_TWO_DAUGHTER_TRACKS;MORE_THAN_TWO_DAUGHTER_TRACKS;216;220;MORE_THAN_TWO_DAUGHTER_TRACKS;MORE_THAN_TWO_DAUGHTER_TRACKS;828;469;;;;-1;-1;-1;-1
EXP1;CEP55-2;3;206;235;2;2;NO_MID_BODY_DETECTED;NO_MID_BODY_DETECTED;212;212;NO_MID_BODY_DETECTED;NO_MID_BODY_DETECTED;-1;-1;;;;-1;-1;-1;-1
EXP1;CEP55-2;4;11;233;4;10;NEAR_BORDER;NEAR_BORDER;205;211;NEAR_BORDER;NEAR_BORDER;1016;1092;;;;-1;-1;-1;-1
EXP1;CEP55-2;5;6;231;5;13;NO_MID_BODY_DETECTED;NO_MID_BODY_DETECTED;203;211;NO_MID_BODY_DETECTED;NO_MID_BODY_DETECTED;-1;-1;;;;-1;-1;-1;-1
EXP1;CEP55-2;6;92;211;8;12;TOO_SHORT_CUT;TOO_SHORT_CUT;192;196;TOO_SHORT_CUT;TOO_SHORT_CUT;93;50;;;;-1;-1;-1;-1
EXP1;CEP55-2;7;42;203,189;-7;4;MORE_THAN_TWO_DAUGHTER_TRACKS;MORE_THAN_TWO_DAUGHTER_TRACKS;172;183;MORE_THAN_TWO_DAUGHTER_TRACKS;MORE_THAN_TWO_DAUGHTER_TRACKS;536;911;;;;-1;-1;-1;-1
EXP1;CEP55-2;8;6;200;-179;10;TOO_SHORT_CUT;TOO_SHORT_CUT;1;190;TOO_SHORT_CUT;TOO_SHORT_CUT;729;294;;;;-1;-1;-1;-1
EXP1;CEP55-2;9;112;197;10;13;TOO_SHORT_CUT;TOO_SHORT_CUT;186;189;TOO_SHORT_CUT;TOO_SHORT_CUT;0;220;;;;-1;-1;-1;-1
EXP1;CEP55-3;0;191;316;7;12;TOO_SHORT_CUT;TOO_SHORT_CUT;235;240;TOO_SHORT_CUT;TOO_SHORT_CUT;251;951;;;;-1;-1;-1;-1
EXP1;CEP55-3;10;32;266;-4;10;TOO_SHORT_CUT;TOO_SHORT_CUT;203;217;TOO_SHORT_CUT;TOO_SHORT_CUT;1192;264;;;;-1;-1;-1;-1
EXP1;CEP55-3;11;109;257;-9;8;TOO_SHORT_CUT;TOO_SHORT_CUT;194;211;TOO_SHORT_CUT;TOO_SHORT_CUT;729;603;;;;-1;-1;-1;-1
EXP1;CEP55-3;12;12;247;0;9;TOO_SHORT_CUT;TOO_SHORT_CUT;197;206;TOO_SHORT_CUT;TOO_SHORT_CUT;1174;291;;;;-1;-1;-1;-1
EXP1;CEP55-3;13;16;241,237,234;9;12;MORE_THAN_TWO_DAUGHTER_TRACKS;MORE_THAN_TWO_DAUGHTER_TRACKS;192;195;MORE_THAN_TWO_DAUGHTER_TRACKS;MORE_THAN_TWO_DAUGHTER_TRACKS;1438;366;;;;-1;-1;-1;-1
EXP1;CEP55-3;14;177;239;-23;10;NO_MID_BODY_DETECTED;NO_MID_BODY_DETECTED;163;196;NO_MID_BODY_DETECTED;NO_MID_BODY_DETECTED;-1;-1;;;;-1;-1;-1;-1
EXP1;CEP55-3;15;19;225;2;13;TOO_SHORT_CUT;TOO_SHORT_CUT;178;189;TOO_SHORT_CUT;TOO_SHORT_CUT;1154;907;;;;-1;-1;-1;-1
EXP1;CEP55-3;16;60;197;8;13;NEAR_BORDER;NEAR_BORDER;160;165;NEAR_BORDER;NEAR_BORDER;1598;785;;;;-1;-1;-1;-1
EXP1;CEP55-3;17;33;195;4;7;NO_CUT_DETECTED;NO_CUT_DETECTED;160;163;NO_CUT_DETECTED;NO_CUT_DETECTED;1410;632;;;;163;185;1524;624
EXP1;CEP55-3;18;14;190,189;-4;11;MORE_THAN_TWO_DAUGHTER_TRACKS;MORE_THAN_TWO_DAUGHTER_TRACKS;147;162;MORE_THAN_TWO_DAUGHTER_TRACKS;MORE_THAN_TWO_DAUGHTER_TRACKS;252;352;;;;-1;-1;-1;-1
EXP1;CEP55-3;19;23;183;10;13;TOO_SHORT_CUT;TOO_SHORT_CUT;155;158;TOO_SHORT_CUT;TOO_SHORT_CUT;97;741;;;;-1;-1;-1;-1
EXP1;CEP55-3;1;267;308;8;20;TOO_SHORT_CUT;TOO_SHORT_CUT;224;236;TOO_SHORT_CUT;TOO_SHORT_CUT;1095;470;;;;-1;-1;-1;-1
EXP1;CEP55-3;20;26;177;2;15;NO_MID_BODY_DETECTED;NO_MID_BODY_DETECTED;139;152;NO_MID_BODY_DETECTED;NO_MID_BODY_DETECTED;-1;-1;;;;-1;-1;-1;-1
EXP1;CEP55-3;21;42;172;9;12;25;50;145;148;161;186;787;315;130;380;;148;181;786;317
EXP1;CEP55-3;22;8;144;7;11;84;105;112;116;189;210;565;411;730;940;;116;214;574;404
EXP1;CEP55-3;23;6;135,125;7;11;MORE_THAN_TWO_DAUGHTER_TRACKS;MORE_THAN_TWO_DAUGHTER_TRACKS;94;98;MORE_THAN_TWO_DAUGHTER_TRACKS;MORE_THAN_TWO_DAUGHTER_TRACKS;402;235;;;;-1;-1;-1;-1
EXP1;CEP55-3;24;10;134;9;13;49;58;101;105;141;150;571;264;360;450;;106;174;572;264
EXP1;CEP55-3;25;7;133;4;10;21;22;99;105;116;117;919;194;110;120;;105;136;949;143
EXP1;CEP55-3;26;19;124,123;5;12;MORE_THAN_TWO_DAUGHTER_TRACKS;MORE_THAN_TWO_DAUGHTER_TRACKS;88;95;MORE_THAN_TWO_DAUGHTER_TRACKS;MORE_THAN_TWO_DAUGHTER_TRACKS;1192;951;;;;-1;-1;-1;-1
EXP1;CEP55-3;27;12;116;6;11;29;42;87;92;110;123;1263;298;180;310;;91;139;1261;298
EXP1;CEP55-3;28;17;113;6;11;27;34;83;88;104;111;1322;512;160;230;;-1;-1;-1;-1
EXP1;CEP55-3;29;18;112,111;7;11;MORE_THAN_TWO_DAUGHTER_TRACKS;MORE_THAN_TWO_DAUGHTER_TRACKS;83;87;MORE_THAN_TWO_DAUGHTER_TRACKS;MORE_THAN_TWO_DAUGHTER_TRACKS;699;886;;;;-1;-1;-1;-1
EXP1;CEP55-3;2;125;304;9;13;TOO_SHORT_CUT;TOO_SHORT_CUT;231;235;TOO_SHORT_CUT;TOO_SHORT_CUT;244;89;;;;-1;-1;-1;-1
EXP1;CEP55-3;30;16;93;8;12;TOO_SHORT_CUT;TOO_SHORT_CUT;69;73;TOO_SHORT_CUT;TOO_SHORT_CUT;1301;316;;;;-1;-1;-1;-1
EXP1;CEP55-3;31;11;78;8;11;39;42;61;64;92;95;498;321;280;310;;65;100;460;426
EXP1;CEP55-3;32;27;68,61;9;13;MORE_THAN_TWO_DAUGHTER_TRACKS;MORE_THAN_TWO_DAUGHTER_TRACKS;35;39;MORE_THAN_TWO_DAUGHTER_TRACKS;MORE_THAN_TWO_DAUGHTER_TRACKS;1152;1007;;;;-1;-1;-1;-1
EXP1;CEP55-3;33;43;57;10;12;37;41;32;34;59;63;976;805;250;290;;35;252;984;741
EXP1;CEP55-3;34;3;42;8;11;77;80;14;17;83;86;809;246;660;690;;-1;-1;-1;-1
EXP1;CEP55-3;3;257;301;2;20;TOO_SHORT_CUT;TOO_SHORT_CUT;216;234;TOO_SHORT_CUT;TOO_SHORT_CUT;799;537;;;;-1;-1;-1;-1
EXP1;CEP55-3;4;288;291;2;2;18;19;228;228;244;245;872;866;160;170;;-1;-1;-1;-1
EXP1;CEP55-3;5;111;288;5;10;NO_MID_BODY_DETECTED;NO_MID_BODY_DETECTED;222;227;NO_MID_BODY_DETECTED;NO_MID_BODY_DETECTED;-1;-1;;;;-1;-1;-1;-1
EXP1;CEP55-3;6;18;281;-3;10;28;29;211;224;242;243;602;792;180;190;;-1;-1;-1;-1
EXP1;CEP55-3;7;10;280;9;12;39;NO_CUT_DETECTED;221;224;251;NO_CUT_DETECTED;777;133;270;;;-1;-1;-1;-1
EXP1;CEP55-3;8;266;277,274;3;5;MORE_THAN_TWO_DAUGHTER_TRACKS;MORE_THAN_TWO_DAUGHTER_TRACKS;219;221;MORE_THAN_TWO_DAUGHTER_TRACKS;MORE_THAN_TWO_DAUGHTER_TRACKS;1292;177;;;;-1;-1;-1;-1
EXP1;CEP55-3;9;121;269;6;20;TOO_SHORT_CUT;TOO_SHORT_CUT;204;218;TOO_SHORT_CUT;TOO_SHORT_CUT;1350;269;;;;-1;-1;-1;-1
EXP1;CEP55-4;0;14;201,194;-13;7;MORE_THAN_TWO_DAUGHTER_TRACKS;MORE_THAN_TWO_DAUGHTER_TRACKS;218;238;MORE_THAN_TWO_DAUGHTER_TRACKS;MORE_THAN_TWO_DAUGHTER_TRACKS;1139;729;;;;-1;-1;-1;-1
EXP1;CEP55-4;10;10;23,21,20;1;4;MORE_THAN_TWO_DAUGHTER_TRACKS;MORE_THAN_TWO_DAUGHTER_TRACKS;1;4;MORE_THAN_TWO_DAUGHTER_TRACKS;MORE_THAN_TWO_DAUGHTER_TRACKS;409;502;;;;-1;-1;-1;-1
EXP1;CEP55-4;1;190;199,198;5;11;MORE_THAN_TWO_DAUGHTER_TRACKS;MORE_THAN_TWO_DAUGHTER_TRACKS;235;241;MORE_THAN_TWO_DAUGHTER_TRACKS;MORE_THAN_TWO_DAUGHTER_TRACKS;1325;938;;;;-1;-1;-1;-1
EXP1;CEP55-4;2;10;184;-21;12;TOO_SHORT_CUT;TOO_SHORT_CUT;192;225;TOO_SHORT_CUT;TOO_SHORT_CUT;250;794;;;;-1;-1;-1;-1
EXP1;CEP55-4;3;15;182;2;11;TOO_SHORT_CUT;TOO_SHORT_CUT;213;222;TOO_SHORT_CUT;TOO_SHORT_CUT;927;1006;;;;223;241;925;996
EXP1;CEP55-4;4;146;167;10;20;NO_MID_BODY_DETECTED;NO_MID_BODY_DETECTED;194;204;NO_MID_BODY_DETECTED;NO_MID_BODY_DETECTED;-1;-1;;;;-1;-1;-1;-1
EXP1;CEP55-4;5;51;152,151;3;10;MORE_THAN_TWO_DAUGHTER_TRACKS;MORE_THAN_TWO_DAUGHTER_TRACKS;169;176;MORE_THAN_TWO_DAUGHTER_TRACKS;MORE_THAN_TWO_DAUGHTER_TRACKS;1455;575;;;;-1;-1;-1;-1
EXP1;CEP55-4;6;97;143,141;-41;3;MORE_THAN_TWO_DAUGHTER_TRACKS;MORE_THAN_TWO_DAUGHTER_TRACKS;115;159;MORE_THAN_TWO_DAUGHTER_TRACKS;MORE_THAN_TWO_DAUGHTER_TRACKS;1534;81;;;;-1;-1;-1;-1
EXP1;CEP55-4;7;20;134,133;6;11;MORE_THAN_TWO_DAUGHTER_TRACKS;MORE_THAN_TWO_DAUGHTER_TRACKS;142;147;MORE_THAN_TWO_DAUGHTER_TRACKS;MORE_THAN_TWO_DAUGHTER_TRACKS;388;376;;;;-1;-1;-1;-1
EXP1;CEP55-4;8;78;95;3;13;TOO_SHORT_CUT;TOO_SHORT_CUT;91;101;TOO_SHORT_CUT;TOO_SHORT_CUT;1257;1042;;;;-1;-1;-1;-1
EXP1;CEP55-4;9;13;52,51;5;10;MORE_THAN_TWO_DAUGHTER_TRACKS;MORE_THAN_TWO_DAUGHTER_TRACKS;36;41;MORE_THAN_TWO_DAUGHTER_TRACKS;MORE_THAN_TWO_DAUGHTER_TRACKS;1571;803;;;;-1;-1;-1;-1
EXP1;CEP55-5;0;41;162;1;9;TOO_SHORT_CUT;TOO_SHORT_CUT;225;233;TOO_SHORT_CUT;TOO_SHORT_CUT;435;13;;;;-1;-1;-1;-1
EXP1;CEP55-5;10;12;100;8;11;33;35;141;144;166;168;648;585;220;240;;144;166;654;620
EXP1;CEP55-5;11;0;85;11;12;NO_MID_BODY_DETECTED;NO_MID_BODY_DETECTED;133;134;NO_MID_BODY_DETECTED;NO_MID_BODY_DETECTED;-1;-1;;;;-1;-1;-1;-1
EXP1;CEP55-5;12;6;82,80,78,76;6;13;MORE_THAN_TWO_DAUGHTER_TRACKS;MORE_THAN_TWO_DAUGHTER_TRACKS;120;127;MORE_THAN_TWO_DAUGHTER_TRACKS;MORE_THAN_TWO_DAUGHTER_TRACKS;835;159;;;;-1;-1;-1;-1
EXP1;CEP55-5;13;11;74;8;11;54;130;121;124;167;243;212;842;430;1190;;124;225;308;784
EXP1;CEP55-5;14;24;61;7;13;TOO_SHORT_CUT;TOO_SHORT_CUT;92;98;TOO_SHORT_CUT;TOO_SHORT_CUT;1343;476;;;;-1;-1;-1;-1
EXP1;CEP55-5;15;7;53,52;4;11;MORE_THAN_TWO_DAUGHTER_TRACKS;MORE_THAN_TWO_DAUGHTER_TRACKS;75;82;MORE_THAN_TWO_DAUGHTER_TRACKS;MORE_THAN_TWO_DAUGHTER_TRACKS;180;363;;;;-1;-1;-1;-1
EXP1;CEP55-5;16;9;46,45;8;13;MORE_THAN_TWO_DAUGHTER_TRACKS;MORE_THAN_TWO_DAUGHTER_TRACKS;67;72;MORE_THAN_TWO_DAUGHTER_TRACKS;MORE_THAN_TWO_DAUGHTER_TRACKS;1368;686;;;;-1;-1;-1;-1
EXP1;CEP55-5;17;3;44;0;11;25;28;61;72;86;89;572;123;140;170;;71;108;558;88
EXP1;CEP55-5;18;17;43;9;12;TOO_SHORT_CUT;TOO_SHORT_CUT;66;69;TOO_SHORT_CUT;TOO_SHORT_CUT;1545;1082;;;;-1;-1;-1;-1
EXP1;CEP55-5;19;1;41;6;10;16;21;64;68;74;79;431;86;60;110;;-1;-1;-1;-1
EXP1;CEP55-5;1;79;149;9;11;TOO_SHORT_CUT;TOO_SHORT_CUT;209;211;TOO_SHORT_CUT;TOO_SHORT_CUT;1529;859;;;;-1;-1;-1;-1
EXP1;CEP55-5;20;18;32;6;11;25;32;50;55;69;76;178;964;140;210;;55;76;168;956
EXP1;CEP55-5;21;15;30;6;15;TOO_SHORT_CUT;TOO_SHORT_CUT;44;53;TOO_SHORT_CUT;TOO_SHORT_CUT;725;954;;;;-1;-1;-1;-1
EXP1;CEP55-5;2;51;142;-2;14;TOO_SHORT_CUT;TOO_SHORT_CUT;189;205;TOO_SHORT_CUT;TOO_SHORT_CUT;1472;1067;;;;-1;-1;-1;-1
EXP1;CEP55-5;3;0;134;11;14;NO_MID_BODY_DETECTED;NO_MID_BODY_DETECTED;193;196;NO_MID_BODY_DETECTED;NO_MID_BODY_DETECTED;-1;-1;;;;-1;-1;-1;-1
EXP1;CEP55-5;4;46;129;8;12;NO_CUT_DETECTED;NO_CUT_DETECTED;190;194;NO_CUT_DETECTED;NO_CUT_DETECTED;1296;940;;;;-1;-1;-1;-1
EXP1;CEP55-5;5;1;128,124;8;12;MORE_THAN_TWO_DAUGHTER_TRACKS;MORE_THAN_TWO_DAUGHTER_TRACKS;187;191;MORE_THAN_TWO_DAUGHTER_TRACKS;MORE_THAN_TWO_DAUGHTER_TRACKS;494;265;;;;-1;-1;-1;-1
EXP1;CEP55-5;6;7;120;5;11;TOO_SHORT_CUT;TOO_SHORT_CUT;182;188;TOO_SHORT_CUT;TOO_SHORT_CUT;215;355;;;;-1;-1;-1;-1
EXP1;CEP55-5;7;90;115;4;11;31;NO_CUT_DETECTED;176;183;203;NO_CUT_DETECTED;615;179;200;;;183;211;610;178
EXP1;CEP55-5;8;48;113;7;11;31;76;174;178;198;243;1306;106;200;650;;-1;-1;-1;-1
EXP1;CEP55-5;9;30;106;8;11;36;39;159;162;187;190;665;1011;250;280;;161;187;694;986
EXP1;CEP55-6;0;123;292;8;13;20;NO_CUT_DETECTED;238;243;250;NO_CUT_DETECTED;1552;354;70;;;-1;-1;-1;-1
EXP1;CEP55-6;10;37;214,213;11;12;MORE_THAN_TWO_DAUGHTER_TRACKS;MORE_THAN_TWO_DAUGHTER_TRACKS;169;170;MORE_THAN_TWO_DAUGHTER_TRACKS;MORE_THAN_TWO_DAUGHTER_TRACKS;1337;432;;;;-1;-1;-1;-1
EXP1;CEP55-6;11;0;209,199,195;8;11;MORE_THAN_TWO_DAUGHTER_TRACKS;MORE_THAN_TWO_DAUGHTER_TRACKS;160;163;MORE_THAN_TWO_DAUGHTER_TRACKS;MORE_THAN_TWO_DAUGHTER_TRACKS;6;354;;;;-1;-1;-1;-1
EXP1;CEP55-6;12;91;206,188;7;11;MORE_THAN_TWO_DAUGHTER_TRACKS;MORE_THAN_TWO_DAUGHTER_TRACKS;156;160;MORE_THAN_TWO_DAUGHTER_TRACKS;MORE_THAN_TWO_DAUGHTER_TRACKS;946;369;;;;-1;-1;-1;-1
EXP1;CEP55-6;13;74;185;6;12;TOO_SHORT_CUT;TOO_SHORT_CUT;149;155;TOO_SHORT_CUT;TOO_SHORT_CUT;104;765;;;;153;198;102;754
EXP1;CEP55-6;14;39;183;8;12;62;74;149;153;203;215;557;555;500;620;;152;211;548;552
EXP1;CEP55-6;15;16;180,173;5;12;MORE_THAN_TWO_DAUGHTER_TRACKS;MORE_THAN_TWO_DAUGHTER_TRACKS;139;146;MORE_THAN_TWO_DAUGHTER_TRACKS;MORE_THAN_TWO_DAUGHTER_TRACKS;857;605;;;;-1;-1;-1;-1
EXP1;CEP55-6;16;85;177;8;12;NO_CUT_DETECTED;NO_CUT_DETECTED;143;147;NO_CUT_DETECTED;NO_CUT_DETECTED;308;1019;;;;147;193;310;1024
EXP1;CEP55-6;17;7;175,174;6;11;MORE_THAN_TWO_DAUGHTER_TRACKS;MORE_THAN_TWO_DAUGHTER_TRACKS;142;147;MORE_THAN_TWO_DAUGHTER_TRACKS;MORE_THAN_TWO_DAUGHTER_TRACKS;659;116;;;;-1;-1;-1;-1
EXP1;CEP55-6;18;12;93;9;12;TOO_SHORT_CUT;TOO_SHORT_CUT;71;74;TOO_SHORT_CUT;TOO_SHORT_CUT;86;601;;;;74;105;76;598
EXP1;CEP55-6;19;14;74;10;16;TOO_SHORT_CUT;TOO_SHORT_CUT;53;59;TOO_SHORT_CUT;TOO_SHORT_CUT;119;929;;;;-1;-1;-1;-1
EXP1;CEP55-6;1;256;288;11;12;NO_MID_BODY_DETECTED;NO_MID_BODY_DETECTED;239;240;NO_MID_BODY_DETECTED;NO_MID_BODY_DETECTED;-1;-1;;;;-1;-1;-1;-1
EXP1;CEP55-6;20;0;60;5;11;NEAR_BORDER;NEAR_BORDER;44;50;NEAR_BORDER;NEAR_BORDER;19;392;;;;50;106;10;388
EXP1;CEP55-6;21;4;43,42;9;11;MORE_THAN_TWO_DAUGHTER_TRACKS;MORE_THAN_TWO_DAUGHTER_TRACKS;33;35;MORE_THAN_TWO_DAUGHTER_TRACKS;MORE_THAN_TWO_DAUGHTER_TRACKS;1111;88;;;;-1;-1;-1;-1
EXP1;CEP55-6;22;7;41,38;0;9;MORE_THAN_TWO_DAUGHTER_TRACKS;MORE_THAN_TWO_DAUGHTER_TRACKS;21;30;MORE_THAN_TWO_DAUGHTER_TRACKS;MORE_THAN_TWO_DAUGHTER_TRACKS;796;279;;;;-1;-1;-1;-1
EXP1;CEP55-6;23;14;39;7;11;NO_MID_BODY_DETECTED;NO_MID_BODY_DETECTED;26;30;NO_MID_BODY_DETECTED;NO_MID_BODY_DETECTED;-1;-1;;;;-1;-1;-1;-1
EXP1;CEP55-6;24;13;37;4;10;138;139;15;21;149;150;1192;769;1280;1290;;-1;-1;-1;-1
EXP1;CEP55-6;2;109;273;9;12;NEAR_BORDER;NEAR_BORDER;218;221;NEAR_BORDER;NEAR_BORDER;812;1074;;;;-1;-1;-1;-1
EXP1;CEP55-6;3;15;264;10;11;NO_MID_BODY_DETECTED;NO_MID_BODY_DETECTED;212;213;NO_MID_BODY_DETECTED;NO_MID_BODY_DETECTED;-1;-1;;;;-1;-1;-1;-1
EXP1;CEP55-6;4;258;261;3;4;10;16;210;211;217;223;330;628;60;120;;-1;-1;-1;-1
EXP1;CEP55-6;5;232;258;9;12;NO_MID_BODY_DETECTED;NO_MID_BODY_DETECTED;205;208;NO_MID_BODY_DETECTED;NO_MID_BODY_DETECTED;-1;-1;;;;-1;-1;-1;-1
EXP1;CEP55-6;6;109;255,251,250;-2;11;MORE_THAN_TWO_DAUGHTER_TRACKS;MORE_THAN_TWO_DAUGHTER_TRACKS;185;198;MORE_THAN_TWO_DAUGHTER_TRACKS;MORE_THAN_TWO_DAUGHTER_TRACKS;624;935;;;;-1;-1;-1;-1
EXP1;CEP55-6;7;125;233,227,220;5;5;MORE_THAN_TWO_DAUGHTER_TRACKS;MORE_THAN_TWO_DAUGHTER_TRACKS;174;174;MORE_THAN_TWO_DAUGHTER_TRACKS;MORE_THAN_TWO_DAUGHTER_TRACKS;12;287;;;;-1;-1;-1;-1
EXP1;CEP55-6;8;208;228;8;11;NO_MID_BODY_DETECTED;NO_MID_BODY_DETECTED;177;180;NO_MID_BODY_DETECTED;NO_MID_BODY_DETECTED;-1;-1;;;;-1;-1;-1;-1
EXP1;CEP55-6;9;13;224,223,222;8;11;MORE_THAN_TWO_DAUGHTER_TRACKS;MORE_THAN_TWO_DAUGHTER_TRACKS;172;175;MORE_THAN_TWO_DAUGHTER_TRACKS;MORE_THAN_TWO_DAUGHTER_TRACKS;-1;-1;;;;-1;-1;-1;-1
EXP1;CEP55-7;0;76;241;4;12;TOO_SHORT_CUT;TOO_SHORT_CUT;224;232;TOO_SHORT_CUT;TOO_SHORT_CUT;37;1035;;;;-1;-1;-1;-1
EXP1;CEP55-7;10;12;182;8;11;TOO_SHORT_CUT;TOO_SHORT_CUT;183;186;TOO_SHORT_CUT;TOO_SHORT_CUT;1188;630;;;;186;207;1198;626
EXP1;CEP55-7;11;7;176,175;8;13;MORE_THAN_TWO_DAUGHTER_TRACKS;MORE_THAN_TWO_DAUGHTER_TRACKS;175;180;MORE_THAN_TWO_DAUGHTER_TRACKS;MORE_THAN_TWO_DAUGHTER_TRACKS;1299;189;;;;-1;-1;-1;-1
EXP1;CEP55-7;12;79;170;8;12;TOO_SHORT_CUT;TOO_SHORT_CUT;169;173;TOO_SHORT_CUT;TOO_SHORT_CUT;1262;658;;;;-1;-1;-1;-1
EXP1;CEP55-7;13;84;169;8;11;34;45;169;172;195;206;1498;796;230;340;;172;193;1440;794
EXP1;CEP55-7;14;8;166;8;11;NO_MID_BODY_DETECTED;NO_MID_BODY_DETECTED;163;166;NO_MID_BODY_DETECTED;NO_MID_BODY_DETECTED;-1;-1;;;;-1;-1;-1;-1
EXP1;CEP55-7;15;74;165;4;10;20;36;160;166;176;192;1507;91;100;260;;166;193;1510;84
EXP1;CEP55-7;16;98;109;6;6;TOO_SHORT_CUT;TOO_SHORT_CUT;95;95;TOO_SHORT_CUT;TOO_SHORT_CUT;1420;678;;;;-1;-1;-1;-1
EXP1;CEP55-7;17;10;107,105;8;11;MORE_THAN_TWO_DAUGHTER_TRACKS;MORE_THAN_TWO_DAUGHTER_TRACKS;89;92;MORE_THAN_TWO_DAUGHTER_TRACKS;MORE_THAN_TWO_DAUGHTER_TRACKS;801;473;;;;-1;-1;-1;-1
EXP1;CEP55-7;18;5;101;9;11;41;50;86;88;118;127;922;274;300;390;;88;136;972;280
EXP1;CEP55-7;19;38;93;8;10;33;35;72;74;97;99;891;86;230;250;;74;107;904;40
EXP1;CEP55-7;1;135;240,239;-17;4;MORE_THAN_TWO_DAUGHTER_TRACKS;MORE_THAN_TWO_DAUGHTER_TRACKS;211;232;MORE_THAN_TWO_DAUGHTER_TRACKS;MORE_THAN_TWO_DAUGHTER_TRACKS;603;907;;;;-1;-1;-1;-1
EXP1;CEP55-7;20;14;90;0;10;47;51;62;72;109;113;419;814;370;410;;-1;-1;-1;-1
EXP1;CEP55-7;21;8;87,86;9;11;MORE_THAN_TWO_DAUGHTER_TRACKS;MORE_THAN_TWO_DAUGHTER_TRACKS;67;69;MORE_THAN_TWO_DAUGHTER_TRACKS;MORE_THAN_TWO_DAUGHTER_TRACKS;211;227;;;;-1;-1;-1;-1
EXP1;CEP55-7;22;12;84;4;11;30;32;61;68;87;89;1377;726;190;210;;68;96;1370;720
EXP1;CEP55-7;23;5;79;9;12;NO_CUT_DETECTED;NO_CUT_DETECTED;61;64;NO_CUT_DETECTED;NO_CUT_DETECTED;1190;454;;;;63;87;1186;478
EXP1;CEP55-7;24;3;74;7;11;22;26;54;58;69;73;1441;369;110;150;;57;69;1424;358
EXP1;CEP55-7;25;7;73;6;12;112;117;52;58;158;163;1083;279;1000;1050;;-1;-1;-1;-1
EXP1;CEP55-7;26;17;34;-5;10;TOO_SHORT_CUT;TOO_SHORT_CUT;2;17;TOO_SHORT_CUT;TOO_SHORT_CUT;623;891;;;;16;63;628;900
EXP1;CEP55-7;27;13;24,23;2;6;MORE_THAN_TWO_DAUGHTER_TRACKS;MORE_THAN_TWO_DAUGHTER_TRACKS;2;6;MORE_THAN_TWO_DAUGHTER_TRACKS;MORE_THAN_TWO_DAUGHTER_TRACKS;742;604;;;;-1;-1;-1;-1
EXP1;CEP55-7;2;200;235;6;10;TOO_SHORT_CUT;TOO_SHORT_CUT;226;230;TOO_SHORT_CUT;TOO_SHORT_CUT;851;444;;;;-1;-1;-1;-1
EXP1;CEP55-7;3;97;229;8;11;22;29;223;226;237;244;150;527;110;180;;226;244;140;522
EXP1;CEP55-7;4;101;221;7;11;24;NO_CUT_DETECTED;214;218;231;NO_CUT_DETECTED;479;296;130;;;217;237;541;249
EXP1;CEP55-7;5;76;220;6;18;NEAR_BORDER;NEAR_BORDER;205;217;NEAR_BORDER;NEAR_BORDER;68;954;;;;-1;-1;-1;-1
EXP1;CEP55-7;6;5;212;11;12;25;26;207;208;221;222;1340;389;130;140;;208;224;1258;364
EXP1;CEP55-7;7;10;206;5;12;TOO_SHORT_CUT;TOO_SHORT_CUT;199;206;TOO_SHORT_CUT;TOO_SHORT_CUT;931;549;;;;206;224;948;556
EXP1;CEP55-7;8;128;205,201,200,192;7;12;MORE_THAN_TWO_DAUGHTER_TRACKS;MORE_THAN_TWO_DAUGHTER_TRACKS;195;200;MORE_THAN_TWO_DAUGHTER_TRACKS;MORE_THAN_TWO_DAUGHTER_TRACKS;776;462;;;;-1;-1;-1;-1
EXP1;CEP55-7;9;49;195;9;14;30;32;196;201;217;219;233;756;160;180;;199;221;224;744
EXP1;CEP55-8;0;59;215;-65;19;TOO_SHORT_CUT;TOO_SHORT_CUT;159;243;TOO_SHORT_CUT;TOO_SHORT_CUT;1452;604;;;;-1;-1;-1;-1
EXP1;CEP55-8;10;40;139;7;9;22;24;148;150;163;165;445;312;130;150;;150;167;437;331
EXP1;CEP55-8;11;0;133;9;12;NO_MID_BODY_DETECTED;NO_MID_BODY_DETECTED;139;142;NO_MID_BODY_DETECTED;NO_MID_BODY_DETECTED;-1;-1;;;;-1;-1;-1;-1
EXP1;CEP55-8;12;21;116;7;11;31;32;119;123;143;144;194;992;200;210;;123;172;182;1029
EXP1;CEP55-8;13;6;107;7;12;TOO_SHORT_CUT;TOO_SHORT_CUT;102;107;TOO_SHORT_CUT;TOO_SHORT_CUT;1339;373;;;;107;146;1339;380
EXP1;CEP55-8;14;5;105;10;13;NO_MID_BODY_DETECTED;NO_MID_BODY_DETECTED;103;106;NO_MID_BODY_DETECTED;NO_MID_BODY_DETECTED;-1;-1;;;;-1;-1;-1;-1
EXP1;CEP55-8;15;24;89;10;12;19;20;82;84;91;92;1328;186;70;80;;-1;-1;-1;-1
EXP1;CEP55-8;16;12;47;9;11;98;99;31;33;120;121;1213;865;870;880;;33;121;1247;842
EXP1;CEP55-8;17;41;45,44;4;7;MORE_THAN_TWO_DAUGHTER_TRACKS;MORE_THAN_TWO_DAUGHTER_TRACKS;30;33;MORE_THAN_TWO_DAUGHTER_TRACKS;MORE_THAN_TWO_DAUGHTER_TRACKS;1084;168;;;;-1;-1;-1;-1
EXP1;CEP55-8;18;0;40;9;12;123;124;23;26;137;138;662;442;1110;1120;;-1;-1;-1;-1
EXP1;CEP55-8;1;116;211;7;7;TOO_SHORT_CUT;TOO_SHORT_CUT;241;241;TOO_SHORT_CUT;TOO_SHORT_CUT;304;1002;;;;-1;-1;-1;-1
EXP1;CEP55-8;2;199;209;3;10;TOO_SHORT_CUT;TOO_SHORT_CUT;233;240;TOO_SHORT_CUT;TOO_SHORT_CUT;1438;207;;;;-1;-1;-1;-1
EXP1;CEP55-8;3;187;199;-7;5;NO_MID_BODY_DETECTED;NO_MID_BODY_DETECTED;219;231;NO_MID_BODY_DETECTED;NO_MID_BODY_DETECTED;-1;-1;;;;-1;-1;-1;-1
EXP1;CEP55-8;4;129;184;11;11;NO_MID_BODY_DETECTED;NO_MID_BODY_DETECTED;213;213;NO_MID_BODY_DETECTED;NO_MID_BODY_DETECTED;-1;-1;;;;-1;-1;-1;-1
EXP1;CEP55-8;5;96;179;8;11;TOO_SHORT_CUT;TOO_SHORT_CUT;208;211;TOO_SHORT_CUT;TOO_SHORT_CUT;1587;842;;;;-1;-1;-1;-1
EXP1;CEP55-8;6;46;161,156;8;12;MORE_THAN_TWO_DAUGHTER_TRACKS;MORE_THAN_TWO_DAUGHTER_TRACKS;180;184;MORE_THAN_TWO_DAUGHTER_TRACKS;MORE_THAN_TWO_DAUGHTER_TRACKS;948;818;;;;-1;-1;-1;-1
EXP1;CEP55-8;7;47;157,154;8;11;MORE_THAN_TWO_DAUGHTER_TRACKS;MORE_THAN_TWO_DAUGHTER_TRACKS;179;182;MORE_THAN_TWO_DAUGHTER_TRACKS;MORE_THAN_TWO_DAUGHTER_TRACKS;1356;911;;;;182;214;1348;924
EXP1;CEP55-8;8;45;155;10;12;36;37;181;183;207;208;1073;527;240;250;;183;207;1064;523
EXP1;CEP55-8;9;12;146;5;12;23;NO_CUT_DETECTED;161;168;179;NO_CUT_DETECTED;1274;849;110;;;167;190;1306;863
EXP1;CEP55-9;0;192;309,296;-3;6;MORE_THAN_TWO_DAUGHTER_TRACKS;MORE_THAN_TWO_DAUGHTER_TRACKS;221;230;MORE_THAN_TWO_DAUGHTER_TRACKS;MORE_THAN_TWO_DAUGHTER_TRACKS;-1;-1;;;;-1;-1;-1;-1
EXP1;CEP55-9;10;191;236;7;12;TOO_SHORT_CUT;TOO_SHORT_CUT;186;191;TOO_SHORT_CUT;TOO_SHORT_CUT;1037;596;;;;-1;-1;-1;-1
EXP1;CEP55-9;11;146;228;8;11;NEAR_BORDER;NEAR_BORDER;179;182;NEAR_BORDER;NEAR_BORDER;1531;47;;;;-1;-1;-1;-1
EXP1;CEP55-9;12;57;216,206;-5;8;MORE_THAN_TWO_DAUGHTER_TRACKS;MORE_THAN_TWO_DAUGHTER_TRACKS;147;160;MORE_THAN_TWO_DAUGHTER_TRACKS;MORE_THAN_TWO_DAUGHTER_TRACKS;587;211;;;;-1;-1;-1;-1
EXP1;CEP55-9;13;91;212;9;12;NEAR_BORDER;NEAR_BORDER;163;166;NEAR_BORDER;NEAR_BORDER;1330;76;;;;-1;-1;-1;-1
EXP1;CEP55-9;14;137;194;10;14;NEAR_BORDER;NEAR_BORDER;147;151;NEAR_BORDER;NEAR_BORDER;862;2;;;;-1;-1;-1;-1
EXP1;CEP55-9;15;38;181;10;12;TOO_SHORT_CUT;TOO_SHORT_CUT;139;141;TOO_SHORT_CUT;TOO_SHORT_CUT;1006;984;;;;-1;-1;-1;-1
EXP1;CEP55-9;16;159;175;2;8;NO_MID_BODY_DETECTED;NO_MID_BODY_DETECTED;133;139;NO_MID_BODY_DETECTED;NO_MID_BODY_DETECTED;-1;-1;;;;-1;-1;-1;-1
EXP1;CEP55-9;17;36;171;8;12;TOO_SHORT_CUT;TOO_SHORT_CUT;132;136;TOO_SHORT_CUT;TOO_SHORT_CUT;1027;981;;;;136;168;956;989
EXP1;CEP55-9;18;135;167,154;6;12;MORE_THAN_TWO_DAUGHTER_TRACKS;MORE_THAN_TWO_DAUGHTER_TRACKS;121;127;MORE_THAN_TWO_DAUGHTER_TRACKS;MORE_THAN_TWO_DAUGHTER_TRACKS;335;766;;;;127;158;372;730
EXP1;CEP55-9;19;20;161;9;16;26;30;125;132;142;146;1418;538;100;140;;134;158;1351;447
EXP1;CEP55-9;1;280;304,285;3;3;MORE_THAN_TWO_DAUGHTER_TRACKS;MORE_THAN_TWO_DAUGHTER_TRACKS;225;225;MORE_THAN_TWO_DAUGHTER_TRACKS;MORE_THAN_TWO_DAUGHTER_TRACKS;378;681;;;;-1;-1;-1;-1
EXP1;CEP55-9;20;32;156;9;12;TOO_SHORT_CUT;TOO_SHORT_CUT;127;130;TOO_SHORT_CUT;TOO_SHORT_CUT;1092;156;;;;129;139;1052;160
EXP1;CEP55-9;21;58;148,147;7;12;MORE_THAN_TWO_DAUGHTER_TRACKS;MORE_THAN_TWO_DAUGHTER_TRACKS;120;125;MORE_THAN_TWO_DAUGHTER_TRACKS;MORE_THAN_TWO_DAUGHTER_TRACKS;1021;334;;;;-1;-1;-1;-1
EXP1;CEP55-9;22;27;132,127;9;10;MORE_THAN_TWO_DAUGHTER_TRACKS;MORE_THAN_TWO_DAUGHTER_TRACKS;101;102;MORE_THAN_TWO_DAUGHTER_TRACKS;MORE_THAN_TWO_DAUGHTER_TRACKS;1143;1083;;;;-1;-1;-1;-1
EXP1;CEP55-9;23;24;117;8;11;TOO_SHORT_CUT;TOO_SHORT_CUT;92;95;TOO_SHORT_CUT;TOO_SHORT_CUT;368;968;;;;-1;-1;-1;-1
EXP1;CEP55-9;24;7;106;8;13;TOO_SHORT_CUT;TOO_SHORT_CUT;76;81;TOO_SHORT_CUT;TOO_SHORT_CUT;813;402;;;;80;118;772;442
EXP1;CEP55-9;25;13;104;8;11;NO_MID_BODY_DETECTED;NO_MID_BODY_DETECTED;74;77;NO_MID_BODY_DETECTED;NO_MID_BODY_DETECTED;-1;-1;;;;-1;-1;-1;-1
EXP1;CEP55-9;26;15;85,73;-11;6;MORE_THAN_TWO_DAUGHTER_TRACKS;MORE_THAN_TWO_DAUGHTER_TRACKS;29;46;MORE_THAN_TWO_DAUGHTER_TRACKS;MORE_THAN_TWO_DAUGHTER_TRACKS;749;689;;;;-1;-1;-1;-1
EXP1;CEP55-9;27;44;84;8;11;NO_MID_BODY_DETECTED;NO_MID_BODY_DETECTED;54;57;NO_MID_BODY_DETECTED;NO_MID_BODY_DETECTED;-1;-1;;;;-1;-1;-1;-1
EXP1;CEP55-9;28;3;68;6;12;TOO_SHORT_CUT;TOO_SHORT_CUT;38;44;TOO_SHORT_CUT;TOO_SHORT_CUT;1230;47;;;;43;130;1267;54
EXP1;CEP55-9;29;1;57;7;14;74;75;25;32;92;93;453;197;600;610;;-1;-1;-1;-1
EXP1;CEP55-9;2;224;279,273,267,257;-2;3;MORE_THAN_TWO_DAUGHTER_TRACKS;MORE_THAN_TWO_DAUGHTER_TRACKS;204;209;MORE_THAN_TWO_DAUGHTER_TRACKS;MORE_THAN_TWO_DAUGHTER_TRACKS;-1;-1;;;;-1;-1;-1;-1
EXP1;CEP55-9;30;42;48;2;8;NEAR_BORDER;NEAR_BORDER;19;25;NEAR_BORDER;NEAR_BORDER;0;600;;;;-1;-1;-1;-1
EXP1;CEP55-9;31;14;37,32;1;4;MORE_THAN_TWO_DAUGHTER_TRACKS;MORE_THAN_TWO_DAUGHTER_TRACKS;1;4;MORE_THAN_TWO_DAUGHTER_TRACKS;MORE_THAN_TWO_DAUGHTER_TRACKS;1302;511;;;;-1;-1;-1;-1
EXP1;CEP55-9;3;106;278,27;8;11;MORE_THAN_TWO_DAUGHTER_TRACKS;MORE_THAN_TWO_DAUGHTER_TRACKS;216;219;MORE_THAN_TWO_DAUGHTER_TRACKS;MORE_THAN_TWO_DAUGHTER_TRACKS;594;364;;;;-1;-1;-1;-1
EXP1;CEP55-9;4;117;255;8;12;18;21;203;207;213;216;788;854;60;90;;207;230;783;912
EXP1;CEP55-9;5;106;253;-12;16;TOO_SHORT_CUT;TOO_SHORT_CUT;178;206;TOO_SHORT_CUT;TOO_SHORT_CUT;353;576;;;;-1;-1;-1;-1
EXP1;CEP55-9;6;68;251;9;12;TOO_SHORT_CUT;TOO_SHORT_CUT;201;204;TOO_SHORT_CUT;TOO_SHORT_CUT;1422;148;;;;204;221;1390;187
EXP1;CEP55-9;7;242;244;3;3;NO_CUT_DETECTED;NO_CUT_DETECTED;199;199;NO_CUT_DETECTED;NO_CUT_DETECTED;220;87;;;;-1;-1;-1;-1
EXP1;CEP55-9;8;105;243;6;11;NO_CUT_DETECTED;NO_CUT_DETECTED;193;198;NO_CUT_DETECTED;NO_CUT_DETECTED;105;64;;;;-1;-1;-1;-1
EXP1;CEP55-9;9;115;238,237;4;11;MORE_THAN_TWO_DAUGHTER_TRACKS;MORE_THAN_TWO_DAUGHTER_TRACKS;185;192;MORE_THAN_TWO_DAUGHTER_TRACKS;MORE_THAN_TWO_DAUGHTER_TRACKS;828;560;;;;-1;-1;-1;-1
EXP1;MICAL1-10;0;346;362;11;13;NEAR_BORDER;NEAR_BORDER;241;243;NEAR_BORDER;NEAR_BORDER;1165;1058;;;;-1;-1;-1;-1
EXP1;MICAL1-10;10;28;303;5;11;NO_CUT_DETECTED;NO_CUT_DETECTED;194;200;NO_CUT_DETECTED;NO_CUT_DETECTED;1553;970;;;;200;221;1553;963
EXP1;MICAL1-10;11;185;299;9;12;TOO_SHORT_CUT;TOO_SHORT_CUT;192;195;TOO_SHORT_CUT;TOO_SHORT_CUT;494;577;;;;194;202;421;541
EXP1;MICAL1-10;12;135;286,279;6;8;MORE_THAN_TWO_DAUGHTER_TRACKS;MORE_THAN_TWO_DAUGHTER_TRACKS;183;185;MORE_THAN_TWO_DAUGHTER_TRACKS;MORE_THAN_TWO_DAUGHTER_TRACKS;783;390;;;;-1;-1;-1;-1
EXP1;MICAL1-10;13;82;269;11;15;NO_MID_BODY_DETECTED;NO_MID_BODY_DETECTED;170;174;NO_MID_BODY_DETECTED;NO_MID_BODY_DETECTED;-1;-1;;;;-1;-1;-1;-1
EXP1;MICAL1-10;14;32;204;7;11;26;27;121;125;140;141;1215;1022;150;160;;125;140;1189;1029
EXP1;MICAL1-10;15;2;175,170,167;6;13;MORE_THAN_TWO_DAUGHTER_TRACKS;MORE_THAN_TWO_DAUGHTER_TRACKS;93;100;MORE_THAN_TWO_DAUGHTER_TRACKS;MORE_THAN_TWO_DAUGHTER_TRACKS;816;156;;;;98;109;811;186
EXP1;MICAL1-10;16;8;159,149;7;12;MORE_THAN_TWO_DAUGHTER_TRACKS;MORE_THAN_TWO_DAUGHTER_TRACKS;82;87;MORE_THAN_TWO_DAUGHTER_TRACKS;MORE_THAN_TWO_DAUGHTER_TRACKS;-1;-1;;;;-1;-1;-1;-1
EXP1;MICAL1-10;17;149;155;2;4;NO_MID_BODY_DETECTED;NO_MID_BODY_DETECTED;88;90;NO_MID_BODY_DETECTED;NO_MID_BODY_DETECTED;-1;-1;;;;-1;-1;-1;-1
EXP1;MICAL1-10;18;119;139;10;11;TOO_SHORT_CUT;TOO_SHORT_CUT;79;80;TOO_SHORT_CUT;TOO_SHORT_CUT;717;441;;;;-1;-1;-1;-1
EXP1;MICAL1-10;19;28;108;9;12;TOO_SHORT_CUT;TOO_SHORT_CUT;55;58;TOO_SHORT_CUT;TOO_SHORT_CUT;1183;772;;;;58;82;1202;803
EXP1;MICAL1-10;1;340;353;2;10;TOO_SHORT_CUT;TOO_SHORT_CUT;227;235;TOO_SHORT_CUT;TOO_SHORT_CUT;1079;138;;;;-1;-1;-1;-1
EXP1;MICAL1-10;20;19;104;6;20;TOO_SHORT_CUT;TOO_SHORT_CUT;42;56;TOO_SHORT_CUT;TOO_SHORT_CUT;672;657;;;;-1;-1;-1;-1
EXP1;MICAL1-10;21;18;82;2;10;27;30;31;39;56;59;1102;654;170;200;;39;56;1038;657
EXP1;MICAL1-10;22;11;75;6;11;30;31;28;33;52;53;1419;205;190;200;;33;52;1418;196
EXP1;MICAL1-10;2;142;349;10;13;26;27;228;231;244;245;708;723;130;140;;230;245;732;721
EXP1;MICAL1-10;3;280;344;7;11;22;25;224;228;239;242;1336;484;110;140;;228;241;1320;503
EXP1;MICAL1-10;4;250;343;7;11;TOO_SHORT_CUT;TOO_SHORT_CUT;224;228;TOO_SHORT_CUT;TOO_SHORT_CUT;742;220;;;;228;237;800;230
EXP1;MICAL1-10;5;237;340;7;9;NO_MID_BODY_DETECTED;NO_MID_BODY_DETECTED;224;226;NO_MID_BODY_DETECTED;NO_MID_BODY_DETECTED;-1;-1;;;;-1;-1;-1;-1
EXP1;MICAL1-10;6;167;339;7;11;TOO_SHORT_CUT;TOO_SHORT_CUT;222;226;TOO_SHORT_CUT;TOO_SHORT_CUT;559;58;;;;226;232;546;64
EXP1;MICAL1-10;7;212;336;9;11;NO_CUT_DETECTED;NO_CUT_DETECTED;220;222;NO_CUT_DETECTED;NO_CUT_DETECTED;664;969;;;;222;251;633;943
EXP1;MICAL1-10;8;234;335;10;11;22;22;221;222;233;233;530;332;110;110;;222;233;529;338
EXP1;MICAL1-10;9;108;305;10;13;30;32;199;202;219;221;955;903;170;190;;202;220;1064;879
EXP1;MICAL1-11;0;212;317;2;11;NO_CUT_DETECTED;NO_CUT_DETECTED;234;243;NO_CUT_DETECTED;NO_CUT_DETECTED;1079;658;;;;-1;-1;-1;-1
EXP1;MICAL1-11;10;1;163;9;12;NO_MID_BODY_DETECTED;NO_MID_BODY_DETECTED;114;117;NO_MID_BODY_DETECTED;NO_MID_BODY_DETECTED;-1;-1;;;;-1;-1;-1;-1
EXP1;MICAL1-11;11;10;152;9;12;29;35;107;110;127;133;1128;530;170;230;;109;118;1133;561
EXP1;MICAL1-11;12;86;140;8;11;24;NO_CUT_DETECTED;96;99;112;NO_CUT_DETECTED;996;613;130;;;99;109;1082;669
EXP1;MICAL1-11;1;270;313;8;10;TOO_SHORT_CUT;TOO_SHORT_CUT;239;241;TOO_SHORT_CUT;TOO_SHORT_CUT;494;489;;;;-1;-1;-1;-1
EXP1;MICAL1-11;2;152;311;9;12;TOO_SHORT_CUT;TOO_SHORT_CUT;236;239;TOO_SHORT_CUT;TOO_SHORT_CUT;1367;605;;;;-1;-1;-1;-1
EXP1;MICAL1-11;3;197;307;8;12;TOO_SHORT_CUT;TOO_SHORT_CUT;233;237;TOO_SHORT_CUT;TOO_SHORT_CUT;1018;425;;;;-1;-1;-1;-1
EXP1;MICAL1-11;4;224;285;9;16;TOO_SHORT_CUT;TOO_SHORT_CUT;213;220;TOO_SHORT_CUT;TOO_SHORT_CUT;980;327;;;;-1;-1;-1;-1
EXP1;MICAL1-11;5;192;269;10;12;TOO_SHORT_CUT;TOO_SHORT_CUT;204;206;TOO_SHORT_CUT;TOO_SHORT_CUT;1061;1025;;;;206;213;1070;1052
EXP1;MICAL1-11;6;203;267;7;12;TOO_SHORT_CUT;TOO_SHORT_CUT;201;206;TOO_SHORT_CUT;TOO_SHORT_CUT;72;328;;;;205;215;97;365
EXP1;MICAL1-11;7;11;245;-2;11;NEAR_BORDER;NEAR_BORDER;174;187;NEAR_BORDER;NEAR_BORDER;1598;711;;;;-1;-1;-1;-1
EXP1;MICAL1-11;8;13;186;9;11;NO_CUT_DETECTED;NO_CUT_DETECTED;134;136;NO_CUT_DETECTED;NO_CUT_DETECTED;284;744;;;;-1;-1;-1;-1
EXP1;MICAL1-11;9;4;185,178;6;11;MORE_THAN_TWO_DAUGHTER_TRACKS;MORE_THAN_TWO_DAUGHTER_TRACKS;125;130;MORE_THAN_TWO_DAUGHTER_TRACKS;MORE_THAN_TWO_DAUGHTER_TRACKS;640;440;;;;130;149;667;404
EXP1;MICAL1-1;0;154;286;6;11;TOO_SHORT_CUT;TOO_SHORT_CUT;237;242;TOO_SHORT_CUT;TOO_SHORT_CUT;240;217;;;;-1;-1;-1;-1
EXP1;MICAL1-1;10;86;105;8;12;18;18;75;79;85;85;77;171;60;60;;-1;-1;-1;-1
EXP1;MICAL1-1;11;2;91;4;10;NEAR_BORDER;NEAR_BORDER;60;66;NEAR_BORDER;NEAR_BORDER;1486;115;;;;65;79;1500;138
EXP1;MICAL1-1;12;66;83;5;13;TOO_SHORT_CUT;TOO_SHORT_CUT;49;57;TOO_SHORT_CUT;TOO_SHORT_CUT;812;639;;;;-1;-1;-1;-1
EXP1;MICAL1-1;13;23;42;7;11;25;28;15;19;33;36;1503;134;140;170;;19;34;1518;160
EXP1;MICAL1-1;14;10;38;3;13;TOO_SHORT_CUT;TOO_SHORT_CUT;4;14;TOO_SHORT_CUT;TOO_SHORT_CUT;1263;262;;;;-1;-1;-1;-1
EXP1;MICAL1-1;1;263;269;2;5;TOO_SHORT_CUT;TOO_SHORT_CUT;225;228;TOO_SHORT_CUT;TOO_SHORT_CUT;103;973;;;;-1;-1;-1;-1
EXP1;MICAL1-1;2;42;257,242;7;9;MORE_THAN_TWO_DAUGHTER_TRACKS;MORE_THAN_TWO_DAUGHTER_TRACKS;211;213;MORE_THAN_TWO_DAUGHTER_TRACKS;MORE_THAN_TWO_DAUGHTER_TRACKS;1579;9;;;;-1;-1;-1;-1
EXP1;MICAL1-1;3;242;253;3;7;TOO_SHORT_CUT;TOO_SHORT_CUT;215;219;TOO_SHORT_CUT;TOO_SHORT_CUT;1398;88;;;;-1;-1;-1;-1
EXP1;MICAL1-1;4;10;238;9;12;NO_MID_BODY_DETECTED;NO_MID_BODY_DETECTED;208;211;NO_MID_BODY_DETECTED;NO_MID_BODY_DETECTED;-1;-1;;;;-1;-1;-1;-1
EXP1;MICAL1-1;5;66;223;-4;11;NO_CUT_DETECTED;NO_CUT_DETECTED;186;201;NO_CUT_DETECTED;NO_CUT_DETECTED;792;785;;;;200;211;750;725
EXP1;MICAL1-1;6;33;201;9;12;TOO_SHORT_CUT;TOO_SHORT_CUT;178;181;TOO_SHORT_CUT;TOO_SHORT_CUT;622;720;;;;-1;-1;-1;-1
EXP1;MICAL1-1;7;12;186;8;12;21;24;165;169;178;181;615;756;90;120;;169;179;650;750
EXP1;MICAL1-1;8;129;151,146;8;15;MORE_THAN_TWO_DAUGHTER_TRACKS;MORE_THAN_TWO_DAUGHTER_TRACKS;119;126;MORE_THAN_TWO_DAUGHTER_TRACKS;MORE_THAN_TWO_DAUGHTER_TRACKS;-1;-1;;;;-1;-1;-1;-1
EXP1;MICAL1-1;9;6;110;8;11;TOO_SHORT_CUT;TOO_SHORT_CUT;84;87;TOO_SHORT_CUT;TOO_SHORT_CUT;106;982;;;;-1;-1;-1;-1
EXP1;MICAL1-2;0;134;374;11;12;TOO_SHORT_CUT;TOO_SHORT_CUT;236;237;TOO_SHORT_CUT;TOO_SHORT_CUT;843;885;;;;-1;-1;-1;-1
EXP1;MICAL1-2;10;181;267;9;12;NO_CUT_DETECTED;NO_CUT_DETECTED;164;167;NO_CUT_DETECTED;NO_CUT_DETECTED;536;69;;;;-1;-1;-1;-1
EXP1;MICAL1-2;11;34;261;8;12;NO_CUT_DETECTED;NO_CUT_DETECTED;156;160;NO_CUT_DETECTED;NO_CUT_DETECTED;595;918;;;;-1;-1;-1;-1
EXP1;MICAL1-2;12;108;253;6;20;NEAR_BORDER;NEAR_BORDER;143;157;NEAR_BORDER;NEAR_BORDER;145;112;;;;-1;-1;-1;-1
EXP1;MICAL1-2;13;5;250,236;9;11;MORE_THAN_TWO_DAUGHTER_TRACKS;MORE_THAN_TWO_DAUGHTER_TRACKS;144;146;MORE_THAN_TWO_DAUGHTER_TRACKS;MORE_THAN_TWO_DAUGHTER_TRACKS;1062;312;;;;-1;-1;-1;-1
EXP1;MICAL1-2;14;72;245;7;15;TOO_SHORT_CUT;TOO_SHORT_CUT;144;152;TOO_SHORT_CUT;TOO_SHORT_CUT;896;151;;;;-1;-1;-1;-1
EXP1;MICAL1-2;15;186;224;10;10;TOO_SHORT_CUT;TOO_SHORT_CUT;138;138;TOO_SHORT_CUT;TOO_SHORT_CUT;1369;943;;;;140;147;1350;930
EXP1;MICAL1-2;16;91;220;6;11;TOO_SHORT_CUT;TOO_SHORT_CUT;131;136;TOO_SHORT_CUT;TOO_SHORT_CUT;670;747;;;;136;144;668;752
EXP1;MICAL1-2;17;81;179;6;12;23;24;103;109;120;121;438;676;110;120;;109;121;436;686
EXP1;MICAL1-2;18;126;177;11;13;21;26;107;109;117;122;269;459;80;130;;107;122;270;450
EXP1;MICAL1-2;19;23;142;7;10;TOO_SHORT_CUT;TOO_SHORT_CUT;81;84;TOO_SHORT_CUT;TOO_SHORT_CUT;212;853;;;;84;95;215;860
EXP1;MICAL1-2;1;27;368,367,357;-12;10;MORE_THAN_TWO_DAUGHTER_TRACKS;MORE_THAN_TWO_DAUGHTER_TRACKS;207;229;MORE_THAN_TWO_DAUGHTER_TRACKS;MORE_THAN_TWO_DAUGHTER_TRACKS;1070;678;;;;-1;-1;-1;-1
EXP1;MICAL1-2;20;22;134;5;11;23;26;76;82;94;97;878;833;120;150;;82;94;900;825
EXP1;MICAL1-2;21;28;36;3;7;18;20;4;8;19;21;514;580;110;130;;-1;-1;-1;-1
EXP1;MICAL1-2;22;17;34,28;2;2;MORE_THAN_TWO_DAUGHTER_TRACKS;MORE_THAN_TWO_DAUGHTER_TRACKS;2;2;MORE_THAN_TWO_DAUGHTER_TRACKS;MORE_THAN_TWO_DAUGHTER_TRACKS;-1;-1;;;;-1;-1;-1;-1
EXP1;MICAL1-2;2;330;356,347;9;9;MORE_THAN_TWO_DAUGHTER_TRACKS;MORE_THAN_TWO_DAUGHTER_TRACKS;225;225;MORE_THAN_TWO_DAUGHTER_TRACKS;MORE_THAN_TWO_DAUGHTER_TRACKS;8;548;;;;-1;-1;-1;-1
EXP1;MICAL1-2;3;134;354,353;6;12;MORE_THAN_TWO_DAUGHTER_TRACKS;MORE_THAN_TWO_DAUGHTER_TRACKS;221;227;MORE_THAN_TWO_DAUGHTER_TRACKS;MORE_THAN_TWO_DAUGHTER_TRACKS;911;849;;;;227;235;850;885
EXP1;MICAL1-2;4;299;340;10;12;NEAR_BORDER;NEAR_BORDER;222;224;NEAR_BORDER;NEAR_BORDER;723;11;;;;-1;-1;-1;-1
EXP1;MICAL1-2;5;129;331;10;12;NO_MID_BODY_DETECTED;NO_MID_BODY_DETECTED;213;215;NO_MID_BODY_DETECTED;NO_MID_BODY_DETECTED;-1;-1;;;;-1;-1;-1;-1
EXP1;MICAL1-2;6;10;324;9;12;21;23;209;212;221;223;1069;487;90;110;;-1;-1;-1;-1
EXP1;MICAL1-2;7;108;319,312;11;12;MORE_THAN_TWO_DAUGHTER_TRACKS;MORE_THAN_TWO_DAUGHTER_TRACKS;204;205;MORE_THAN_TWO_DAUGHTER_TRACKS;MORE_THAN_TWO_DAUGHTER_TRACKS;155;182;;;;-1;-1;-1;-1
EXP1;MICAL1-2;8;279;317;-21;12;NEAR_BORDER;NEAR_BORDER;175;208;NEAR_BORDER;NEAR_BORDER;1047;1049;;;;-1;-1;-1;-1
EXP1;MICAL1-2;9;191;308;11;12;19;20;202;203;210;211;541;474;70;80;;203;211;600;500
EXP1;MICAL1-3;0;359;435;8;10;TOO_SHORT_CUT;TOO_SHORT_CUT;241;243;TOO_SHORT_CUT;TOO_SHORT_CUT;85;833;;;;-1;-1;-1;-1
EXP1;MICAL1-3;10;348;366;9;12;18;22;200;203;209;213;803;871;60;100;;203;214;809;870
EXP1;MICAL1-3;11;6;365;9;12;20;22;199;202;210;212;677;586;80;100;;202;212;664;615
EXP1;MICAL1-3;12;234;345,333;9;12;MORE_THAN_TWO_DAUGHTER_TRACKS;MORE_THAN_TWO_DAUGHTER_TRACKS;181;184;MORE_THAN_TWO_DAUGHTER_TRACKS;MORE_THAN_TWO_DAUGHTER_TRACKS;407;829;;;;184;195;354;836
EXP1;MICAL1-3;13;102;328;9;11;TOO_SHORT_CUT;TOO_SHORT_CUT;180;182;TOO_SHORT_CUT;TOO_SHORT_CUT;1166;497;;;;-1;-1;-1;-1
EXP1;MICAL1-3;14;201;326;8;15;TOO_SHORT_CUT;TOO_SHORT_CUT;174;181;TOO_SHORT_CUT;TOO_SHORT_CUT;1413;944;;;;-1;-1;-1;-1
EXP1;MICAL1-3;15;99;324;9;19;TOO_SHORT_CUT;TOO_SHORT_CUT;170;180;TOO_SHORT_CUT;TOO_SHORT_CUT;1055;222;;;;-1;-1;-1;-1
EXP1;MICAL1-3;16;154;314;8;10;18;20;172;174;182;184;1355;285;80;100;;175;182;1400;300
EXP1;MICAL1-3;17;108;307;8;17;TOO_SHORT_CUT;TOO_SHORT_CUT;161;170;TOO_SHORT_CUT;TOO_SHORT_CUT;1158;514;;;;-1;-1;-1;-1
EXP1;MICAL1-3;18;209;301;8;11;TOO_SHORT_CUT;TOO_SHORT_CUT;161;164;TOO_SHORT_CUT;TOO_SHORT_CUT;1248;235;;;;-1;-1;-1;-1
EXP1;MICAL1-3;19;103;297,295;9;11;MORE_THAN_TWO_DAUGHTER_TRACKS;MORE_THAN_TWO_DAUGHTER_TRACKS;160;162;MORE_THAN_TWO_DAUGHTER_TRACKS;MORE_THAN_TWO_DAUGHTER_TRACKS;1135;699;;;;162;171;1130;776
EXP1;MICAL1-3;1;369;411;6;16;NO_MID_BODY_DETECTED;NO_MID_BODY_DETECTED;217;227;NO_MID_BODY_DETECTED;NO_MID_BODY_DETECTED;-1;-1;;;;-1;-1;-1;-1
EXP1;MICAL1-3;20;40;288;9;12;31;32;155;158;177;178;480;288;190;200;;-1;-1;-1;-1
EXP1;MICAL1-3;21;128;286,28;10;11;MORE_THAN_TWO_DAUGHTER_TRACKS;MORE_THAN_TWO_DAUGHTER_TRACKS;152;153;MORE_THAN_TWO_DAUGHTER_TRACKS;MORE_THAN_TWO_DAUGHTER_TRACKS;380;771;;;;-1;-1;-1;-1
EXP1;MICAL1-3;22;274;285;5;10;NO_MID_BODY_DETECTED;NO_MID_BODY_DETECTED;151;156;NO_MID_BODY_DETECTED;NO_MID_BODY_DETECTED;-1;-1;;;;-1;-1;-1;-1
EXP1;MICAL1-3;23;199;267;8;12;TOO_SHORT_CUT;TOO_SHORT_CUT;139;143;TOO_SHORT_CUT;TOO_SHORT_CUT;906;719;;;;-1;-1;-1;-1
EXP1;MICAL1-3;24;47;265;10;12;TOO_SHORT_CUT;TOO_SHORT_CUT;140;142;TOO_SHORT_CUT;TOO_SHORT_CUT;268;550;;;;142;150;250;560
EXP1;MICAL1-3;25;17;186;9;12;28;28;89;92;108;108;1292;811;160;160;;-1;-1;-1;-1
EXP1;MICAL1-3;26;122;155;9;12;25;31;70;73;86;92;887;1002;130;190;;72;92;900;1000
EXP1;MICAL1-3;27;9;128;8;12;NO_CUT_DETECTED;NO_CUT_DETECTED;53;57;NO_CUT_DETECTED;NO_CUT_DETECTED;273;717;;;;57;80;272;716
EXP1;MICAL1-3;28;84;114,98;4;7;MORE_THAN_TWO_DAUGHTER_TRACKS;MORE_THAN_TWO_DAUGHTER_TRACKS;35;38;MORE_THAN_TWO_DAUGHTER_TRACKS;MORE_THAN_TWO_DAUGHTER_TRACKS;1169;995;;;;38;48;1200;1016
EXP1;MICAL1-3;29;6;108,102;8;11;MORE_THAN_TWO_DAUGHTER_TRACKS;MORE_THAN_TWO_DAUGHTER_TRACKS;38;41;MORE_THAN_TWO_DAUGHTER_TRACKS;MORE_THAN_TWO_DAUGHTER_TRACKS;901;427;;;;41;56;900;400
EXP1;MICAL1-3;2;17;410;9;12;24;24;224;227;239;239;1235;929;120;120;;227;240;1182;876
EXP1;MICAL1-3;30;21;101,91;9;11;MORE_THAN_TWO_DAUGHTER_TRACKS;MORE_THAN_TWO_DAUGHTER_TRACKS;32;34;MORE_THAN_TWO_DAUGHTER_TRACKS;MORE_THAN_TWO_DAUGHTER_TRACKS;902;921;;;;34;53;939;923
EXP1;MICAL1-3;31;10;95;9;12;NO_CUT_DETECTED;NO_CUT_DETECTED;34;37;NO_CUT_DETECTED;NO_CUT_DETECTED;1095;633;;;;37;52;1060;625
EXP1;MICAL1-3;32;18;83;8;14;NO_CUT_DETECTED;NO_CUT_DETECTED;26;32;NO_CUT_DETECTED;NO_CUT_DETECTED;514;869;;;;-1;-1;-1;-1
EXP1;MICAL1-3;33;3;78;7;12;21;23;24;29;38;40;1300;193;90;110;;28;39;1320;231
EXP1;MICAL1-3;34;2;60,59;9;11;MORE_THAN_TWO_DAUGHTER_TRACKS;MORE_THAN_TWO_DAUGHTER_TRACKS;13;15;MORE_THAN_TWO_DAUGHTER_TRACKS;MORE_THAN_TWO_DAUGHTER_TRACKS;557;169;;;;-1;-1;-1;-1
EXP1;MICAL1-3;35;9;47,44;3;6;MORE_THAN_TWO_DAUGHTER_TRACKS;MORE_THAN_TWO_DAUGHTER_TRACKS;3;6;MORE_THAN_TWO_DAUGHTER_TRACKS;MORE_THAN_TWO_DAUGHTER_TRACKS;159;594;;;;5;20;131;667
EXP1;MICAL1-3;3;122;397;10;20;TOO_SHORT_CUT;TOO_SHORT_CUT;211;221;TOO_SHORT_CUT;TOO_SHORT_CUT;1048;609;;;;-1;-1;-1;-1
EXP1;MICAL1-3;4;78;390;11;13;22;26;215;217;226;230;1422;372;90;130;;217;229;1464;384
EXP1;MICAL1-3;5;236;389,378;10;12;MORE_THAN_TWO_DAUGHTER_TRACKS;MORE_THAN_TWO_DAUGHTER_TRACKS;209;211;MORE_THAN_TWO_DAUGHTER_TRACKS;MORE_THAN_TWO_DAUGHTER_TRACKS;1420;261;;;;-1;-1;-1;-1
EXP1;MICAL1-3;6;155;386;9;12;NO_MID_BODY_DETECTED;NO_MID_BODY_DETECTED;211;214;NO_MID_BODY_DETECTED;NO_MID_BODY_DETECTED;-1;-1;;;;-1;-1;-1;-1
EXP1;MICAL1-3;7;186;376;9;11;TOO_SHORT_CUT;TOO_SHORT_CUT;208;210;TOO_SHORT_CUT;TOO_SHORT_CUT;1515;705;;;;210;216;1500;700
EXP1;MICAL1-3;8;303;372;11;14;TOO_SHORT_CUT;TOO_SHORT_CUT;203;206;TOO_SHORT_CUT;TOO_SHORT_CUT;114;601;;;;206;212;90;560
EXP1;MICAL1-3;9;20;368;10;17;TOO_SHORT_CUT;TOO_SHORT_CUT;197;204;TOO_SHORT_CUT;TOO_SHORT_CUT;350;870;;;;-1;-1;-1;-1
EXP1;MICAL1-4;0;184;202;-9;5;TOO_SHORT_CUT;TOO_SHORT_CUT;220;234;TOO_SHORT_CUT;TOO_SHORT_CUT;575;342;;;;-1;-1;-1;-1
EXP1;MICAL1-4;10;125;152,15;8;11;MORE_THAN_TWO_DAUGHTER_TRACKS;MORE_THAN_TWO_DAUGHTER_TRACKS;189;192;MORE_THAN_TWO_DAUGHTER_TRACKS;MORE_THAN_TWO_DAUGHTER_TRACKS;678;992;;;;-1;-1;-1;-1
EXP1;MICAL1-4;11;2;151,146;9;11;MORE_THAN_TWO_DAUGHTER_TRACKS;MORE_THAN_TWO_DAUGHTER_TRACKS;187;189;MORE_THAN_TWO_DAUGHTER_TRACKS;MORE_THAN_TWO_DAUGHTER_TRACKS;1001;0;;;;189;200;1070;40
EXP1;MICAL1-4;12;69;143;8;11;TOO_SHORT_CUT;TOO_SHORT_CUT;185;188;TOO_SHORT_CUT;TOO_SHORT_CUT;1061;465;;;;188;197;996;444
EXP1;MICAL1-4;13;31;141;8;19;25;26;175;186;192;193;35;303;60;70;;-1;-1;-1;-1
EXP1;MICAL1-4;14;8;137;9;12;20;23;177;180;188;191;318;406;80;110;;180;190;340;446
EXP1;MICAL1-4;15;42;124;8;12;TOO_SHORT_CUT;TOO_SHORT_CUT;166;170;TOO_SHORT_CUT;TOO_SHORT_CUT;0;951;;;;169;180;62;902
EXP1;MICAL1-4;16;3;120;8;13;TOO_SHORT_CUT;TOO_SHORT_CUT;156;161;TOO_SHORT_CUT;TOO_SHORT_CUT;647;209;;;;-1;-1;-1;-1
EXP1;MICAL1-4;17;9;104;10;12;20;21;139;141;149;150;905;650;80;90;;140;149;902;648
EXP1;MICAL1-4;18;26;103;9;11;TOO_SHORT_CUT;TOO_SHORT_CUT;139;141;TOO_SHORT_CUT;TOO_SHORT_CUT;562;526;;;;-1;-1;-1;-1
EXP1;MICAL1-4;19;2;75;9;11;25;28;83;85;99;102;1106;431;140;170;;-1;-1;-1;-1
EXP1;MICAL1-4;1;92;176;10;12;20;21;210;212;220;221;1263;720;80;90;;212;221;1274;707
EXP1;MICAL1-4;20;10;74;8;11;26;30;81;84;99;103;1308;837;150;190;;84;100;1264;742
EXP1;MICAL1-4;21;40;72;8;11;23;24;77;80;92;93;656;933;120;130;;80;92;662;892
EXP1;MICAL1-4;22;12;71;7;11;25;26;76;80;94;95;357;830;140;150;;79;94;316;800
EXP1;MICAL1-4;23;1;69;10;12;25;27;72;74;87;89;1128;278;130;150;;74;89;1100;314
EXP1;MICAL1-4;24;43;65;9;11;29;32;68;70;88;91;1043;219;180;210;;70;89;1012;262
EXP1;MICAL1-4;25;6;53;3;9;TOO_SHORT_CUT;TOO_SHORT_CUT;50;56;TOO_SHORT_CUT;TOO_SHORT_CUT;786;507;;;;55;65;772;538
EXP1;MICAL1-4;26;7;49;10;12;TOO_SHORT_CUT;TOO_SHORT_CUT;47;49;TOO_SHORT_CUT;TOO_SHORT_CUT;597;434;;;;49;64;622;410
EXP1;MICAL1-4;27;18;47;7;14;TOO_SHORT_CUT;TOO_SHORT_CUT;40;47;TOO_SHORT_CUT;TOO_SHORT_CUT;362;966;;;;-1;-1;-1;-1
EXP1;MICAL1-4;28;39;41;2;3;NEAR_BORDER;NEAR_BORDER;35;36;NEAR_BORDER;NEAR_BORDER;101;748;;;;35;42;70;742
EXP1;MICAL1-4;29;8;31;9;12;21;24;15;18;27;30;400;445;90;120;;17;27;378;400
EXP1;MICAL1-4;2;89;175;8;11;TOO_SHORT_CUT;TOO_SHORT_CUT;208;211;TOO_SHORT_CUT;TOO_SHORT_CUT;125;959;;;;211;216;132;954
EXP1;MICAL1-4;30;9;29;5;12;20;23;7;14;22;25;952;684;80;110;;-1;-1;-1;-1
EXP1;MICAL1-4;31;4;26;7;10;22;24;7;10;22;24;719;176;120;140;;10;23;806;162
EXP1;MICAL1-4;3;49;173;11;12;TOO_SHORT_CUT;TOO_SHORT_CUT;210;211;TOO_SHORT_CUT;TOO_SHORT_CUT;532;496;;;;211;219;522;496
EXP1;MICAL1-4;4;85;172,17;10;12;MORE_THAN_TWO_DAUGHTER_TRACKS;MORE_THAN_TWO_DAUGHTER_TRACKS;204;206;MORE_THAN_TWO_DAUGHTER_TRACKS;MORE_THAN_TWO_DAUGHTER_TRACKS;1013;458;;;;205;214;1082;420
EXP1;MICAL1-4;5;76;165;9;12;TOO_SHORT_CUT;TOO_SHORT_CUT;202;205;TOO_SHORT_CUT;TOO_SHORT_CUT;280;836;;;;205;211;336;754
EXP1;MICAL1-4;6;71;159;9;12;TOO_SHORT_CUT;TOO_SHORT_CUT;198;201;TOO_SHORT_CUT;TOO_SHORT_CUT;1090;966;;;;200;209;1126;1026
EXP1;MICAL1-4;7;10;157;8;12;TOO_SHORT_CUT;TOO_SHORT_CUT;196;200;TOO_SHORT_CUT;TOO_SHORT_CUT;1299;1061;;;;200;213;1352;994
EXP1;MICAL1-4;8;65;156;9;12;TOO_SHORT_CUT;TOO_SHORT_CUT;197;200;TOO_SHORT_CUT;TOO_SHORT_CUT;955;115;;;;199;211;952;144
EXP1;MICAL1-4;9;3;154;2;2;TOO_SHORT_CUT;TOO_SHORT_CUT;195;195;TOO_SHORT_CUT;TOO_SHORT_CUT;577;154;;;;-1;-1;-1;-1
EXP1;MICAL1-5;0;243;262;9;12;NO_MID_BODY_DETECTED;NO_MID_BODY_DETECTED;220;223;NO_MID_BODY_DETECTED;NO_MID_BODY_DETECTED;-1;-1;;;;-1;-1;-1;-1
EXP1;MICAL1-5;10;72;199;7;11;22;24;161;165;176;178;1021;387;110;130;;165;176;1056;424
EXP1;MICAL1-5;11;62;198;6;12;TOO_SHORT_CUT;TOO_SHORT_CUT;159;165;TOO_SHORT_CUT;TOO_SHORT_CUT;1076;233;;;;-1;-1;-1;-1
EXP1;MICAL1-5;12;133;189;9;15;NO_MID_BODY_DETECTED;NO_MID_BODY_DETECTED;145;151;NO_MID_BODY_DETECTED;NO_MID_BODY_DETECTED;-1;-1;;;;-1;-1;-1;-1
EXP1;MICAL1-5;13;18;183;8;13;TOO_SHORT_CUT;TOO_SHORT_CUT;144;149;TOO_SHORT_CUT;TOO_SHORT_CUT;875;906;;;;-1;-1;-1;-1
EXP1;MICAL1-5;14;81;175;10;12;NO_CUT_DETECTED;NO_CUT_DETECTED;140;142;NO_CUT_DETECTED;NO_CUT_DETECTED;368;297;;;;-1;-1;-1;-1
EXP1;MICAL1-5;15;113;160;5;12;29;34;121;128;145;150;632;256;170;220;;-1;-1;-1;-1
EXP1;MICAL1-5;16;0;153;10;11;NO_MID_BODY_DETECTED;NO_MID_BODY_DETECTED;122;123;NO_MID_BODY_DETECTED;NO_MID_BODY_DETECTED;-1;-1;;;;-1;-1;-1;-1
EXP1;MICAL1-5;17;23;128;7;11;NEAR_BORDER;NEAR_BORDER;84;88;NEAR_BORDER;NEAR_BORDER;231;1083;;;;-1;-1;-1;-1
EXP1;MICAL1-5;18;10;78,72;8;11;MORE_THAN_TWO_DAUGHTER_TRACKS;MORE_THAN_TWO_DAUGHTER_TRACKS;40;43;MORE_THAN_TWO_DAUGHTER_TRACKS;MORE_THAN_TWO_DAUGHTER_TRACKS;1155;375;;;;43;66;1066;402
EXP1;MICAL1-5;19;17;70;7;11;NEAR_BORDER;NEAR_BORDER;37;41;NEAR_BORDER;NEAR_BORDER;855;985;;;;-1;-1;-1;-1
EXP1;MICAL1-5;1;118;255;10;13;NO_MID_BODY_DETECTED;NO_MID_BODY_DETECTED;213;216;NO_MID_BODY_DETECTED;NO_MID_BODY_DETECTED;-1;-1;;;;-1;-1;-1;-1
EXP1;MICAL1-5;20;22;65;6;9;TOO_SHORT_CUT;TOO_SHORT_CUT;35;38;TOO_SHORT_CUT;TOO_SHORT_CUT;287;890;;;;-1;-1;-1;-1
EXP1;MICAL1-5;21;8;62;8;11;31;39;30;33;53;61;905;427;200;280;;33;53;862;406
EXP1;MICAL1-5;22;16;61;8;11;24;27;25;28;41;44;1408;845;130;160;;28;42;1380;830
EXP1;MICAL1-5;23;26;56;9;11;29;NO_CUT_DETECTED;23;25;43;NO_CUT_DETECTED;427;303;180;;;25;54;416;292
EXP1;MICAL1-5;24;5;33;2;6;26;29;2;6;26;29;847;207;200;230;;4;27;838;246
EXP1;MICAL1-5;2;9;234;8;14;NO_MID_BODY_DETECTED;NO_MID_BODY_DETECTED;188;194;NO_MID_BODY_DETECTED;NO_MID_BODY_DETECTED;-1;-1;;;;-1;-1;-1;-1
EXP1;MICAL1-5;3;120;228;8;13;TOO_SHORT_CUT;TOO_SHORT_CUT;181;186;TOO_SHORT_CUT;TOO_SHORT_CUT;292;698;;;;184;193;350;690
EXP1;MICAL1-5;4;15;227;8;12;TOO_SHORT_CUT;TOO_SHORT_CUT;182;186;TOO_SHORT_CUT;TOO_SHORT_CUT;169;587;;;;185;193;102;538
EXP1;MICAL1-5;5;111;217;9;11;20;23;177;179;188;191;1535;1035;90;120;;179;190;1520;996
EXP1;MICAL1-5;6;172;216;9;12;TOO_SHORT_CUT;TOO_SHORT_CUT;176;179;TOO_SHORT_CUT;TOO_SHORT_CUT;58;232;;;;179;189;30;222
EXP1;MICAL1-5;7;70;209;9;12;20;22;169;172;180;182;894;806;80;100;;172;181;892;802
EXP1;MICAL1-5;8;10;201;6;11;TOO_SHORT_CUT;TOO_SHORT_CUT;162;167;TOO_SHORT_CUT;TOO_SHORT_CUT;1507;335;;;;167;179;1486;308
EXP1;MICAL1-5;9;67;200;8;11;NEAR_BORDER;NEAR_BORDER;164;167;NEAR_BORDER;NEAR_BORDER;864;67;;;;167;179;860;24
EXP1;MICAL1-6;0;228;272,261;11;11;MORE_THAN_TWO_DAUGHTER_TRACKS;MORE_THAN_TWO_DAUGHTER_TRACKS;230;230;MORE_THAN_TWO_DAUGHTER_TRACKS;MORE_THAN_TWO_DAUGHTER_TRACKS;1316;999;;;;230;244;1314;990
EXP1;MICAL1-6;10;131;157;9;15;24;25;141;147;156;157;856;349;90;100;;-1;-1;-1;-1
EXP1;MICAL1-6;11;3;140;8;18;TOO_SHORT_CUT;TOO_SHORT_CUT;129;139;TOO_SHORT_CUT;TOO_SHORT_CUT;349;229;;;;-1;-1;-1;-1
EXP1;MICAL1-6;12;2;128;7;12;NO_MID_BODY_DETECTED;NO_MID_BODY_DETECTED;124;129;NO_MID_BODY_DETECTED;NO_MID_BODY_DETECTED;-1;-1;;;;-1;-1;-1;-1
EXP1;MICAL1-6;13;61;93;8;11;NO_MID_BODY_DETECTED;NO_MID_BODY_DETECTED;82;85;NO_MID_BODY_DETECTED;NO_MID_BODY_DETECTED;-1;-1;;;;-1;-1;-1;-1
EXP1;MICAL1-6;14;6;85;7;12;35;36;66;71;94;95;1325;315;230;240;;-1;-1;-1;-1
EXP1;MICAL1-6;15;17;70;7;12;TOO_SHORT_CUT;TOO_SHORT_CUT;48;53;TOO_SHORT_CUT;TOO_SHORT_CUT;636;434;;;;51;58;666;398
EXP1;MICAL1-6;16;14;69;8;14;TOO_SHORT_CUT;TOO_SHORT_CUT;44;50;TOO_SHORT_CUT;TOO_SHORT_CUT;1124;551;;;;-1;-1;-1;-1
EXP1;MICAL1-6;17;8;62;9;12;51;53;38;41;80;82;986;407;390;410;;41;85;1016;422
EXP1;MICAL1-6;18;15;55;7;11;TOO_SHORT_CUT;TOO_SHORT_CUT;25;29;TOO_SHORT_CUT;TOO_SHORT_CUT;1063;774;;;;-1;-1;-1;-1
EXP1;MICAL1-6;1;18;271;8;12;TOO_SHORT_CUT;TOO_SHORT_CUT;229;233;TOO_SHORT_CUT;TOO_SHORT_CUT;602;974;;;;-1;-1;-1;-1
EXP1;MICAL1-6;2;100;238;8;12;23;25;214;218;229;231;566;548;110;130;;217;229;564;510
EXP1;MICAL1-6;3;195;234;10;13;TOO_SHORT_CUT;TOO_SHORT_CUT;211;214;TOO_SHORT_CUT;TOO_SHORT_CUT;816;669;;;;-1;-1;-1;-1
EXP1;MICAL1-6;4;14;226;-4;11;TOO_SHORT_CUT;TOO_SHORT_CUT;194;209;TOO_SHORT_CUT;TOO_SHORT_CUT;1153;493;;;;-1;-1;-1;-1
EXP1;MICAL1-6;5;6;199,196;9;11;MORE_THAN_TWO_DAUGHTER_TRACKS;MORE_THAN_TWO_DAUGHTER_TRACKS;191;193;MORE_THAN_TWO_DAUGHTER_TRACKS;MORE_THAN_TWO_DAUGHTER_TRACKS;1320;337;;;;194;208;1314;336
EXP1;MICAL1-6;6;178;185;2;5;TOO_SHORT_CUT;TOO_SHORT_CUT;177;180;TOO_SHORT_CUT;TOO_SHORT_CUT;784;294;;;;180;189;810;232
EXP1;MICAL1-6;7;23;172;8;11;TOO_SHORT_CUT;TOO_SHORT_CUT;162;165;TOO_SHORT_CUT;TOO_SHORT_CUT;1429;796;;;;165;177;1494;828
EXP1;MICAL1-6;8;83;163;6;12;NO_MID_BODY_DETECTED;NO_MID_BODY_DETECTED;148;154;NO_MID_BODY_DETECTED;NO_MID_BODY_DETECTED;-1;-1;;;;-1;-1;-1;-1
EXP1;MICAL1-6;9;4;158;10;12;TOO_SHORT_CUT;TOO_SHORT_CUT;148;150;TOO_SHORT_CUT;TOO_SHORT_CUT;899;50;;;;150;163;926;36
EXP1;MICAL1-7;0;270;345;11;19;TOO_SHORT_CUT;TOO_SHORT_CUT;232;240;TOO_SHORT_CUT;TOO_SHORT_CUT;826;515;;;;-1;-1;-1;-1
EXP1;MICAL1-7;10;249;265;10;11;TOO_SHORT_CUT;TOO_SHORT_CUT;181;182;TOO_SHORT_CUT;TOO_SHORT_CUT;32;130;;;;181;196;58;216
EXP1;MICAL1-7;11;67;221;10;12;NO_CUT_DETECTED;NO_CUT_DETECTED;143;145;NO_CUT_DETECTED;NO_CUT_DETECTED;1330;962;;;;-1;-1;-1;-1
EXP1;MICAL1-7;12;17;219;7;11;25;33;140;144;158;166;1061;568;140;220;;144;171;1122;520
EXP1;MICAL1-7;13;19;217;8;11;TOO_SHORT_CUT;TOO_SHORT_CUT;139;142;TOO_SHORT_CUT;TOO_SHORT_CUT;1391;628;;;;-1;-1;-1;-1
EXP1;MICAL1-7;14;23;215,212;9;9;MORE_THAN_TWO_DAUGHTER_TRACKS;MORE_THAN_TWO_DAUGHTER_TRACKS;137;137;MORE_THAN_TWO_DAUGHTER_TRACKS;MORE_THAN_TWO_DAUGHTER_TRACKS;1023;823;;;;139;149;998;850
EXP1;MICAL1-7;15;140;206;8;11;NO_MID_BODY_DETECTED;NO_MID_BODY_DETECTED;127;130;NO_MID_BODY_DETECTED;NO_MID_BODY_DETECTED;-1;-1;;;;-1;-1;-1;-1
EXP1;MICAL1-7;16;13;199;9;13;TOO_SHORT_CUT;TOO_SHORT_CUT;119;123;TOO_SHORT_CUT;TOO_SHORT_CUT;994;404;;;;122;133;988;384
EXP1;MICAL1-7;17;32;190;7;11;TOO_SHORT_CUT;TOO_SHORT_CUT;111;115;TOO_SHORT_CUT;TOO_SHORT_CUT;1490;815;;;;115;125;1556;722
EXP1;MICAL1-7;18;12;187;8;11;24;24;111;114;127;127;577;318;130;130;;114;127;578;318
EXP1;MICAL1-7;19;18;182;9;11;24;26;110;112;125;127;555;529;130;150;;112;126;554;530
EXP1;MICAL1-7;1;182;339;11;13;NO_MID_BODY_DETECTED;NO_MID_BODY_DETECTED;233;235;NO_MID_BODY_DETECTED;NO_MID_BODY_DETECTED;-1;-1;;;;-1;-1;-1;-1
EXP1;MICAL1-7;20;9;176;9;12;27;28;106;109;124;125;808;477;150;160;;109;124;808;422
EXP1;MICAL1-7;21;5;170;9;11;22;23;102;104;115;116;1025;187;110;120;;104;116;1032;182
EXP1;MICAL1-7;22;7;169;9;14;28;33;99;104;118;123;306;247;140;190;;102;120;218;202
EXP1;MICAL1-7;23;14;162;8;12;23;25;93;97;108;110;210;398;110;130;;96;108;232;400
EXP1;MICAL1-7;24;1;147;7;11;25;30;82;86;100;105;546;110;140;190;;86;105;538;96
EXP1;MICAL1-7;25;0;146;10;12;NO_CUT_DETECTED;NO_CUT_DETECTED;84;86;NO_CUT_DETECTED;NO_CUT_DETECTED;140;78;;;;86;103;132;72
EXP1;MICAL1-7;2;187;333,328;11;12;MORE_THAN_TWO_DAUGHTER_TRACKS;MORE_THAN_TWO_DAUGHTER_TRACKS;227;228;MORE_THAN_TWO_DAUGHTER_TRACKS;MORE_THAN_TWO_DAUGHTER_TRACKS;709;283;;;;228;239;708;276
EXP1;MICAL1-7;3;5;330;10;13;TOO_SHORT_CUT;TOO_SHORT_CUT;227;230;TOO_SHORT_CUT;TOO_SHORT_CUT;1400;188;;;;229;240;1386;206
EXP1;MICAL1-7;4;262;322;10;12;TOO_SHORT_CUT;TOO_SHORT_CUT;223;225;TOO_SHORT_CUT;TOO_SHORT_CUT;609;467;;;;-1;-1;-1;-1
EXP1;MICAL1-7;5;170;319;10;12;TOO_SHORT_CUT;TOO_SHORT_CUT;223;225;TOO_SHORT_CUT;TOO_SHORT_CUT;950;132;;;;224;234;950;150
EXP1;MICAL1-7;6;18;316;10;12;23;24;221;223;234;235;479;784;110;120;;-1;-1;-1;-1
EXP1;MICAL1-7;7;146;305;11;11;26;27;212;212;227;228;238;202;150;160;;-1;-1;-1;-1
EXP1;MICAL1-7;8;7;302;10;12;TOO_SHORT_CUT;TOO_SHORT_CUT;209;211;TOO_SHORT_CUT;TOO_SHORT_CUT;250;430;;;;210;218;242;368
EXP1;MICAL1-7;9;147;284;10;10;23;25;199;199;212;214;588;171;130;150;;201;213;590;180
EXP1;MICAL1-8;0;215;365;11;16;22;22;237;242;248;248;1304;907;60;60;;-1;-1;-1;-1
EXP1;MICAL1-8;10;29;329;8;12;TOO_SHORT_CUT;TOO_SHORT_CUT;223;227;TOO_SHORT_CUT;TOO_SHORT_CUT;1120;133;;;;-1;-1;-1;-1
EXP1;MICAL1-8;11;13;326,323;10;12;MORE_THAN_TWO_DAUGHTER_TRACKS;MORE_THAN_TWO_DAUGHTER_TRACKS;221;223;MORE_THAN_TWO_DAUGHTER_TRACKS;MORE_THAN_TWO_DAUGHTER_TRACKS;863;978;;;;223;232;807;968
EXP1;MICAL1-8;12;252;311;8;13;TOO_SHORT_CUT;TOO_SHORT_CUT;213;218;TOO_SHORT_CUT;TOO_SHORT_CUT;1345;876;;;;-1;-1;-1;-1
EXP1;MICAL1-8;13;36;289;9;12;NO_CUT_DETECTED;NO_CUT_DETECTED;204;207;NO_CUT_DETECTED;NO_CUT_DETECTED;168;782;;;;206;214;174;752
EXP1;MICAL1-8;14;134;280;9;12;NO_MID_BODY_DETECTED;NO_MID_BODY_DETECTED;198;201;NO_MID_BODY_DETECTED;NO_MID_BODY_DETECTED;-1;-1;;;;-1;-1;-1;-1
EXP1;MICAL1-8;15;129;275;9;12;NO_MID_BODY_DETECTED;NO_MID_BODY_DETECTED;191;194;NO_MID_BODY_DETECTED;NO_MID_BODY_DETECTED;-1;-1;;;;-1;-1;-1;-1
EXP1;MICAL1-8;16;138;274;9;12;TOO_SHORT_CUT;TOO_SHORT_CUT;190;193;TOO_SHORT_CUT;TOO_SHORT_CUT;1115;874;;;;193;204;1119;859
EXP1;MICAL1-8;17;130;267;5;17;NEAR_BORDER;NEAR_BORDER;177;189;NEAR_BORDER;NEAR_BORDER;442;1054;;;;-1;-1;-1;-1
EXP1;MICAL1-8;18;72;242,234;7;11;MORE_THAN_TWO_DAUGHTER_TRACKS;MORE_THAN_TWO_DAUGHTER_TRACKS;162;166;MORE_THAN_TWO_DAUGHTER_TRACKS;MORE_THAN_TWO_DAUGHTER_TRACKS;1017;311;;;;166;185;1008;306
EXP1;MICAL1-8;19;64;232;10;12;TOO_SHORT_CUT;TOO_SHORT_CUT;160;162;TOO_SHORT_CUT;TOO_SHORT_CUT;783;336;;;;162;173;827;356
EXP1;MICAL1-8;1;200;364;9;12;TOO_SHORT_CUT;TOO_SHORT_CUT;239;242;TOO_SHORT_CUT;TOO_SHORT_CUT;750;529;;;;242;251;724;529
EXP1;MICAL1-8;20;58;231;-2;10;TOO_SHORT_CUT;TOO_SHORT_CUT;148;160;TOO_SHORT_CUT;TOO_SHORT_CUT;173;510;;;;159;168;190;505
EXP1;MICAL1-8;21;5;217;10;11;19;20;149;150;158;159;777;103;80;90;;150;158;711;205
EXP1;MICAL1-8;22;8;212;6;11;17;20;141;146;152;155;188;336;60;90;;146;154;181;334
EXP1;MICAL1-8;23;51;205;9;11;23;27;140;142;154;158;547;277;120;160;;-1;-1;-1;-1
EXP1;MICAL1-8;24;76;204,195;8;11;MORE_THAN_TWO_DAUGHTER_TRACKS;MORE_THAN_TWO_DAUGHTER_TRACKS;133;136;MORE_THAN_TWO_DAUGHTER_TRACKS;MORE_THAN_TWO_DAUGHTER_TRACKS;1313;645;;;;136;143;1288;628
EXP1;MICAL1-8;25;7;201;8;12;TOO_SHORT_CUT;TOO_SHORT_CUT;135;139;TOO_SHORT_CUT;TOO_SHORT_CUT;1073;727;;;;-1;-1;-1;-1
EXP1;MICAL1-8;26;10;200;11;12;TOO_SHORT_CUT;TOO_SHORT_CUT;138;139;TOO_SHORT_CUT;TOO_SHORT_CUT;741;469;;;;-1;-1;-1;-1
EXP1;MICAL1-8;27;29;189;9;12;TOO_SHORT_CUT;TOO_SHORT_CUT;129;132;TOO_SHORT_CUT;TOO_SHORT_CUT;1282;157;;;;132;140;1284;128
EXP1;MICAL1-8;28;124;185;1;4;NO_MID_BODY_DETECTED;NO_MID_BODY_DETECTED;126;129;NO_MID_BODY_DETECTED;NO_MID_BODY_DETECTED;-1;-1;;;;-1;-1;-1;-1
EXP1;MICAL1-8;29;3;183;7;12;23;23;123;128;139;139;1392;410;110;110;;127;139;1390;395
EXP1;MICAL1-8;2;201;360,345;11;12;MORE_THAN_TWO_DAUGHTER_TRACKS;MORE_THAN_TWO_DAUGHTER_TRACKS;233;234;MORE_THAN_TWO_DAUGHTER_TRACKS;MORE_THAN_TWO_DAUGHTER_TRACKS;1120;628;;;;234;243;1047;697
EXP1;MICAL1-8;30;13;173;7;9;23;24;119;121;135;136;760;840;140;150;;123;135;746;846
EXP1;MICAL1-8;31;17;129;9;12;TOO_SHORT_CUT;TOO_SHORT_CUT;84;87;TOO_SHORT_CUT;TOO_SHORT_CUT;1197;922;;;;87;98;1128;894
EXP1;MICAL1-8;32;36;123;10;12;TOO_SHORT_CUT;TOO_SHORT_CUT;80;82;TOO_SHORT_CUT;TOO_SHORT_CUT;211;758;;;;81;97;202;788
EXP1;MICAL1-8;33;1;72;8;11;29;35;38;41;59;65;899;118;180;240;;41;59;942;220
EXP1;MICAL1-8;34;5;64;8;11;TOO_SHORT_CUT;TOO_SHORT_CUT;29;32;TOO_SHORT_CUT;TOO_SHORT_CUT;977;180;;;;-1;-1;-1;-1
EXP1;MICAL1-8;35;8;58;8;12;19;22;25;29;36;39;211;393;70;100;;29;36;214;390
EXP1;MICAL1-8;36;2;56;11;15;NEAR_BORDER;NEAR_BORDER;22;26;NEAR_BORDER;NEAR_BORDER;1529;0;;;;-1;-1;-1;-1
EXP1;MICAL1-8;37;10;51;7;11;23;25;18;22;34;36;620;395;120;140;;22;34;662;432
EXP1;MICAL1-8;38;28;44,29;2;3;MORE_THAN_TWO_DAUGHTER_TRACKS;MORE_THAN_TWO_DAUGHTER_TRACKS;5;6;MORE_THAN_TWO_DAUGHTER_TRACKS;MORE_THAN_TWO_DAUGHTER_TRACKS;1386;292;;;;-1;-1;-1;-1
EXP1;MICAL1-8;3;3;358;5;12;NEAR_BORDER;NEAR_BORDER;232;239;NEAR_BORDER;NEAR_BORDER;1564;259;;;;239;246;1552;252
EXP1;MICAL1-8;4;204;355;11;19;TOO_SHORT_CUT;TOO_SHORT_CUT;229;237;TOO_SHORT_CUT;TOO_SHORT_CUT;1448;505;;;;-1;-1;-1;-1
EXP1;MICAL1-8;5;76;349;5;19;TOO_SHORT_CUT;TOO_SHORT_CUT;221;235;TOO_SHORT_CUT;TOO_SHORT_CUT;1435;446;;;;-1;-1;-1;-1
EXP1;MICAL1-8;6;7;340;8;13;TOO_SHORT_CUT;TOO_SHORT_CUT;228;233;TOO_SHORT_CUT;TOO_SHORT_CUT;984;815;;;;232;237;1019;771
EXP1;MICAL1-8;7;189;338;8;12;TOO_SHORT_CUT;TOO_SHORT_CUT;228;232;TOO_SHORT_CUT;TOO_SHORT_CUT;1359;82;;;;232;239;1358;60
EXP1;MICAL1-8;8;229;336;9;12;NO_MID_BODY_DETECTED;NO_MID_BODY_DETECTED;228;231;NO_MID_BODY_DETECTED;NO_MID_BODY_DETECTED;-1;-1;;;;-1;-1;-1;-1
EXP1;MICAL1-8;9;183;332;9;18;TOO_SHORT_CUT;TOO_SHORT_CUT;220;229;TOO_SHORT_CUT;TOO_SHORT_CUT;1361;333;;;;-1;-1;-1;-1
EXP1;MICAL1-9;0;133;270,263;8;8;MORE_THAN_TWO_DAUGHTER_TRACKS;MORE_THAN_TWO_DAUGHTER_TRACKS;227;227;MORE_THAN_TWO_DAUGHTER_TRACKS;MORE_THAN_TWO_DAUGHTER_TRACKS;1196;909;;;;-1;-1;-1;-1
EXP1;MICAL1-9;10;9;189,188;9;12;MORE_THAN_TWO_DAUGHTER_TRACKS;MORE_THAN_TWO_DAUGHTER_TRACKS;168;171;MORE_THAN_TWO_DAUGHTER_TRACKS;MORE_THAN_TWO_DAUGHTER_TRACKS;795;54;;;;170;178;784;40
EXP1;MICAL1-9;11;92;185;7;11;NO_CUT_DETECTED;NO_CUT_DETECTED;166;170;NO_CUT_DETECTED;NO_CUT_DETECTED;793;48;;;;-1;-1;-1;-1
EXP1;MICAL1-9;12;87;183,182;8;12;MORE_THAN_TWO_DAUGHTER_TRACKS;MORE_THAN_TWO_DAUGHTER_TRACKS;163;167;MORE_THAN_TWO_DAUGHTER_TRACKS;MORE_THAN_TWO_DAUGHTER_TRACKS;1090;58;;;;167;176;1073;94
EXP1;MICAL1-9;13;64;177;9;12;TOO_SHORT_CUT;TOO_SHORT_CUT;159;162;TOO_SHORT_CUT;TOO_SHORT_CUT;623;434;;;;161;172;615;421
EXP1;MICAL1-9;14;101;171;8;11;TOO_SHORT_CUT;TOO_SHORT_CUT;152;155;TOO_SHORT_CUT;TOO_SHORT_CUT;231;410;;;;155;163;226;411
EXP1;MICAL1-9;15;13;169;10;12;TOO_SHORT_CUT;TOO_SHORT_CUT;151;153;TOO_SHORT_CUT;TOO_SHORT_CUT;473;493;;;;153;163;540;508
EXP1;MICAL1-9;16;2;164,162;6;12;MORE_THAN_TWO_DAUGHTER_TRACKS;MORE_THAN_TWO_DAUGHTER_TRACKS;143;149;MORE_THAN_TWO_DAUGHTER_TRACKS;MORE_THAN_TWO_DAUGHTER_TRACKS;580;249;;;;149;155;580;246
EXP1;MICAL1-9;17;0;163;8;11;22;NO_CUT_DETECTED;146;149;160;NO_CUT_DETECTED;291;112;110;;;149;160;218;138
EXP1;MICAL1-9;18;12;155;11;11;TOO_SHORT_CUT;TOO_SHORT_CUT;139;139;TOO_SHORT_CUT;TOO_SHORT_CUT;684;439;;;;140;147;775;410
EXP1;MICAL1-9;19;16;151;10;12;27;30;134;136;151;154;1076;455;150;180;;136;151;1078;455
EXP1;MICAL1-9;1;7;231;6;19;NEAR_BORDER;NEAR_BORDER;194;207;NEAR_BORDER;NEAR_BORDER;1378;0;;;;-1;-1;-1;-1
EXP1;MICAL1-9;20;57;136;8;12;TOO_SHORT_CUT;TOO_SHORT_CUT;116;120;TOO_SHORT_CUT;TOO_SHORT_CUT;724;964;;;;120;130;744;922
EXP1;MICAL1-9;21;27;133;8;12;TOO_SHORT_CUT;TOO_SHORT_CUT;111;115;TOO_SHORT_CUT;TOO_SHORT_CUT;1058;904;;;;114;125;1092;944
EXP1;MICAL1-9;22;7;114;8;12;24;26;87;91;103;105;1211;98;120;140;;90;104;1265;68
EXP1;MICAL1-9;23;11;105;8;12;TOO_SHORT_CUT;TOO_SHORT_CUT;78;82;TOO_SHORT_CUT;TOO_SHORT_CUT;856;586;;;;-1;-1;-1;-1
EXP1;MICAL1-9;24;14;102;8;12;50;54;71;75;113;117;1258;614;380;420;;74;113;1309;611
EXP1;MICAL1-9;25;9;92;8;12;TOO_SHORT_CUT;TOO_SHORT_CUT;61;65;TOO_SHORT_CUT;TOO_SHORT_CUT;763;94;;;;65;74;748;102
EXP1;MICAL1-9;26;10;90;8;11;22;22;60;63;74;74;1501;237;110;110;;62;74;1471;184
EXP1;MICAL1-9;27;5;87;8;12;TOO_SHORT_CUT;TOO_SHORT_CUT;58;62;TOO_SHORT_CUT;TOO_SHORT_CUT;1137;67;;;;62;78;1130;54
EXP1;MICAL1-9;28;33;82;8;13;27;27;52;57;71;71;777;740;140;140;;56;76;804;770
EXP1;MICAL1-9;29;34;70;6;11;27;27;34;39;55;55;160;936;160;160;;39;55;136;993
EXP1;MICAL1-9;2;123;229;9;13;NO_MID_BODY_DETECTED;NO_MID_BODY_DETECTED;199;203;NO_MID_BODY_DETECTED;NO_MID_BODY_DETECTED;-1;-1;;;;-1;-1;-1;-1
EXP1;MICAL1-9;30;13;64;7;12;TOO_SHORT_CUT;TOO_SHORT_CUT;28;33;TOO_SHORT_CUT;TOO_SHORT_CUT;647;506;;;;33;45;585;524
EXP1;MICAL1-9;31;0;51;7;12;TOO_SHORT_CUT;TOO_SHORT_CUT;9;14;TOO_SHORT_CUT;TOO_SHORT_CUT;298;170;;;;13;26;294;194
EXP1;MICAL1-9;3;136;216;6;15;NEAR_BORDER;NEAR_BORDER;181;190;NEAR_BORDER;NEAR_BORDER;660;1057;;;;-1;-1;-1;-1
EXP1;MICAL1-9;4;122;215;5;19;TOO_SHORT_CUT;TOO_SHORT_CUT;175;189;TOO_SHORT_CUT;TOO_SHORT_CUT;147;819;;;;-1;-1;-1;-1
EXP1;MICAL1-9;5;102;203;10;11;42;42;179;180;211;211;1245;742;310;310;;180;211;1180;778
EXP1;MICAL1-9;6;105;202;9;12;TOO_SHORT_CUT;TOO_SHORT_CUT;177;180;TOO_SHORT_CUT;TOO_SHORT_CUT;982;304;;;;180;187;1038;320
EXP1;MICAL1-9;7;10;201;8;13;NEAR_BORDER;NEAR_BORDER;175;180;NEAR_BORDER;NEAR_BORDER;1592;337;;;;179;186;1590;314
EXP1;MICAL1-9;8;161;198;6;12;23;26;173;179;190;193;147;819;110;140;;-1;-1;-1;-1
EXP1;MICAL1-9;9;14;194;9;12;35;37;174;177;200;202;1295;514;230;250;;177;204;1274;494
EXP2;siCEP55-10;0;8;264;5;11;25;NO_CUT_DETECTED;258;264;278;NO_CUT_DETECTED;1416;501;140;;;-1;-1;-1;-1
EXP2;siCEP55-10;10;4;155;-39;13;21;27;124;176;184;190;277;212;80;140;;-1;-1;-1;-1
EXP2;siCEP55-10;11;2;150,143;-2;11;MORE_THAN_TWO_DAUGHTER_TRACKS;MORE_THAN_TWO_DAUGHTER_TRACKS;151;164;MORE_THAN_TWO_DAUGHTER_TRACKS;MORE_THAN_TWO_DAUGHTER_TRACKS;795;238;;;;-1;-1;-1;-1
EXP2;siCEP55-10;12;82;148;6;11;NEAR_BORDER;NEAR_BORDER;164;169;NEAR_BORDER;NEAR_BORDER;99;862;;;;-1;-1;-1;-1
EXP2;siCEP55-10;13;112;146,141;-12;7;MORE_THAN_TWO_DAUGHTER_TRACKS;MORE_THAN_TWO_DAUGHTER_TRACKS;144;163;MORE_THAN_TWO_DAUGHTER_TRACKS;MORE_THAN_TWO_DAUGHTER_TRACKS;-1;-1;;;;-1;-1;-1;-1
EXP2;siCEP55-10;14;11;133;-8;9;NO_MID_BODY_DETECTED;NO_MID_BODY_DETECTED;136;153;NO_MID_BODY_DETECTED;NO_MID_BODY_DETECTED;-1;-1;;;;-1;-1;-1;-1
EXP2;siCEP55-10;15;8;130;6;11;29;31;146;151;169;171;1473;519;180;200;;151;176;1474;520
EXP2;siCEP55-10;16;31;125;6;11;NO_CUT_DETECTED;NO_CUT_DETECTED;137;142;NO_CUT_DETECTED;NO_CUT_DETECTED;1055;440;;;;-1;-1;-1;-1
EXP2;siCEP55-10;17;42;120;9;11;TOO_SHORT_CUT;TOO_SHORT_CUT;136;138;TOO_SHORT_CUT;TOO_SHORT_CUT;1370;626;;;;138;166;1373;640
EXP2;siCEP55-10;18;18;102,98;9;11;MORE_THAN_TWO_DAUGHTER_TRACKS;MORE_THAN_TWO_DAUGHTER_TRACKS;108;110;MORE_THAN_TWO_DAUGHTER_TRACKS;MORE_THAN_TWO_DAUGHTER_TRACKS;992;973;;;;-1;-1;-1;-1
EXP2;siCEP55-10;19;16;89;-11;16;TOO_SHORT_CUT;TOO_SHORT_CUT;73;100;TOO_SHORT_CUT;TOO_SHORT_CUT;395;869;;;;-1;-1;-1;-1
EXP2;siCEP55-10;1;236;262;2;13;28;NO_CUT_DETECTED;252;263;278;NO_CUT_DETECTED;619;468;150;;;-1;-1;-1;-1
EXP2;siCEP55-10;20;19;71,62;-5;4;MORE_THAN_TWO_DAUGHTER_TRACKS;MORE_THAN_TWO_DAUGHTER_TRACKS;57;66;MORE_THAN_TWO_DAUGHTER_TRACKS;MORE_THAN_TWO_DAUGHTER_TRACKS;586;1039;;;;-1;-1;-1;-1
EXP2;siCEP55-10;21;13;68;5;10;32;119;65;70;92;179;420;675;220;1090;;70;176;441;688
EXP2;siCEP55-10;22;14;56;8;12;18;18;51;55;61;61;203;750;60;60;;-1;-1;-1;-1
EXP2;siCEP55-10;23;1;46,41;8;10;MORE_THAN_TWO_DAUGHTER_TRACKS;MORE_THAN_TWO_DAUGHTER_TRACKS;29;31;MORE_THAN_TWO_DAUGHTER_TRACKS;MORE_THAN_TWO_DAUGHTER_TRACKS;479;15;;;;-1;-1;-1;-1
EXP2;siCEP55-10;24;22;42;8;11;53;NO_CUT_DETECTED;30;33;75;NO_CUT_DETECTED;1515;559;420;;;33;86;1541;569
EXP2;siCEP55-10;25;0;39;8;11;NEAR_BORDER;NEAR_BORDER;26;29;NEAR_BORDER;NEAR_BORDER;177;62;;;;-1;-1;-1;-1
EXP2;siCEP55-10;26;12;32;8;11;46;47;17;20;55;56;1401;824;350;360;;20;55;1406;829
EXP2;siCEP55-10;27;8;31;6;13;54;58;13;20;61;65;1306;453;410;450;;18;67;1309;456
EXP2;siCEP55-10;28;6;29;11;12;NO_CUT_DETECTED;NO_CUT_DETECTED;17;18;NO_CUT_DETECTED;NO_CUT_DETECTED;154;492;;;;18;32;133;518
EXP2;siCEP55-10;29;2;26;4;11;TOO_SHORT_CUT;TOO_SHORT_CUT;5;12;TOO_SHORT_CUT;TOO_SHORT_CUT;760;85;;;;-1;-1;-1;-1
EXP2;siCEP55-10;2;120;258;6;11;37;NO_CUT_DETECTED;256;261;287;NO_CUT_DETECTED;1228;438;260;;;-1;-1;-1;-1
EXP2;siCEP55-10;3;42;252,249;9;12;MORE_THAN_TWO_DAUGHTER_TRACKS;MORE_THAN_TWO_DAUGHTER_TRACKS;253;256;MORE_THAN_TWO_DAUGHTER_TRACKS;MORE_THAN_TWO_DAUGHTER_TRACKS;1409;698;;;;-1;-1;-1;-1
EXP2;siCEP55-10;4;124;237;8;15;NEAR_BORDER;NEAR_BORDER;245;252;NEAR_BORDER;NEAR_BORDER;23;368;;;;-1;-1;-1;-1
EXP2;siCEP55-10;5;33;230;6;11;35;42;241;246;270;277;1388;147;240;310;;246;287;1397;130
EXP2;siCEP55-10;6;107;217;9;13;NEAR_BORDER;NEAR_BORDER;230;234;NEAR_BORDER;NEAR_BORDER;1598;934;;;;-1;-1;-1;-1
EXP2;siCEP55-10;7;165;209;5;14;NO_MID_BODY_DETECTED;NO_MID_BODY_DETECTED;216;225;NO_MID_BODY_DETECTED;NO_MID_BODY_DETECTED;-1;-1;;;;-1;-1;-1;-1
EXP2;siCEP55-10;8;80;202;4;12;NO_MID_BODY_DETECTED;NO_MID_BODY_DETECTED;208;216;NO_MID_BODY_DETECTED;NO_MID_BODY_DETECTED;-1;-1;;;;-1;-1;-1;-1
EXP2;siCEP55-10;9;80;163;-4;12;29;30;168;184;201;202;1134;767;170;180;;-1;-1;-1;-1
EXP2;siCEP55-1;0;108;226;9;13;NEAR_BORDER;NEAR_BORDER;268;272;NEAR_BORDER;NEAR_BORDER;683;1084;;;;-1;-1;-1;-1
EXP2;siCEP55-1;10;24;106,105;8;12;MORE_THAN_TWO_DAUGHTER_TRACKS;MORE_THAN_TWO_DAUGHTER_TRACKS;134;138;MORE_THAN_TWO_DAUGHTER_TRACKS;MORE_THAN_TWO_DAUGHTER_TRACKS;846;379;;;;-1;-1;-1;-1
EXP2;siCEP55-1;11;2;104;8;11;NEAR_BORDER;NEAR_BORDER;135;138;NEAR_BORDER;NEAR_BORDER;128;342;;;;138;165;128;344
EXP2;siCEP55-1;12;23;102;7;12;34;36;130;135;157;159;545;269;220;240;;135;196;516;224
EXP2;siCEP55-1;13;13;99;7;12;32;33;122;127;147;148;1125;531;200;210;;127;162;1130;534
EXP2;siCEP55-1;14;42;92;2;12;NO_MID_BODY_DETECTED;NO_MID_BODY_DETECTED;109;119;NO_MID_BODY_DETECTED;NO_MID_BODY_DETECTED;-1;-1;;;;-1;-1;-1;-1
EXP2;siCEP55-1;15;11;91;-56;8;NO_CUT_DETECTED;NO_CUT_DETECTED;54;118;NO_CUT_DETECTED;NO_CUT_DETECTED;572;1011;;;;-1;-1;-1;-1
EXP2;siCEP55-1;16;72;74;5;10;NEAR_BORDER;NEAR_BORDER;85;90;NEAR_BORDER;NEAR_BORDER;151;1046;;;;-1;-1;-1;-1
EXP2;siCEP55-1;17;10;71;9;13;NO_MID_BODY_DETECTED;NO_MID_BODY_DETECTED;77;81;NO_MID_BODY_DETECTED;NO_MID_BODY_DETECTED;-1;-1;;;;-1;-1;-1;-1
EXP2;siCEP55-1;18;27;67,66;5;11;MORE_THAN_TWO_DAUGHTER_TRACKS;MORE_THAN_TWO_DAUGHTER_TRACKS;69;75;MORE_THAN_TWO_DAUGHTER_TRACKS;MORE_THAN_TWO_DAUGHTER_TRACKS;35;715;;;;-1;-1;-1;-1
EXP2;siCEP55-1;19;55;59;5;9;NO_CUT_DETECTED;NO_CUT_DETECTED;64;68;NO_CUT_DETECTED;NO_CUT_DETECTED;1101;54;;;;69;149;1102;56
EXP2;siCEP55-1;1;92;218;-6;12;23;NO_CUT_DETECTED;249;267;278;NO_CUT_DETECTED;1242;790;110;;;-1;-1;-1;-1
EXP2;siCEP55-1;20;3;24;6;11;NO_CUT_DETECTED;NO_CUT_DETECTED;15;20;NO_CUT_DETECTED;NO_CUT_DETECTED;771;492;;;;20;78;773;494
EXP2;siCEP55-1;21;2;23;8;12;70;81;16;20;78;89;600;300;580;690;;20;90;598;298
EXP2;siCEP55-1;22;6;17;1;7;89;99;1;7;89;99;755;677;820;920;;8;97;753;650
EXP2;siCEP55-1;23;7;13;1;2;15;24;1;2;15;24;958;674;130;220;;3;28;953;704
EXP2;siCEP55-1;2;2;209;1;11;34;35;249;259;282;283;322;340;230;240;;259;282;325;342
EXP2;siCEP55-1;3;99;200;5;11;29;35;245;251;269;275;994;754;180;240;;251;269;993;752
EXP2;siCEP55-1;4;64;177;-12;10;NO_MID_BODY_DETECTED;NO_MID_BODY_DETECTED;212;234;NO_MID_BODY_DETECTED;NO_MID_BODY_DETECTED;-1;-1;;;;-1;-1;-1;-1
EXP2;siCEP55-1;5;91;168,165;5;8;MORE_THAN_TWO_DAUGHTER_TRACKS;MORE_THAN_TWO_DAUGHTER_TRACKS;216;219;MORE_THAN_TWO_DAUGHTER_TRACKS;MORE_THAN_TWO_DAUGHTER_TRACKS;268;1056;;;;-1;-1;-1;-1
EXP2;siCEP55-1;6;122;160,156;-4;4;MORE_THAN_TWO_DAUGHTER_TRACKS;MORE_THAN_TWO_DAUGHTER_TRACKS;206;214;MORE_THAN_TWO_DAUGHTER_TRACKS;MORE_THAN_TWO_DAUGHTER_TRACKS;477;1000;;;;-1;-1;-1;-1
EXP2;siCEP55-1;7;91;122;11;19;31;40;153;161;173;182;479;1075;120;210;;-1;-1;-1;-1
EXP2;siCEP55-1;8;3;110;-1;11;21;57;131;143;153;189;670;280;100;460;;-1;-1;-1;-1
EXP2;siCEP55-1;9;17;107;3;11;39;49;130;138;166;176;665;605;280;380;;138;177;668;605
EXP2;siCEP55-2;0;111;199,198;-14;11;MORE_THAN_TWO_DAUGHTER_TRACKS;MORE_THAN_TWO_DAUGHTER_TRACKS;245;270;MORE_THAN_TWO_DAUGHTER_TRACKS;MORE_THAN_TWO_DAUGHTER_TRACKS;592;562;;;;-1;-1;-1;-1
EXP2;siCEP55-2;1;50;165;-17;17;NO_MID_BODY_DETECTED;NO_MID_BODY_DETECTED;194;228;NO_MID_BODY_DETECTED;NO_MID_BODY_DETECTED;-1;-1;;;;-1;-1;-1;-1
EXP2;siCEP55-2;2;102;138;9;12;NO_MID_BODY_DETECTED;NO_MID_BODY_DETECTED;194;197;NO_MID_BODY_DETECTED;NO_MID_BODY_DETECTED;-1;-1;;;;-1;-1;-1;-1
EXP2;siCEP55-2;3;71;114;-10;13;NO_CUT_DETECTED;NO_CUT_DETECTED;133;156;NO_CUT_DETECTED;NO_CUT_DETECTED;635;548;;;;-1;-1;-1;-1
EXP2;siCEP55-2;4;44;97;10;15;NO_MID_BODY_DETECTED;NO_MID_BODY_DETECTED;129;134;NO_MID_BODY_DETECTED;NO_MID_BODY_DETECTED;-1;-1;;;;-1;-1;-1;-1
EXP2;siCEP55-2;5;1;90,88,85;3;11;MORE_THAN_TWO_DAUGHTER_TRACKS;MORE_THAN_TWO_DAUGHTER_TRACKS;108;116;MORE_THAN_TWO_DAUGHTER_TRACKS;MORE_THAN_TWO_DAUGHTER_TRACKS;690;216;;;;-1;-1;-1;-1
EXP2;siCEP55-2;6;10;81;-19;20;TOO_SHORT_CUT;TOO_SHORT_CUT;72;111;TOO_SHORT_CUT;TOO_SHORT_CUT;978;542;;;;-1;-1;-1;-1
EXP2;siCEP55-2;7;8;71,68;10;13;MORE_THAN_TWO_DAUGHTER_TRACKS;MORE_THAN_TWO_DAUGHTER_TRACKS;90;93;MORE_THAN_TWO_DAUGHTER_TRACKS;MORE_THAN_TWO_DAUGHTER_TRACKS;542;551;;;;-1;-1;-1;-1
EXP2;siCEP55-2;8;11;62,50,49;7;11;MORE_THAN_TWO_DAUGHTER_TRACKS;MORE_THAN_TWO_DAUGHTER_TRACKS;63;67;MORE_THAN_TWO_DAUGHTER_TRACKS;MORE_THAN_TWO_DAUGHTER_TRACKS;569;977;;;;-1;-1;-1;-1
EXP2;siCEP55-2;9;7;46,44,43;7;12;MORE_THAN_TWO_DAUGHTER_TRACKS;MORE_THAN_TWO_DAUGHTER_TRACKS;47;52;MORE_THAN_TWO_DAUGHTER_TRACKS;MORE_THAN_TWO_DAUGHTER_TRACKS;1146;980;;;;-1;-1;-1;-1
EXP2;siCEP55-3;0;2;128;11;12;TOO_SHORT_CUT;TOO_SHORT_CUT;228;229;TOO_SHORT_CUT;TOO_SHORT_CUT;823;153;;;;-1;-1;-1;-1
EXP2;siCEP55-3;10;3;47;9;11;TOO_SHORT_CUT;TOO_SHORT_CUT;83;85;TOO_SHORT_CUT;TOO_SHORT_CUT;1311;189;;;;85;114;1258;186
EXP2;siCEP55-3;11;4;46;9;12;23;NO_CUT_DETECTED;81;84;95;NO_CUT_DETECTED;901;334;110;;;84;110;948;310
EXP2;siCEP55-3;12;5;44;8;12;23;36;76;80;91;104;1254;363;110;240;;80;126;1285;386
EXP2;siCEP55-3;13;2;43;8;12;27;28;74;78;93;94;788;189;150;160;;78;120;802;222
EXP2;siCEP55-3;14;0;41;7;10;22;26;69;72;84;88;347;41;120;160;;72;180;305;118
EXP2;siCEP55-3;15;11;29,26,25;7;11;MORE_THAN_TWO_DAUGHTER_TRACKS;MORE_THAN_TWO_DAUGHTER_TRACKS;29;33;MORE_THAN_TWO_DAUGHTER_TRACKS;MORE_THAN_TWO_DAUGHTER_TRACKS;953;848;;;;-1;-1;-1;-1
EXP2;siCEP55-3;16;8;19,18,17;10;13;MORE_THAN_TWO_DAUGHTER_TRACKS;MORE_THAN_TWO_DAUGHTER_TRACKS;12;15;MORE_THAN_TWO_DAUGHTER_TRACKS;MORE_THAN_TWO_DAUGHTER_TRACKS;849;592;;;;-1;-1;-1;-1
EXP2;siCEP55-3;1;71;121;10;13;24;34;213;216;227;237;803;170;110;210;;216;257;905;153
EXP2;siCEP55-3;2;5;116;9;12;TOO_SHORT_CUT;TOO_SHORT_CUT;208;211;TOO_SHORT_CUT;TOO_SHORT_CUT;1173;299;;;;211;232;1076;312
EXP2;siCEP55-3;3;43;109;7;12;TOO_SHORT_CUT;TOO_SHORT_CUT;200;205;TOO_SHORT_CUT;TOO_SHORT_CUT;690;314;;;;205;224;698;324
EXP2;siCEP55-3;4;4;100;9;12;TOO_SHORT_CUT;TOO_SHORT_CUT;197;200;TOO_SHORT_CUT;TOO_SHORT_CUT;674;433;;;;200;214;773;474
EXP2;siCEP55-3;5;0;98,95;7;10;MORE_THAN_TWO_DAUGHTER_TRACKS;MORE_THAN_TWO_DAUGHTER_TRACKS;193;196;MORE_THAN_TWO_DAUGHTER_TRACKS;MORE_THAN_TWO_DAUGHTER_TRACKS;309;60;;;;-1;-1;-1;-1
EXP2;siCEP55-3;6;10;87;-12;12;18;49;150;174;180;211;522;721;60;370;;173;217;522;728
EXP2;siCEP55-3;7;20;78;-3;12;TOO_SHORT_CUT;TOO_SHORT_CUT;135;150;TOO_SHORT_CUT;TOO_SHORT_CUT;195;920;;;;149;158;193;924
EXP2;siCEP55-3;8;8;70,69;5;12;MORE_THAN_TWO_DAUGHTER_TRACKS;MORE_THAN_TWO_DAUGHTER_TRACKS;129;136;MORE_THAN_TWO_DAUGHTER_TRACKS;MORE_THAN_TWO_DAUGHTER_TRACKS;1078;530;;;;-1;-1;-1;-1
EXP2;siCEP55-3;9;7;59;7;11;29;37;112;116;134;142;299;395;180;260;;116;125;316;425
EXP2;siCEP55-4;0;164;232;7;14;22;34;242;249;257;269;224;390;80;200;;247;281;200;444
EXP2;siCEP55-4;10;56;104;7;20;NO_MID_BODY_DETECTED;NO_MID_BODY_DETECTED;112;125;NO_MID_BODY_DETECTED;NO_MID_BODY_DETECTED;-1;-1;;;;-1;-1;-1;-1
EXP2;siCEP55-4;11;7;94;6;12;NO_CUT_DETECTED;NO_CUT_DETECTED;108;114;NO_CUT_DETECTED;NO_CUT_DETECTED;520;127;;;;113;125;485;182
EXP2;siCEP55-4;12;15;79,78;-2;11;MORE_THAN_TWO_DAUGHTER_TRACKS;MORE_THAN_TWO_DAUGHTER_TRACKS;82;95;MORE_THAN_TWO_DAUGHTER_TRACKS;MORE_THAN_TWO_DAUGHTER_TRACKS;-1;-1;;;;-1;-1;-1;-1
EXP2;siCEP55-4;13;18;75;6;11;28;NO_CUT_DETECTED;85;90;107;NO_CUT_DETECTED;54;896;170;;;90;128;80;898
EXP2;siCEP55-4;14;43;53;-2;7;NO_CUT_DETECTED;NO_CUT_DETECTED;48;57;NO_CUT_DETECTED;NO_CUT_DETECTED;175;637;;;;-1;-1;-1;-1
EXP2;siCEP55-4;15;10;50;2;10;TOO_SHORT_CUT;TOO_SHORT_CUT;44;52;TOO_SHORT_CUT;TOO_SHORT_CUT;796;481;;;;-1;-1;-1;-1
EXP2;siCEP55-4;16;6;42;7;11;81;81;43;47;117;117;757;403;700;700;;47;117;728;328
EXP2;siCEP55-4;17;26;37;9;18;NO_MID_BODY_DETECTED;NO_MID_BODY_DETECTED;21;30;NO_MID_BODY_DETECTED;NO_MID_BODY_DETECTED;-1;-1;;;;-1;-1;-1;-1
EXP2;siCEP55-4;18;9;35,33;6;10;MORE_THAN_TWO_DAUGHTER_TRACKS;MORE_THAN_TWO_DAUGHTER_TRACKS;21;25;MORE_THAN_TWO_DAUGHTER_TRACKS;MORE_THAN_TWO_DAUGHTER_TRACKS;227;484;;;;-1;-1;-1;-1
EXP2;siCEP55-4;19;20;29;6;11;TOO_SHORT_CUT;TOO_SHORT_CUT;14;19;TOO_SHORT_CUT;TOO_SHORT_CUT;1241;1022;;;;-1;-1;-1;-1
EXP2;siCEP55-4;1;10;223,222;0;13;MORE_THAN_TWO_DAUGHTER_TRACKS;MORE_THAN_TWO_DAUGHTER_TRACKS;223;236;MORE_THAN_TWO_DAUGHTER_TRACKS;MORE_THAN_TWO_DAUGHTER_TRACKS;-1;-1;;;;-1;-1;-1;-1
EXP2;siCEP55-4;2;78;218;7;11;25;28;226;230;244;247;319;870;140;170;;-1;-1;-1;-1
EXP2;siCEP55-4;3;75;211;0;11;NO_CUT_DETECTED;NO_CUT_DETECTED;215;226;NO_CUT_DETECTED;NO_CUT_DETECTED;214;990;;;;227;254;257;1010
EXP2;siCEP55-4;4;102;164;7;12;37;38;186;191;216;217;140;546;250;260;;191;236;66;590
EXP2;siCEP55-4;5;37;160;7;12;18;79;183;188;194;255;254;656;60;670;;188;224;285;656
EXP2;siCEP55-4;6;145;157;2;11;NO_MID_BODY_DETECTED;NO_MID_BODY_DETECTED;176;185;NO_MID_BODY_DETECTED;NO_MID_BODY_DETECTED;-1;-1;;;;-1;-1;-1;-1
EXP2;siCEP55-4;7;110;146,142;0;6;MORE_THAN_TWO_DAUGHTER_TRACKS;MORE_THAN_TWO_DAUGHTER_TRACKS;167;173;MORE_THAN_TWO_DAUGHTER_TRACKS;MORE_THAN_TWO_DAUGHTER_TRACKS;236;325;;;;-1;-1;-1;-1
EXP2;siCEP55-4;8;87;130,129,127;8;11;MORE_THAN_TWO_DAUGHTER_TRACKS;MORE_THAN_TWO_DAUGHTER_TRACKS;149;152;MORE_THAN_TWO_DAUGHTER_TRACKS;MORE_THAN_TWO_DAUGHTER_TRACKS;1373;920;;;;-1;-1;-1;-1
EXP2;siCEP55-4;9;4;110,105;-2;15;MORE_THAN_TWO_DAUGHTER_TRACKS;MORE_THAN_TWO_DAUGHTER_TRACKS;108;125;MORE_THAN_TWO_DAUGHTER_TRACKS;MORE_THAN_TWO_DAUGHTER_TRACKS;215;261;;;;-1;-1;-1;-1
EXP2;siCEP55-5;0;84;206;8;13;NO_MID_BODY_DETECTED;NO_MID_BODY_DETECTED;267;272;NO_MID_BODY_DETECTED;NO_MID_BODY_DETECTED;-1;-1;;;;-1;-1;-1;-1
EXP2;siCEP55-5;10;84;97,94,89;7;8;MORE_THAN_TWO_DAUGHTER_TRACKS;MORE_THAN_TWO_DAUGHTER_TRACKS;109;110;MORE_THAN_TWO_DAUGHTER_TRACKS;MORE_THAN_TWO_DAUGHTER_TRACKS;1155;582;;;;110;157;1140;657
EXP2;siCEP55-5;11;21;93;7;12;NO_CUT_DETECTED;NO_CUT_DETECTED;106;111;NO_CUT_DETECTED;NO_CUT_DETECTED;1145;657;;;;-1;-1;-1;-1
EXP2;siCEP55-5;12;4;87;4;11;30;37;101;108;127;134;1209;308;190;260;;107;153;1204;308
EXP2;siCEP55-5;13;11;85;6;12;TOO_SHORT_CUT;TOO_SHORT_CUT;99;105;TOO_SHORT_CUT;TOO_SHORT_CUT;1329;776;;;;105;122;1327;775
EXP2;siCEP55-5;14;76;84;6;13;NO_MID_BODY_DETECTED;NO_MID_BODY_DETECTED;96;103;NO_MID_BODY_DETECTED;NO_MID_BODY_DETECTED;-1;-1;;;;-1;-1;-1;-1
EXP2;siCEP55-5;15;17;71;7;11;67;67;80;84;140;140;960;875;560;560;;83;213;963;858
EXP2;siCEP55-5;16;0;63;5;10;31;64;66;71;92;125;96;5;210;540;;-1;-1;-1;-1
EXP2;siCEP55-5;17;3;54;4;10;NEAR_BORDER;NEAR_BORDER;51;57;NEAR_BORDER;NEAR_BORDER;554;60;;;;56;106;584;48
EXP2;siCEP55-5;18;14;46;9;11;TOO_SHORT_CUT;TOO_SHORT_CUT;40;42;TOO_SHORT_CUT;TOO_SHORT_CUT;79;823;;;;42;68;108;814
EXP2;siCEP55-5;19;5;42;9;20;46;59;26;37;63;76;1528;386;260;390;;-1;-1;-1;-1
EXP2;siCEP55-5;1;75;182;7;12;32;32;236;241;261;261;749;385;200;200;;-1;-1;-1;-1
EXP2;siCEP55-5;20;2;38;7;12;42;50;23;28;58;66;435;321;300;380;;-1;-1;-1;-1
EXP2;siCEP55-5;21;9;31;8;13;NO_MID_BODY_DETECTED;NO_MID_BODY_DETECTED;16;21;NO_MID_BODY_DETECTED;NO_MID_BODY_DETECTED;-1;-1;;;;-1;-1;-1;-1
EXP2;siCEP55-5;2;108;181;7;12;18;NO_CUT_DETECTED;232;237;243;NO_CUT_DETECTED;1384;832;60;;;-1;-1;-1;-1
EXP2;siCEP55-5;3;97;180;11;13;20;25;235;237;244;249;1139;542;70;120;;-1;-1;-1;-1
EXP2;siCEP55-5;4;4;171;3;12;32;39;219;228;248;255;1091;232;200;270;;228;253;1092;226
EXP2;siCEP55-5;5;87;170;5;11;25;27;219;225;239;241;1308;300;140;160;;225;239;1300;294
EXP2;siCEP55-5;6;38;155;7;15;TOO_SHORT_CUT;TOO_SHORT_CUT;189;197;TOO_SHORT_CUT;TOO_SHORT_CUT;420;486;;;;-1;-1;-1;-1
EXP2;siCEP55-5;7;43;145;2;11;40;41;168;177;206;207;182;357;290;300;;177;210;186;364
EXP2;siCEP55-5;8;14;138;8;10;30;34;168;170;190;194;153;766;200;240;;170;194;172;818
EXP2;siCEP55-5;9;28;129;-1;11;NO_CUT_DETECTED;NO_CUT_DETECTED;146;158;NO_CUT_DETECTED;NO_CUT_DETECTED;326;619;;;;157;247;331;620
EXP2;siCEP55-6;0;229;257;-2;13;TOO_SHORT_CUT;TOO_SHORT_CUT;262;277;TOO_SHORT_CUT;TOO_SHORT_CUT;1358;437;;;;-1;-1;-1;-1
EXP2;siCEP55-6;10;9;121;1;11;56;59;108;118;163;166;898;599;450;480;;-1;-1;-1;-1
EXP2;siCEP55-6;11;17;112;7;11;NO_CUT_DETECTED;NO_CUT_DETECTED;110;114;NO_CUT_DETECTED;NO_CUT_DETECTED;788;700;;;;114;234;736;768
EXP2;siCEP55-6;12;75;105;-7;10;25;NO_CUT_DETECTED;91;108;123;NO_CUT_DETECTED;331;95;150;;;-1;-1;-1;-1
EXP2;siCEP55-6;13;63;97;10;11;NO_MID_BODY_DETECTED;NO_MID_BODY_DETECTED;102;103;NO_MID_BODY_DETECTED;NO_MID_BODY_DETECTED;-1;-1;;;;-1;-1;-1;-1
EXP2;siCEP55-6;14;13;63;7;11;24;27;66;70;83;86;1280;593;130;160;;70;93;1251;565
EXP2;siCEP55-6;15;5;62,60,56;7;12;MORE_THAN_TWO_DAUGHTER_TRACKS;MORE_THAN_TWO_DAUGHTER_TRACKS;63;68;MORE_THAN_TWO_DAUGHTER_TRACKS;MORE_THAN_TWO_DAUGHTER_TRACKS;1199;86;;;;-1;-1;-1;-1
EXP2;siCEP55-6;16;16;53;7;12;NO_CUT_DETECTED;NO_CUT_DETECTED;54;59;NO_CUT_DETECTED;NO_CUT_DETECTED;513;876;;;;59;94;505;855
EXP2;siCEP55-6;17;8;44,43;7;11;MORE_THAN_TWO_DAUGHTER_TRACKS;MORE_THAN_TWO_DAUGHTER_TRACKS;45;49;MORE_THAN_TWO_DAUGHTER_TRACKS;MORE_THAN_TWO_DAUGHTER_TRACKS;429;586;;;;-1;-1;-1;-1
EXP2;siCEP55-6;18;22;31;6;11;TOO_SHORT_CUT;TOO_SHORT_CUT;24;29;TOO_SHORT_CUT;TOO_SHORT_CUT;910;937;;;;28;48;896;934
EXP2;siCEP55-6;1;194;239,237;-12;13;MORE_THAN_TWO_DAUGHTER_TRACKS;MORE_THAN_TWO_DAUGHTER_TRACKS;229;254;MORE_THAN_TWO_DAUGHTER_TRACKS;MORE_THAN_TWO_DAUGHTER_TRACKS;-1;-1;;;;-1;-1;-1;-1
EXP2;siCEP55-6;2;77;211,197;-18;3;MORE_THAN_TWO_DAUGHTER_TRACKS;MORE_THAN_TWO_DAUGHTER_TRACKS;194;215;MORE_THAN_TWO_DAUGHTER_TRACKS;MORE_THAN_TWO_DAUGHTER_TRACKS;1341;379;;;;-1;-1;-1;-1
EXP2;siCEP55-6;3;22;203;4;19;TOO_SHORT_CUT;TOO_SHORT_CUT;206;221;TOO_SHORT_CUT;TOO_SHORT_CUT;1034;1049;;;;-1;-1;-1;-1
EXP2;siCEP55-6;4;163;181,177,176;6;14;MORE_THAN_TWO_DAUGHTER_TRACKS;MORE_THAN_TWO_DAUGHTER_TRACKS;189;197;MORE_THAN_TWO_DAUGHTER_TRACKS;MORE_THAN_TWO_DAUGHTER_TRACKS;1429;280;;;;-1;-1;-1;-1
EXP2;siCEP55-6;5;167;180;5;10;16;16;193;198;204;204;700;496;60;60;;-1;-1;-1;-1
EXP2;siCEP55-6;6;56;174,173;7;15;MORE_THAN_TWO_DAUGHTER_TRACKS;MORE_THAN_TWO_DAUGHTER_TRACKS;188;196;MORE_THAN_TWO_DAUGHTER_TRACKS;MORE_THAN_TWO_DAUGHTER_TRACKS;1150;46;;;;195;265;1188;22
EXP2;siCEP55-6;7;103;168;8;11;35;37;187;190;214;216;1130;654;240;260;;190;215;1063;606
EXP2;siCEP55-6;8;7;149;-14;12;23;NO_CUT_DETECTED;122;148;159;NO_CUT_DETECTED;707;575;110;;;-1;-1;-1;-1
EXP2;siCEP55-6;9;77;148;9;18;TOO_SHORT_CUT;TOO_SHORT_CUT;138;147;TOO_SHORT_CUT;TOO_SHORT_CUT;1351;365;;;;-1;-1;-1;-1
EXP2;siCEP55-7;0;134;206;-10;14;NO_MID_BODY_DETECTED;NO_MID_BODY_DETECTED;248;272;NO_MID_BODY_DETECTED;NO_MID_BODY_DETECTED;-1;-1;;;;-1;-1;-1;-1
EXP2;siCEP55-7;10;91;162;8;11;31;32;214;217;237;238;1470;1033;200;210;;-1;-1;-1;-1
EXP2;siCEP55-7;11;32;144;7;11;20;22;189;193;202;204;600;656;90;110;;192;209;609;641
EXP2;siCEP55-7;12;8;139;1;11;40;41;167;177;206;207;378;508;290;300;;177;210;383;515
EXP2;siCEP55-7;13;4;133;7;10;28;29;168;171;189;190;709;187;180;190;;-1;-1;-1;-1
EXP2;siCEP55-7;14;13;132;8;10;NEAR_BORDER;NEAR_BORDER;168;170;NEAR_BORDER;NEAR_BORDER;348;918;;;;-1;-1;-1;-1
EXP2;siCEP55-7;15;26;123;-3;10;33;33;145;158;181;181;518;771;230;230;;157;246;521;773
EXP2;siCEP55-7;16;46;120;10;15;NO_MID_BODY_DETECTED;NO_MID_BODY_DETECTED;141;146;NO_MID_BODY_DETECTED;NO_MID_BODY_DETECTED;-1;-1;;;;-1;-1;-1;-1
EXP2;siCEP55-7;17;83;96;9;12;57;60;109;112;157;160;1428;570;450;480;;-1;-1;-1;-1
EXP2;siCEP55-7;18;20;95;7;12;NO_CUT_DETECTED;NO_CUT_DETECTED;106;111;NO_CUT_DETECTED;NO_CUT_DETECTED;1340;812;;;;110;156;1339;819
EXP2;siCEP55-7;19;60;93,87;5;11;MORE_THAN_TWO_DAUGHTER_TRACKS;MORE_THAN_TWO_DAUGHTER_TRACKS;96;102;MORE_THAN_TWO_DAUGHTER_TRACKS;MORE_THAN_TWO_DAUGHTER_TRACKS;1448;570;;;;101;128;1431;565
EXP2;siCEP55-7;1;20;198;-12;9;NO_MID_BODY_DETECTED;NO_MID_BODY_DETECTED;242;263;NO_MID_BODY_DETECTED;NO_MID_BODY_DETECTED;-1;-1;;;;-1;-1;-1;-1
EXP2;siCEP55-7;20;6;92;4;11;26;31;101;108;123;128;1416;462;150;200;;107;155;1402;462
EXP2;siCEP55-7;21;11;91;4;11;TOO_SHORT_CUT;TOO_SHORT_CUT;99;106;TOO_SHORT_CUT;TOO_SHORT_CUT;1524;931;;;;105;115;1522;935
EXP2;siCEP55-7;22;15;78;7;11;TOO_SHORT_CUT;TOO_SHORT_CUT;80;84;TOO_SHORT_CUT;TOO_SHORT_CUT;1136;935;;;;-1;-1;-1;-1
EXP2;siCEP55-7;23;3;68,67;5;11;MORE_THAN_TWO_DAUGHTER_TRACKS;MORE_THAN_TWO_DAUGHTER_TRACKS;66;72;MORE_THAN_TWO_DAUGHTER_TRACKS;MORE_THAN_TWO_DAUGHTER_TRACKS;242;232;;;;-1;-1;-1;-1
EXP2;siCEP55-7;24;5;55,53;4;9;MORE_THAN_TWO_DAUGHTER_TRACKS;MORE_THAN_TWO_DAUGHTER_TRACKS;51;56;MORE_THAN_TWO_DAUGHTER_TRACKS;MORE_THAN_TWO_DAUGHTER_TRACKS;747;212;;;;56;107;778;201
EXP2;siCEP55-7;25;13;41;8;11;TOO_SHORT_CUT;TOO_SHORT_CUT;39;42;TOO_SHORT_CUT;TOO_SHORT_CUT;271;978;;;;-1;-1;-1;-1
EXP2;siCEP55-7;26;8;36;1;10;NO_CUT_DETECTED;NO_CUT_DETECTED;26;35;NO_CUT_DETECTED;NO_CUT_DETECTED;186;525;;;;35;61;220;539
EXP2;siCEP55-7;27;4;32;8;13;43;46;23;28;58;61;611;452;300;330;;-1;-1;-1;-1
EXP2;siCEP55-7;28;10;27;8;13;NO_MID_BODY_DETECTED;NO_MID_BODY_DETECTED;16;21;NO_MID_BODY_DETECTED;NO_MID_BODY_DETECTED;-1;-1;;;;-1;-1;-1;-1
EXP2;siCEP55-7;29;14;26;5;11;TOO_SHORT_CUT;TOO_SHORT_CUT;12;18;TOO_SHORT_CUT;TOO_SHORT_CUT;771;1065;;;;16;56;707;1058
EXP2;siCEP55-7;2;183;196;-5;5;NO_MID_BODY_DETECTED;NO_MID_BODY_DETECTED;246;256;NO_MID_BODY_DETECTED;NO_MID_BODY_DETECTED;-1;-1;;;;-1;-1;-1;-1
EXP2;siCEP55-7;3;60;181;5;10;31;36;236;241;262;267;942;539;210;260;;-1;-1;-1;-1
EXP2;siCEP55-7;4;120;179;8;12;NEAR_BORDER;NEAR_BORDER;233;237;NEAR_BORDER;NEAR_BORDER;1589;955;;;;-1;-1;-1;-1
EXP2;siCEP55-7;5;129;177,175;6;9;MORE_THAN_TWO_DAUGHTER_TRACKS;MORE_THAN_TWO_DAUGHTER_TRACKS;232;235;MORE_THAN_TWO_DAUGHTER_TRACKS;MORE_THAN_TWO_DAUGHTER_TRACKS;1341;718;;;;-1;-1;-1;-1
EXP2;siCEP55-7;6;71;176;2;13;NEAR_BORDER;NEAR_BORDER;225;236;NEAR_BORDER;NEAR_BORDER;332;28;;;;-1;-1;-1;-1
EXP2;siCEP55-7;7;6;167;2;11;32;NO_CUT_DETECTED;219;228;249;NO_CUT_DETECTED;1291;387;210;;;228;254;1293;384
EXP2;siCEP55-7;8;92;166;6;12;27;28;219;225;240;241;1504;452;150;160;;225;240;1498;448
EXP2;siCEP55-7;9;67;165;1;10;TOO_SHORT_CUT;TOO_SHORT_CUT;216;225;TOO_SHORT_CUT;TOO_SHORT_CUT;215;0;;;;224;247;217;44
EXP2;siCEP55-8;0;79;244,242;-5;14;MORE_THAN_TWO_DAUGHTER_TRACKS;MORE_THAN_TWO_DAUGHTER_TRACKS;250;269;MORE_THAN_TWO_DAUGHTER_TRACKS;MORE_THAN_TWO_DAUGHTER_TRACKS;1514;332;;;;-1;-1;-1;-1
EXP2;siCEP55-8;10;7;150;8;13;24;25;182;187;198;199;1567;551;110;120;;-1;-1;-1;-1
EXP2;siCEP55-8;11;12;149;11;12;NO_MID_BODY_DETECTED;NO_MID_BODY_DETECTED;184;185;NO_MID_BODY_DETECTED;NO_MID_BODY_DETECTED;-1;-1;;;;-1;-1;-1;-1
EXP2;siCEP55-8;12;22;124,122;8;13;MORE_THAN_TWO_DAUGHTER_TRACKS;MORE_THAN_TWO_DAUGHTER_TRACKS;138;143;MORE_THAN_TWO_DAUGHTER_TRACKS;MORE_THAN_TWO_DAUGHTER_TRACKS;671;595;;;;-1;-1;-1;-1
EXP2;siCEP55-8;13;10;111;1;9;29;39;125;133;153;163;1194;992;200;300;;-1;-1;-1;-1
EXP2;siCEP55-8;14;17;101;7;11;TOO_SHORT_CUT;TOO_SHORT_CUT;117;121;TOO_SHORT_CUT;TOO_SHORT_CUT;69;1017;;;;-1;-1;-1;-1
EXP2;siCEP55-8;15;8;96;6;11;NO_CUT_DETECTED;NO_CUT_DETECTED;110;115;NO_CUT_DETECTED;NO_CUT_DETECTED;395;422;;;;114;141;397;420
EXP2;siCEP55-8;16;13;81;4;9;TOO_SHORT_CUT;TOO_SHORT_CUT;91;96;TOO_SHORT_CUT;TOO_SHORT_CUT;256;702;;;;-1;-1;-1;-1
EXP2;siCEP55-8;17;5;79,78;8;12;MORE_THAN_TWO_DAUGHTER_TRACKS;MORE_THAN_TWO_DAUGHTER_TRACKS;91;95;MORE_THAN_TWO_DAUGHTER_TRACKS;MORE_THAN_TWO_DAUGHTER_TRACKS;1464;204;;;;-1;-1;-1;-1
EXP2;siCEP55-8;18;8;76,73;1;14;MORE_THAN_TWO_DAUGHTER_TRACKS;MORE_THAN_TWO_DAUGHTER_TRACKS;75;88;MORE_THAN_TWO_DAUGHTER_TRACKS;MORE_THAN_TWO_DAUGHTER_TRACKS;406;499;;;;-1;-1;-1;-1
EXP2;siCEP55-8;19;6;66;8;11;TOO_SHORT_CUT;TOO_SHORT_CUT;79;82;TOO_SHORT_CUT;TOO_SHORT_CUT;180;337;;;;82;92;192;320
EXP2;siCEP55-8;1;8;236;6;10;22;NO_CUT_DETECTED;262;266;278;NO_CUT_DETECTED;481;537;120;;;-1;-1;-1;-1
EXP2;siCEP55-8;20;1;39;9;11;24;88;42;44;57;121;746;71;130;770;;44;101;786;189
EXP2;siCEP55-8;21;7;30,28;6;11;MORE_THAN_TWO_DAUGHTER_TRACKS;MORE_THAN_TWO_DAUGHTER_TRACKS;18;23;MORE_THAN_TWO_DAUGHTER_TRACKS;MORE_THAN_TWO_DAUGHTER_TRACKS;994;546;;;;-1;-1;-1;-1
EXP2;siCEP55-8;22;12;26,25;-1;11;MORE_THAN_TWO_DAUGHTER_TRACKS;MORE_THAN_TWO_DAUGHTER_TRACKS;9;21;MORE_THAN_TWO_DAUGHTER_TRACKS;MORE_THAN_TWO_DAUGHTER_TRACKS;1513;802;;;;-1;-1;-1;-1
EXP2;siCEP55-8;23;14;22;2;14;92;103;4;16;94;105;958;945;780;890;;-1;-1;-1;-1
EXP2;siCEP55-8;2;16;210;5;12;34;48;235;242;264;278;660;824;220;360;;-1;-1;-1;-1
EXP2;siCEP55-8;3;146;187;-25;5;NO_MID_BODY_DETECTED;NO_MID_BODY_DETECTED;193;223;NO_MID_BODY_DETECTED;NO_MID_BODY_DETECTED;-1;-1;;;;-1;-1;-1;-1
EXP2;siCEP55-8;4;66;182;9;12;23;25;215;218;229;231;196;415;110;130;;-1;-1;-1;-1
EXP2;siCEP55-8;5;6;175;5;13;NEAR_BORDER;NEAR_BORDER;205;213;NEAR_BORDER;NEAR_BORDER;207;399;;;;-1;-1;-1;-1
EXP2;siCEP55-8;6;114;174;5;11;53;87;207;213;255;289;569;38;420;760;;-1;-1;-1;-1
EXP2;siCEP55-8;7;88;167;6;9;NEAR_BORDER;NEAR_BORDER;204;207;NEAR_BORDER;NEAR_BORDER;377;10;;;;-1;-1;-1;-1
EXP2;siCEP55-8;8;76;162;7;13;23;28;195;201;211;216;630;311;100;150;;-1;-1;-1;-1
EXP2;siCEP55-8;9;39;154;5;11;NO_CUT_DETECTED;NO_CUT_DETECTED;185;191;NO_CUT_DETECTED;NO_CUT_DETECTED;821;263;;;;191;202;828;277
EXP2;siCEP55-9;0;216;244,243;10;12;MORE_THAN_TWO_DAUGHTER_TRACKS;MORE_THAN_TWO_DAUGHTER_TRACKS;268;270;MORE_THAN_TWO_DAUGHTER_TRACKS;MORE_THAN_TWO_DAUGHTER_TRACKS;-1;-1;;;;-1;-1;-1;-1
EXP2;siCEP55-9;10;30;189;11;14;TOO_SHORT_CUT;TOO_SHORT_CUT;213;216;TOO_SHORT_CUT;TOO_SHORT_CUT;483;621;;;;-1;-1;-1;-1
EXP2;siCEP55-9;11;74;181;3;13;TOO_SHORT_CUT;TOO_SHORT_CUT;201;211;TOO_SHORT_CUT;TOO_SHORT_CUT;1066;289;;;;-1;-1;-1;-1
EXP2;siCEP55-9;12;73;175;7;11;50;NO_CUT_DETECTED;202;206;245;NO_CUT_DETECTED;1248;737;390;;;206;276;1248;738
EXP2;siCEP55-9;13;118;170,16;-3;11;MORE_THAN_TWO_DAUGHTER_TRACKS;MORE_THAN_TWO_DAUGHTER_TRACKS;181;195;MORE_THAN_TWO_DAUGHTER_TRACKS;MORE_THAN_TWO_DAUGHTER_TRACKS;85;351;;;;-1;-1;-1;-1
EXP2;siCEP55-9;14;65;162;6;11;NO_CUT_DETECTED;NO_CUT_DETECTED;190;195;NO_CUT_DETECTED;NO_CUT_DETECTED;1412;609;;;;195;235;1413;628
EXP2;siCEP55-9;15;66;149;7;11;37;39;176;180;206;208;1476;967;260;280;;180;207;1504;974
EXP2;siCEP55-9;16;28;147,146;6;11;MORE_THAN_TWO_DAUGHTER_TRACKS;MORE_THAN_TWO_DAUGHTER_TRACKS;169;174;MORE_THAN_TWO_DAUGHTER_TRACKS;MORE_THAN_TWO_DAUGHTER_TRACKS;445;598;;;;-1;-1;-1;-1
EXP2;siCEP55-9;17;15;95;4;11;78;88;104;111;178;188;91;932;670;770;;-1;-1;-1;-1
EXP2;siCEP55-9;18;16;92,9;8;12;MORE_THAN_TWO_DAUGHTER_TRACKS;MORE_THAN_TWO_DAUGHTER_TRACKS;103;107;MORE_THAN_TWO_DAUGHTER_TRACKS;MORE_THAN_TWO_DAUGHTER_TRACKS;308;1098;;;;-1;-1;-1;-1
EXP2;siCEP55-9;19;4;86,83;7;12;MORE_THAN_TWO_DAUGHTER_TRACKS;MORE_THAN_TWO_DAUGHTER_TRACKS;99;104;MORE_THAN_TWO_DAUGHTER_TRACKS;MORE_THAN_TWO_DAUGHTER_TRACKS;802;411;;;;-1;-1;-1;-1
EXP2;siCEP55-9;1;102;240,238;5;17;MORE_THAN_TWO_DAUGHTER_TRACKS;MORE_THAN_TWO_DAUGHTER_TRACKS;253;265;MORE_THAN_TWO_DAUGHTER_TRACKS;MORE_THAN_TWO_DAUGHTER_TRACKS;843;390;;;;-1;-1;-1;-1
EXP2;siCEP55-9;20;12;84;7;11;NO_CUT_DETECTED;NO_CUT_DETECTED;101;105;NO_CUT_DETECTED;NO_CUT_DETECTED;127;664;;;;-1;-1;-1;-1
EXP2;siCEP55-9;21;9;78;5;11;22;29;81;87;98;105;990;427;110;180;;87;147;996;442
EXP2;siCEP55-9;22;10;30,29;8;11;MORE_THAN_TWO_DAUGHTER_TRACKS;MORE_THAN_TWO_DAUGHTER_TRACKS;28;31;MORE_THAN_TWO_DAUGHTER_TRACKS;MORE_THAN_TWO_DAUGHTER_TRACKS;529;860;;;;-1;-1;-1;-1
EXP2;siCEP55-9;23;5;26,25,24;8;12;MORE_THAN_TWO_DAUGHTER_TRACKS;MORE_THAN_TWO_DAUGHTER_TRACKS;19;23;MORE_THAN_TWO_DAUGHTER_TRACKS;MORE_THAN_TWO_DAUGHTER_TRACKS;209;369;;;;-1;-1;-1;-1
EXP2;siCEP55-9;24;13;23;3;12;TOO_SHORT_CUT;TOO_SHORT_CUT;9;18;TOO_SHORT_CUT;TOO_SHORT_CUT;560;747;;;;-1;-1;-1;-1
EXP2;siCEP55-9;2;226;232;7;7;NO_CUT_DETECTED;NO_CUT_DETECTED;261;261;NO_CUT_DETECTED;NO_CUT_DETECTED;853;340;;;;-1;-1;-1;-1
EXP2;siCEP55-9;3;155;227;9;13;NO_MID_BODY_DETECTED;NO_MID_BODY_DETECTED;251;255;NO_MID_BODY_DETECTED;NO_MID_BODY_DETECTED;-1;-1;;;;-1;-1;-1;-1
EXP2;siCEP55-9;4;84;224,217,216,215;10;10;MORE_THAN_TWO_DAUGHTER_TRACKS;MORE_THAN_TWO_DAUGHTER_TRACKS;244;244;MORE_THAN_TWO_DAUGHTER_TRACKS;MORE_THAN_TWO_DAUGHTER_TRACKS;141;748;;;;-1;-1;-1;-1
EXP2;siCEP55-9;5;95;222;7;12;NEAR_BORDER;NEAR_BORDER;244;249;NEAR_BORDER;NEAR_BORDER;15;909;;;;-1;-1;-1;-1
EXP2;siCEP55-9;6;16;218;7;11;NO_MID_BODY_DETECTED;NO_MID_BODY_DETECTED;243;247;NO_MID_BODY_DETECTED;NO_MID_BODY_DETECTED;-1;-1;;;;-1;-1;-1;-1
EXP2;siCEP55-9;7;9;211;-3;11;36;43;225;239;264;271;812;797;250;320;;238;264;818;808
EXP2;siCEP55-9;8;29;205;11;20;NO_MID_BODY_DETECTED;NO_MID_BODY_DETECTED;224;233;NO_MID_BODY_DETECTED;NO_MID_BODY_DETECTED;-1;-1;;;;-1;-1;-1;-1
EXP2;siCEP55-9;9;78;191;6;11;40;41;214;219;248;249;1050;457;290;300;;219;248;1041;448
EXP2;siControl-10;0;35;432;-16;13;NO_MID_BODY_DETECTED;NO_MID_BODY_DETECTED;251;280;NO_MID_BODY_DETECTED;NO_MID_BODY_DETECTED;-1;-1;;;;-1;-1;-1;-1
EXP2;siControl-10;10;99;309;5;12;TOO_SHORT_CUT;TOO_SHORT_CUT;187;194;TOO_SHORT_CUT;TOO_SHORT_CUT;282;630;;;;194;202;296;644
EXP2;siControl-10;11;15;308;8;11;TOO_SHORT_CUT;TOO_SHORT_CUT;191;194;TOO_SHORT_CUT;TOO_SHORT_CUT;543;693;;;;194;205;510;638
EXP2;siControl-10;12;132;304;10;18;TOO_SHORT_CUT;TOO_SHORT_CUT;183;191;TOO_SHORT_CUT;TOO_SHORT_CUT;362;863;;;;-1;-1;-1;-1
EXP2;siControl-10;13;136;303;7;12;TOO_SHORT_CUT;TOO_SHORT_CUT;186;191;TOO_SHORT_CUT;TOO_SHORT_CUT;15;770;;;;-1;-1;-1;-1
EXP2;siControl-10;14;147;302;11;13;NEAR_BORDER;NEAR_BORDER;189;191;NEAR_BORDER;NEAR_BORDER;1488;13;;;;190;198;1442;30
EXP2;siControl-10;15;140;301;11;13;TOO_SHORT_CUT;TOO_SHORT_CUT;189;191;TOO_SHORT_CUT;TOO_SHORT_CUT;1432;87;;;;-1;-1;-1;-1
EXP2;siControl-10;16;226;294;9;12;TOO_SHORT_CUT;TOO_SHORT_CUT;183;186;TOO_SHORT_CUT;TOO_SHORT_CUT;281;949;;;;-1;-1;-1;-1
EXP2;siControl-10;17;2;263,256;7;16;MORE_THAN_TWO_DAUGHTER_TRACKS;MORE_THAN_TWO_DAUGHTER_TRACKS;160;169;MORE_THAN_TWO_DAUGHTER_TRACKS;MORE_THAN_TWO_DAUGHTER_TRACKS;680;68;;;;-1;-1;-1;-1
EXP2;siControl-10;18;8;217;10;11;20;20;141;142;151;151;981;192;90;90;;142;151;958;214
EXP2;siControl-10;19;4;211;6;11;23;26;134;139;151;154;832;220;120;150;;139;151;830;221
EXP2;siControl-10;1;362;408;-12;19;NO_MID_BODY_DETECTED;NO_MID_BODY_DETECTED;230;261;NO_MID_BODY_DETECTED;NO_MID_BODY_DETECTED;-1;-1;;;;-1;-1;-1;-1
EXP2;siControl-10;20;107;209;10;12;NO_MID_BODY_DETECTED;NO_MID_BODY_DETECTED;136;138;NO_MID_BODY_DETECTED;NO_MID_BODY_DETECTED;-1;-1;;;;-1;-1;-1;-1
EXP2;siControl-10;21;22;206;6;11;TOO_SHORT_CUT;TOO_SHORT_CUT;130;135;TOO_SHORT_CUT;TOO_SHORT_CUT;595;1069;;;;-1;-1;-1;-1
EXP2;siControl-10;22;1;202;7;17;NEAR_BORDER;NEAR_BORDER;124;134;NEAR_BORDER;NEAR_BORDER;534;18;;;;-1;-1;-1;-1
EXP2;siControl-10;23;5;198;8;12;21;26;125;129;138;143;576;173;90;140;;129;138;585;169
EXP2;siControl-10;24;151;195;10;13;21;22;124;127;135;136;893;510;80;90;;126;135;860;540
EXP2;siControl-10;25;19;180,166;6;11;MORE_THAN_TWO_DAUGHTER_TRACKS;MORE_THAN_TWO_DAUGHTER_TRACKS;104;109;MORE_THAN_TWO_DAUGHTER_TRACKS;MORE_THAN_TWO_DAUGHTER_TRACKS;1052;730;;;;109;121;1049;732
EXP2;siControl-10;26;44;177;9;12;27;27;110;113;128;128;1385;849;150;150;;113;131;1350;896
EXP2;siControl-10;27;14;169,157;9;12;MORE_THAN_TWO_DAUGHTER_TRACKS;MORE_THAN_TWO_DAUGHTER_TRACKS;101;104;MORE_THAN_TWO_DAUGHTER_TRACKS;MORE_THAN_TWO_DAUGHTER_TRACKS;1061;486;;;;104;115;1088;506
EXP2;siControl-10;28;16;162,159;9;12;MORE_THAN_TWO_DAUGHTER_TRACKS;MORE_THAN_TWO_DAUGHTER_TRACKS;102;105;MORE_THAN_TWO_DAUGHTER_TRACKS;MORE_THAN_TWO_DAUGHTER_TRACKS;-1;-1;;;;-1;-1;-1;-1
EXP2;siControl-10;29;7;148;8;10;TOO_SHORT_CUT;TOO_SHORT_CUT;95;97;TOO_SHORT_CUT;TOO_SHORT_CUT;1191;112;;;;98;109;1228;148
EXP2;siControl-10;2;151;406,396;8;16;MORE_THAN_TWO_DAUGHTER_TRACKS;MORE_THAN_TWO_DAUGHTER_TRACKS;249;257;MORE_THAN_TWO_DAUGHTER_TRACKS;MORE_THAN_TWO_DAUGHTER_TRACKS;562;404;;;;-1;-1;-1;-1
EXP2;siControl-10;30;45;138;8;11;35;37;87;90;114;116;371;402;240;260;;90;117;457;414
EXP2;siControl-10;31;40;100;10;13;23;26;65;68;78;81;1468;47;100;130;;68;81;1482;92
EXP2;siControl-10;32;15;99;8;11;19;22;64;67;75;78;383;649;80;110;;67;77;388;648
EXP2;siControl-10;33;4;41;7;15;NEAR_BORDER;NEAR_BORDER;7;15;NEAR_BORDER;NEAR_BORDER;969;0;;;;-1;-1;-1;-1
EXP2;siControl-10;3;223;394;6;6;TOO_SHORT_CUT;TOO_SHORT_CUT;253;253;TOO_SHORT_CUT;TOO_SHORT_CUT;1336;501;;;;-1;-1;-1;-1
EXP2;siControl-10;4;327;392;10;11;TOO_SHORT_CUT;TOO_SHORT_CUT;250;251;TOO_SHORT_CUT;TOO_SHORT_CUT;876;869;;;;-1;-1;-1;-1
EXP2;siControl-10;5;379;384;2;4;TOO_SHORT_CUT;TOO_SHORT_CUT;240;242;TOO_SHORT_CUT;TOO_SHORT_CUT;1263;368;;;;-1;-1;-1;-1
EXP2;siControl-10;6;180;373;7;12;TOO_SHORT_CUT;TOO_SHORT_CUT;230;235;TOO_SHORT_CUT;TOO_SHORT_CUT;1138;656;;;;-1;-1;-1;-1
EXP2;siControl-10;7;300;372;9;12;25;30;229;232;245;250;1358;683;130;180;;232;246;1329;674
EXP2;siControl-10;8;138;354,334;9;12;MORE_THAN_TWO_DAUGHTER_TRACKS;MORE_THAN_TWO_DAUGHTER_TRACKS;206;209;MORE_THAN_TWO_DAUGHTER_TRACKS;MORE_THAN_TWO_DAUGHTER_TRACKS;569;348;;;;209;232;569;348
EXP2;siControl-10;9;45;321;9;12;26;28;198;201;215;217;299;484;140;160;;201;217;308;481
EXP2;siControl-1;0;111;229;11;13;TOO_SHORT_CUT;TOO_SHORT_CUT;255;257;TOO_SHORT_CUT;TOO_SHORT_CUT;205;859;;;;257;271;162;926
EXP2;siControl-1;10;135;170;11;11;TOO_SHORT_CUT;TOO_SHORT_CUT;219;219;TOO_SHORT_CUT;TOO_SHORT_CUT;1544;516;;;;-1;-1;-1;-1
EXP2;siControl-1;11;71;152;11;11;TOO_SHORT_CUT;TOO_SHORT_CUT;196;196;TOO_SHORT_CUT;TOO_SHORT_CUT;633;684;;;;196;211;634;686
EXP2;siControl-1;12;137;150;2;10;NO_MID_BODY_DETECTED;NO_MID_BODY_DETECTED;186;194;NO_MID_BODY_DETECTED;NO_MID_BODY_DETECTED;-1;-1;;;;-1;-1;-1;-1
EXP2;siControl-1;13;143;147;2;4;TOO_SHORT_CUT;TOO_SHORT_CUT;189;191;TOO_SHORT_CUT;TOO_SHORT_CUT;1077;1057;;;;-1;-1;-1;-1
EXP2;siControl-1;14;7;144;9;13;26;29;185;189;202;205;975;34;130;160;;189;204;977;42
EXP2;siControl-1;15;74;137;1;10;NO_MID_BODY_DETECTED;NO_MID_BODY_DETECTED;176;185;NO_MID_BODY_DETECTED;NO_MID_BODY_DETECTED;-1;-1;;;;-1;-1;-1;-1
EXP2;siControl-1;16;50;130;8;18;NEAR_BORDER;NEAR_BORDER;163;173;NEAR_BORDER;NEAR_BORDER;1063;13;;;;-1;-1;-1;-1
EXP2;siControl-1;17;51;127;7;13;TOO_SHORT_CUT;TOO_SHORT_CUT;165;171;TOO_SHORT_CUT;TOO_SHORT_CUT;1432;590;;;;-1;-1;-1;-1
EXP2;siControl-1;18;39;126;3;16;TOO_SHORT_CUT;TOO_SHORT_CUT;158;171;TOO_SHORT_CUT;TOO_SHORT_CUT;1368;306;;;;-1;-1;-1;-1
EXP2;siControl-1;19;14;120;8;11;TOO_SHORT_CUT;TOO_SHORT_CUT;163;166;TOO_SHORT_CUT;TOO_SHORT_CUT;867;446;;;;-1;-1;-1;-1
EXP2;siControl-1;1;80;193;10;10;25;29;235;235;250;254;84;535;150;190;;234;258;89;528
EXP2;siControl-1;20;60;119;8;12;NEAR_BORDER;NEAR_BORDER;161;165;NEAR_BORDER;NEAR_BORDER;807;113;;;;164;177;809;116
EXP2;siControl-1;21;28;111;10;12;TOO_SHORT_CUT;TOO_SHORT_CUT;146;148;TOO_SHORT_CUT;TOO_SHORT_CUT;78;905;;;;148;165;122;874
EXP2;siControl-1;22;11;107;1;12;TOO_SHORT_CUT;TOO_SHORT_CUT;125;136;TOO_SHORT_CUT;TOO_SHORT_CUT;1169;319;;;;-1;-1;-1;-1
EXP2;siControl-1;23;90;99;11;11;25;28;117;117;131;134;432;315;140;170;;117;131;430;317
EXP2;siControl-1;24;13;100;6;13;27;31;110;117;131;135;219;617;140;180;;-1;-1;-1;-1
EXP2;siControl-1;25;4;95;-58;10;30;31;41;109;129;130;349;57;200;210;;-1;-1;-1;-1
EXP2;siControl-1;26;27;94;9;18;NEAR_BORDER;NEAR_BORDER;98;107;NEAR_BORDER;NEAR_BORDER;1598;642;;;;-1;-1;-1;-1
EXP2;siControl-1;27;80;91;10;11;31;35;100;101;121;125;87;359;200;240;;101;122;101;386
EXP2;siControl-1;28;8;90;10;13;26;29;96;99;112;115;516;344;130;160;;99;114;498;338
EXP2;siControl-1;29;10;85;9;11;24;26;91;93;106;108;633;408;130;150;;94;107;608;453
EXP2;siControl-1;2;42;192,188;-5;14;MORE_THAN_TWO_DAUGHTER_TRACKS;MORE_THAN_TWO_DAUGHTER_TRACKS;215;234;MORE_THAN_TWO_DAUGHTER_TRACKS;MORE_THAN_TWO_DAUGHTER_TRACKS;1123;199;;;;-1;-1;-1;-1
EXP2;siControl-1;30;17;71;10;12;NO_MID_BODY_DETECTED;NO_MID_BODY_DETECTED;71;73;NO_MID_BODY_DETECTED;NO_MID_BODY_DETECTED;-1;-1;;;;-1;-1;-1;-1
EXP2;siControl-1;31;7;60;8;12;22;26;55;59;69;73;897;267;100;140;;60;71;889;216
EXP2;siControl-1;32;14;50;5;11;TOO_SHORT_CUT;TOO_SHORT_CUT;40;46;TOO_SHORT_CUT;TOO_SHORT_CUT;1011;280;;;;-1;-1;-1;-1
EXP2;siControl-1;33;5;42;9;12;TOO_SHORT_CUT;TOO_SHORT_CUT;30;33;TOO_SHORT_CUT;TOO_SHORT_CUT;1167;202;;;;33;46;1202;238
EXP2;siControl-1;34;6;39;9;19;TOO_SHORT_CUT;TOO_SHORT_CUT;19;29;TOO_SHORT_CUT;TOO_SHORT_CUT;1426;453;;;;-1;-1;-1;-1
EXP2;siControl-1;35;20;28;7;12;TOO_SHORT_CUT;TOO_SHORT_CUT;7;12;TOO_SHORT_CUT;TOO_SHORT_CUT;186;844;;;;12;25;184;849
EXP2;siControl-1;3;91;190;9;12;NO_CUT_DETECTED;NO_CUT_DETECTED;231;234;NO_CUT_DETECTED;NO_CUT_DETECTED;58;538;;;;-1;-1;-1;-1
EXP2;siControl-1;4;124;189;8;12;TOO_SHORT_CUT;TOO_SHORT_CUT;230;234;TOO_SHORT_CUT;TOO_SHORT_CUT;466;153;;;;-1;-1;-1;-1
EXP2;siControl-1;5;163;179;7;11;25;27;223;227;241;243;102;228;140;160;;-1;-1;-1;-1
EXP2;siControl-1;6;93;178,176;11;18;MORE_THAN_TWO_DAUGHTER_TRACKS;MORE_THAN_TWO_DAUGHTER_TRACKS;216;223;MORE_THAN_TWO_DAUGHTER_TRACKS;MORE_THAN_TWO_DAUGHTER_TRACKS;0;668;;;;-1;-1;-1;-1
EXP2;siControl-1;7;85;175;7;12;TOO_SHORT_CUT;TOO_SHORT_CUT;218;223;TOO_SHORT_CUT;TOO_SHORT_CUT;767;528;;;;224;237;765;533
EXP2;siControl-1;8;27;173;10;13;TOO_SHORT_CUT;TOO_SHORT_CUT;219;222;TOO_SHORT_CUT;TOO_SHORT_CUT;1358;668;;;;-1;-1;-1;-1
EXP2;siControl-1;9;10;171;9;11;TOO_SHORT_CUT;TOO_SHORT_CUT;217;219;TOO_SHORT_CUT;TOO_SHORT_CUT;489;718;;;;219;230;466;748
EXP2;siControl-2;0;200;291;1;5;NO_CUT_DETECTED;NO_CUT_DETECTED;271;275;NO_CUT_DETECTED;NO_CUT_DETECTED;372;393;;;;-1;-1;-1;-1
EXP2;siControl-2;10;109;201;9;12;21;24;208;211;220;223;908;979;90;120;;-1;-1;-1;-1
EXP2;siControl-2;11;16;200;9;13;TOO_SHORT_CUT;TOO_SHORT_CUT;207;211;TOO_SHORT_CUT;TOO_SHORT_CUT;452;837;;;;-1;-1;-1;-1
EXP2;siControl-2;12;95;191;8;11;21;21;200;203;213;213;322;266;100;100;;203;213;290;254
EXP2;siControl-2;13;6;190;8;11;TOO_SHORT_CUT;TOO_SHORT_CUT;200;203;TOO_SHORT_CUT;TOO_SHORT_CUT;443;64;;;;203;209;445;66
EXP2;siControl-2;14;61;182,173;7;11;MORE_THAN_TWO_DAUGHTER_TRACKS;MORE_THAN_TWO_DAUGHTER_TRACKS;178;182;MORE_THAN_TWO_DAUGHTER_TRACKS;MORE_THAN_TWO_DAUGHTER_TRACKS;1565;810;;;;183;192;1545;809
EXP2;siControl-2;15;13;176;-1;11;19;20;173;185;193;194;570;559;80;90;;-1;-1;-1;-1
EXP2;siControl-2;16;57;171;6;12;TOO_SHORT_CUT;TOO_SHORT_CUT;175;181;TOO_SHORT_CUT;TOO_SHORT_CUT;1524;491;;;;-1;-1;-1;-1
EXP2;siControl-2;17;78;165;8;12;21;21;169;173;182;182;623;309;90;90;;-1;-1;-1;-1
EXP2;siControl-2;18;17;158;8;12;NEAR_BORDER;NEAR_BORDER;150;154;NEAR_BORDER;NEAR_BORDER;45;681;;;;-1;-1;-1;-1
EXP2;siControl-2;19;69;157;5;12;TOO_SHORT_CUT;TOO_SHORT_CUT;146;153;TOO_SHORT_CUT;TOO_SHORT_CUT;901;823;;;;153;163;925;786
EXP2;siControl-2;1;187;284;9;19;NO_MID_BODY_DETECTED;NO_MID_BODY_DETECTED;259;269;NO_MID_BODY_DETECTED;NO_MID_BODY_DETECTED;-1;-1;;;;-1;-1;-1;-1
EXP2;siControl-2;20;7;153;4;11;35;36;141;148;172;173;74;194;240;250;;-1;-1;-1;-1
EXP2;siControl-2;21;146;152;5;11;22;22;140;146;157;157;696;948;110;110;;147;158;672;869
EXP2;siControl-2;22;25;140;8;11;NO_MID_BODY_DETECTED;NO_MID_BODY_DETECTED;128;131;NO_MID_BODY_DETECTED;NO_MID_BODY_DETECTED;-1;-1;;;;-1;-1;-1;-1
EXP2;siControl-2;23;2;139;7;11;23;24;127;131;143;144;799;379;120;130;;130;145;840;318
EXP2;siControl-2;24;18;138;7;10;26;27;126;129;145;146;304;605;160;170;;-1;-1;-1;-1
EXP2;siControl-2;25;22;123;9;20;TOO_SHORT_CUT;TOO_SHORT_CUT;101;112;TOO_SHORT_CUT;TOO_SHORT_CUT;547;933;;;;-1;-1;-1;-1
EXP2;siControl-2;26;20;122;7;11;21;26;108;112;122;127;757;572;100;150;;112;129;758;573
EXP2;siControl-2;27;54;120,118;6;8;MORE_THAN_TWO_DAUGHTER_TRACKS;MORE_THAN_TWO_DAUGHTER_TRACKS;103;105;MORE_THAN_TWO_DAUGHTER_TRACKS;MORE_THAN_TWO_DAUGHTER_TRACKS;1273;76;;;;-1;-1;-1;-1
EXP2;siControl-2;28;8;116;10;13;26;29;100;103;116;119;1084;189;130;160;;103;117;1081;188
EXP2;siControl-2;29;24;109,103;7;7;MORE_THAN_TWO_DAUGHTER_TRACKS;MORE_THAN_TWO_DAUGHTER_TRACKS;89;89;MORE_THAN_TWO_DAUGHTER_TRACKS;MORE_THAN_TWO_DAUGHTER_TRACKS;860;990;;;;-1;-1;-1;-1
EXP2;siControl-2;2;99;266;9;11;25;25;251;253;267;267;832;273;140;140;;254;268;930;338
EXP2;siControl-2;30;10;99;9;11;35;37;85;87;111;113;860;195;240;260;;-1;-1;-1;-1
EXP2;siControl-2;31;12;96;8;11;22;24;78;81;92;94;514;279;110;130;;81;89;525;222
EXP2;siControl-2;32;6;95;8;11;21;22;77;80;90;91;388;160;100;110;;80;90;390;162
EXP2;siControl-2;33;16;94;8;11;22;23;75;78;89;90;386;581;110;120;;79;89;393;604
EXP2;siControl-2;34;1;91;7;12;23;25;71;76;87;89;714;174;110;130;;76;87;690;216
EXP2;siControl-2;35;11;80;-1;18;TOO_SHORT_CUT;TOO_SHORT_CUT;45;64;TOO_SHORT_CUT;TOO_SHORT_CUT;1530;233;;;;-1;-1;-1;-1
EXP2;siControl-2;36;13;78;7;11;TOO_SHORT_CUT;TOO_SHORT_CUT;59;63;TOO_SHORT_CUT;TOO_SHORT_CUT;649;466;;;;63;72;700;433
EXP2;siControl-2;37;19;61;7;12;NEAR_BORDER;NEAR_BORDER;40;45;NEAR_BORDER;NEAR_BORDER;1598;783;;;;-1;-1;-1;-1
EXP2;siControl-2;38;9;57;6;11;28;29;37;42;59;60;1270;310;170;180;;42;59;1281;301
EXP2;siControl-2;39;15;48;8;11;NO_CUT_DETECTED;NO_CUT_DETECTED;24;27;NO_CUT_DETECTED;NO_CUT_DETECTED;1391;504;;;;28;37;1340;513
EXP2;siControl-2;3;139;264;9;12;TOO_SHORT_CUT;TOO_SHORT_CUT;248;251;TOO_SHORT_CUT;TOO_SHORT_CUT;798;231;;;;251;261;829;277
EXP2;siControl-2;40;21;44;9;12;30;32;18;21;39;41;795;771;180;200;;21;36;772;844
EXP2;siControl-2;4;20;255;8;11;21;27;242;245;255;261;925;608;100;160;;-1;-1;-1;-1
EXP2;siControl-2;5;6;235;11;12;TOO_SHORT_CUT;TOO_SHORT_CUT;234;235;TOO_SHORT_CUT;TOO_SHORT_CUT;468;64;;;;-1;-1;-1;-1
EXP2;siControl-2;6;18;229,220,219;9;11;MORE_THAN_TWO_DAUGHTER_TRACKS;MORE_THAN_TWO_DAUGHTER_TRACKS;222;224;MORE_THAN_TWO_DAUGHTER_TRACKS;MORE_THAN_TWO_DAUGHTER_TRACKS;433;929;;;;-1;-1;-1;-1
EXP2;siControl-2;7;9;217;-5;18;TOO_SHORT_CUT;TOO_SHORT_CUT;201;224;TOO_SHORT_CUT;TOO_SHORT_CUT;1214;336;;;;-1;-1;-1;-1
EXP2;siControl-2;8;10;216;10;18;33;34;215;223;238;239;870;128;150;160;;-1;-1;-1;-1
EXP2;siControl-2;9;94;210,203;8;11;MORE_THAN_TWO_DAUGHTER_TRACKS;MORE_THAN_TWO_DAUGHTER_TRACKS;210;213;MORE_THAN_TWO_DAUGHTER_TRACKS;MORE_THAN_TWO_DAUGHTER_TRACKS;361;567;;;;-1;-1;-1;-1
EXP2;siControl-3;0;21;207,203;2;6;MORE_THAN_TWO_DAUGHTER_TRACKS;MORE_THAN_TWO_DAUGHTER_TRACKS;222;226;MORE_THAN_TWO_DAUGHTER_TRACKS;MORE_THAN_TWO_DAUGHTER_TRACKS;718;480;;;;226;233;717;482
EXP2;siControl-3;10;45;160;11;17;TOO_SHORT_CUT;TOO_SHORT_CUT;185;191;TOO_SHORT_CUT;TOO_SHORT_CUT;1337;350;;;;-1;-1;-1;-1
EXP2;siControl-3;11;55;156;9;12;20;20;185;188;196;196;548;724;80;80;;-1;-1;-1;-1
EXP2;siControl-3;12;0;149;7;11;NEAR_BORDER;NEAR_BORDER;178;182;NEAR_BORDER;NEAR_BORDER;112;118;;;;-1;-1;-1;-1
EXP2;siControl-3;13;39;148;-1;11;TOO_SHORT_CUT;TOO_SHORT_CUT;168;180;TOO_SHORT_CUT;TOO_SHORT_CUT;218;465;;;;-1;-1;-1;-1
EXP2;siControl-3;14;14;137;8;11;22;22;163;166;177;177;343;876;110;110;;167;172;342;853
EXP2;siControl-3;15;10;135;7;20;NO_MID_BODY_DETECTED;NO_MID_BODY_DETECTED;152;165;NO_MID_BODY_DETECTED;NO_MID_BODY_DETECTED;-1;-1;;;;-1;-1;-1;-1
EXP2;siControl-3;16;12;132;8;11;19;20;159;162;170;171;352;357;80;90;;162;171;358;356
EXP2;siControl-3;17;87;130;10;13;24;25;156;159;170;171;989;165;110;120;;-1;-1;-1;-1
EXP2;siControl-3;18;26;128;9;12;22;25;154;157;167;170;1103;107;100;130;;-1;-1;-1;-1
EXP2;siControl-3;19;23;119,116;5;10;MORE_THAN_TWO_DAUGHTER_TRACKS;MORE_THAN_TWO_DAUGHTER_TRACKS;142;147;MORE_THAN_TWO_DAUGHTER_TRACKS;MORE_THAN_TWO_DAUGHTER_TRACKS;1487;573;;;;149;165;1441;528
EXP2;siControl-3;1;143;205;9;12;TOO_SHORT_CUT;TOO_SHORT_CUT;226;229;TOO_SHORT_CUT;TOO_SHORT_CUT;837;273;;;;229;238;836;282
EXP2;siControl-3;20;17;110;10;13;22;25;132;135;144;147;1079;972;90;120;;135;145;1169;984
EXP2;siControl-3;21;15;83;3;11;TOO_SHORT_CUT;TOO_SHORT_CUT;94;102;TOO_SHORT_CUT;TOO_SHORT_CUT;811;817;;;;-1;-1;-1;-1
EXP2;siControl-3;22;24;75;8;12;TOO_SHORT_CUT;TOO_SHORT_CUT;91;95;TOO_SHORT_CUT;TOO_SHORT_CUT;894;606;;;;-1;-1;-1;-1
EXP2;siControl-3;23;21;71;8;11;TOO_SHORT_CUT;TOO_SHORT_CUT;86;89;TOO_SHORT_CUT;TOO_SHORT_CUT;753;275;;;;90;98;738;249
EXP2;siControl-3;24;1;66;7;11;NEAR_BORDER;NEAR_BORDER;79;83;NEAR_BORDER;NEAR_BORDER;679;4;;;;83;95;720;36
EXP2;siControl-3;25;13;55;8;11;22;28;62;65;76;82;566;766;110;170;;66;79;570;773
EXP2;siControl-3;26;4;45;7;11;20;22;50;54;63;65;1301;200;90;110;;-1;-1;-1;-1
EXP2;siControl-3;27;6;44;7;10;24;25;51;54;68;69;612;83;140;150;;55;68;574;80
EXP2;siControl-3;28;0;39;7;10;31;35;40;43;64;68;151;90;210;250;;-1;-1;-1;-1
EXP2;siControl-3;29;14;37;7;11;21;24;36;40;50;53;298;747;100;130;;40;53;330;721
EXP2;siControl-3;2;66;199;9;11;NEAR_BORDER;NEAR_BORDER;222;224;NEAR_BORDER;NEAR_BORDER;589;0;;;;-1;-1;-1;-1
EXP2;siControl-3;30;12;36;7;10;28;35;36;39;57;64;366;448;180;250;;41;58;357;465
EXP2;siControl-3;31;9;35;7;11;20;21;35;39;48;49;970;391;90;100;;-1;-1;-1;-1
EXP2;siControl-3;32;10;23;9;12;TOO_SHORT_CUT;TOO_SHORT_CUT;9;12;TOO_SHORT_CUT;TOO_SHORT_CUT;1219;441;;;;13;23;1208;402
EXP2;siControl-3;3;139;198;11;13;22;25;221;223;232;235;795;142;90;120;;-1;-1;-1;-1
EXP2;siControl-3;4;75;194;9;17;TOO_SHORT_CUT;TOO_SHORT_CUT;212;220;TOO_SHORT_CUT;TOO_SHORT_CUT;1016;770;;;;-1;-1;-1;-1
EXP2;siControl-3;5;15;189,188;2;13;MORE_THAN_TWO_DAUGHTER_TRACKS;MORE_THAN_TWO_DAUGHTER_TRACKS;206;217;MORE_THAN_TWO_DAUGHTER_TRACKS;MORE_THAN_TWO_DAUGHTER_TRACKS;924;614;;;;-1;-1;-1;-1
EXP2;siControl-3;6;61;183,166;8;11;MORE_THAN_TWO_DAUGHTER_TRACKS;MORE_THAN_TWO_DAUGHTER_TRACKS;199;202;MORE_THAN_TWO_DAUGHTER_TRACKS;MORE_THAN_TWO_DAUGHTER_TRACKS;1061;946;;;;-1;-1;-1;-1
EXP2;siControl-3;7;35;178,177;5;12;MORE_THAN_TWO_DAUGHTER_TRACKS;MORE_THAN_TWO_DAUGHTER_TRACKS;200;207;MORE_THAN_TWO_DAUGHTER_TRACKS;MORE_THAN_TWO_DAUGHTER_TRACKS;940;559;;;;-1;-1;-1;-1
EXP2;siControl-3;8;13;174;9;12;21;21;203;206;215;215;546;848;90;90;;207;215;522;904
EXP2;siControl-3;9;6;171;10;12;22;24;204;206;216;218;555;74;100;120;;-1;-1;-1;-1
EXP2;siControl-4;0;177;411,396,380;1;3;MORE_THAN_TWO_DAUGHTER_TRACKS;MORE_THAN_TWO_DAUGHTER_TRACKS;247;249;MORE_THAN_TWO_DAUGHTER_TRACKS;MORE_THAN_TWO_DAUGHTER_TRACKS;99;618;;;;-1;-1;-1;-1
EXP2;siControl-4;10;5;278;9;12;TOO_SHORT_CUT;TOO_SHORT_CUT;194;197;TOO_SHORT_CUT;TOO_SHORT_CUT;1085;138;;;;-1;-1;-1;-1
EXP2;siControl-4;11;43;275;10;12;23;24;194;196;207;208;530;404;110;120;;-1;-1;-1;-1
EXP2;siControl-4;12;95;265;9;11;TOO_SHORT_CUT;TOO_SHORT_CUT;189;191;TOO_SHORT_CUT;TOO_SHORT_CUT;1408;478;;;;-1;-1;-1;-1
EXP2;siControl-4;13;82;263;10;12;20;21;186;188;196;197;832;631;80;90;;-1;-1;-1;-1
EXP2;siControl-4;14;65;257;7;11;TOO_SHORT_CUT;TOO_SHORT_CUT;180;184;TOO_SHORT_CUT;TOO_SHORT_CUT;553;419;;;;-1;-1;-1;-1
EXP2;siControl-4;15;15;255;6;11;24;24;176;181;194;194;68;958;130;130;;181;195;62;968
EXP2;siControl-4;16;85;251,244;8;14;MORE_THAN_TWO_DAUGHTER_TRACKS;MORE_THAN_TWO_DAUGHTER_TRACKS;171;177;MORE_THAN_TWO_DAUGHTER_TRACKS;MORE_THAN_TWO_DAUGHTER_TRACKS;764;561;;;;-1;-1;-1;-1
EXP2;siControl-4;17;36;250;0;11;18;20;167;178;185;187;1023;552;70;90;;-1;-1;-1;-1
EXP2;siControl-4;18;93;249;10;11;TOO_SHORT_CUT;TOO_SHORT_CUT;177;178;TOO_SHORT_CUT;TOO_SHORT_CUT;822;417;;;;-1;-1;-1;-1
EXP2;siControl-4;19;61;235;7;12;TOO_SHORT_CUT;TOO_SHORT_CUT;168;173;TOO_SHORT_CUT;TOO_SHORT_CUT;375;569;;;;-1;-1;-1;-1
EXP2;siControl-4;1;107;410;-1;11;22;22;247;259;270;270;1261;275;110;110;;-1;-1;-1;-1
EXP2;siControl-4;20;17;227;8;12;19;20;164;168;175;176;1433;740;70;80;;-1;-1;-1;-1
EXP2;siControl-4;21;108;226;7;11;20;21;164;168;177;178;1192;453;90;100;;-1;-1;-1;-1
EXP2;siControl-4;22;73;225;3;11;20;22;160;168;177;179;995;83;90;110;;-1;-1;-1;-1
EXP2;siControl-4;23;97;224;6;11;TOO_SHORT_CUT;TOO_SHORT_CUT;161;166;TOO_SHORT_CUT;TOO_SHORT_CUT;678;950;;;;167;175;665;942
EXP2;siControl-4;24;165;219,217;10;10;MORE_THAN_TWO_DAUGHTER_TRACKS;MORE_THAN_TWO_DAUGHTER_TRACKS;162;162;MORE_THAN_TWO_DAUGHTER_TRACKS;MORE_THAN_TWO_DAUGHTER_TRACKS;1241;998;;;;-1;-1;-1;-1
EXP2;siControl-4;25;56;216;8;12;20;21;158;162;170;171;1036;745;80;90;;-1;-1;-1;-1
EXP2;siControl-4;26;178;193;6;6;NO_MID_BODY_DETECTED;NO_MID_BODY_DETECTED;142;142;NO_MID_BODY_DETECTED;NO_MID_BODY_DETECTED;-1;-1;;;;-1;-1;-1;-1
EXP2;siControl-4;27;9;179,177;9;12;MORE_THAN_TWO_DAUGHTER_TRACKS;MORE_THAN_TWO_DAUGHTER_TRACKS;130;133;MORE_THAN_TWO_DAUGHTER_TRACKS;MORE_THAN_TWO_DAUGHTER_TRACKS;114;525;;;;133;148;102;500
EXP2;siControl-4;28;4;176;9;12;TOO_SHORT_CUT;TOO_SHORT_CUT;130;133;TOO_SHORT_CUT;TOO_SHORT_CUT;1547;108;;;;-1;-1;-1;-1
EXP2;siControl-4;29;24;138;-9;16;NEAR_BORDER;NEAR_BORDER;77;102;NEAR_BORDER;NEAR_BORDER;1531;556;;;;-1;-1;-1;-1
EXP2;siControl-4;2;9;387;11;13;40;41;249;251;278;279;33;748;270;280;;-1;-1;-1;-1
EXP2;siControl-4;30;1;121;7;12;23;24;85;90;101;102;138;201;110;120;;-1;-1;-1;-1
EXP2;siControl-4;31;6;119;8;11;NO_MID_BODY_DETECTED;NO_MID_BODY_DETECTED;85;88;NO_MID_BODY_DETECTED;NO_MID_BODY_DETECTED;-1;-1;;;;-1;-1;-1;-1
EXP2;siControl-4;32;43;115;5;12;21;22;77;84;93;94;266;334;90;100;;-1;-1;-1;-1
EXP2;siControl-4;33;7;114,109;3;11;MORE_THAN_TWO_DAUGHTER_TRACKS;MORE_THAN_TWO_DAUGHTER_TRACKS;70;78;MORE_THAN_TWO_DAUGHTER_TRACKS;MORE_THAN_TWO_DAUGHTER_TRACKS;1419;451;;;;-1;-1;-1;-1
EXP2;siControl-4;34;63;99;8;11;21;22;69;72;82;83;1304;1021;100;110;;72;83;1364;1026
EXP2;siControl-4;35;5;95;8;12;TOO_SHORT_CUT;TOO_SHORT_CUT;65;69;TOO_SHORT_CUT;TOO_SHORT_CUT;1185;521;;;;68;77;1221;465
EXP2;siControl-4;36;31;93,85,82;8;12;MORE_THAN_TWO_DAUGHTER_TRACKS;MORE_THAN_TWO_DAUGHTER_TRACKS;57;61;MORE_THAN_TWO_DAUGHTER_TRACKS;MORE_THAN_TWO_DAUGHTER_TRACKS;962;532;;;;61;71;917;569
EXP2;siControl-4;37;2;90;5;11;TOO_SHORT_CUT;TOO_SHORT_CUT;61;67;TOO_SHORT_CUT;TOO_SHORT_CUT;1016;198;;;;69;76;1005;194
EXP2;siControl-4;38;15;61;8;11;30;32;39;42;61;63;235;858;190;210;;43;62;276;876
EXP2;siControl-4;39;17;56;9;12;24;26;34;37;49;51;1534;836;120;140;;-1;-1;-1;-1
EXP2;siControl-4;3;274;338,327;1;7;MORE_THAN_TWO_DAUGHTER_TRACKS;MORE_THAN_TWO_DAUGHTER_TRACKS;218;224;MORE_THAN_TWO_DAUGHTER_TRACKS;MORE_THAN_TWO_DAUGHTER_TRACKS;-1;-1;;;;-1;-1;-1;-1
EXP2;siControl-4;40;11;55;8;12;39;52;32;36;63;76;460;694;270;400;;37;68;477;648
EXP2;siControl-4;41;25;34;2;11;NO_MID_BODY_DETECTED;NO_MID_BODY_DETECTED;6;15;NO_MID_BODY_DETECTED;NO_MID_BODY_DETECTED;-1;-1;;;;-1;-1;-1;-1
EXP2;siControl-4;4;327;336;5;5;TOO_SHORT_CUT;TOO_SHORT_CUT;228;228;TOO_SHORT_CUT;TOO_SHORT_CUT;1559;534;;;;-1;-1;-1;-1
EXP2;siControl-4;5;264;320;9;12;TOO_SHORT_CUT;TOO_SHORT_CUT;216;219;TOO_SHORT_CUT;TOO_SHORT_CUT;536;145;;;;219;230;537;149
EXP2;siControl-4;6;215;309;10;18;TOO_SHORT_CUT;TOO_SHORT_CUT;205;213;TOO_SHORT_CUT;TOO_SHORT_CUT;1291;999;;;;-1;-1;-1;-1
EXP2;siControl-4;7;121;296;8;13;21;22;199;204;212;213;18;139;80;90;;204;212;48;181
EXP2;siControl-4;8;155;289;7;13;25;26;196;202;214;215;159;203;120;130;;-1;-1;-1;-1
EXP2;siControl-4;9;2;281;5;12;21;22;192;199;208;209;809;186;90;100;;199;209;809;187
EXP2;siControl-5;0;197;340;11;20;TOO_SHORT_CUT;TOO_SHORT_CUT;270;279;TOO_SHORT_CUT;TOO_SHORT_CUT;1134;509;;;;-1;-1;-1;-1
EXP2;siControl-5;10;53;241;6;11;19;20;200;205;213;214;333;1019;80;90;;205;216;332;1030
EXP2;siControl-5;11;108;237;5;11;19;21;197;203;211;213;72;837;80;100;;202;211;96;852
EXP2;siControl-5;12;12;211;8;11;TOO_SHORT_CUT;TOO_SHORT_CUT;180;183;TOO_SHORT_CUT;TOO_SHORT_CUT;1124;601;;;;183;194;1134;574
EXP2;siControl-5;13;37;203;8;11;TOO_SHORT_CUT;TOO_SHORT_CUT;177;180;TOO_SHORT_CUT;TOO_SHORT_CUT;789;164;;;;180;187;790;198
EXP2;siControl-5;14;55;197;8;12;TOO_SHORT_CUT;TOO_SHORT_CUT;171;175;TOO_SHORT_CUT;TOO_SHORT_CUT;894;469;;;;175;183;942;408
EXP2;siControl-5;15;172;195;6;13;NO_MID_BODY_DETECTED;NO_MID_BODY_DETECTED;167;174;NO_MID_BODY_DETECTED;NO_MID_BODY_DETECTED;-1;-1;;;;-1;-1;-1;-1
EXP2;siControl-5;16;70;194;9;11;TOO_SHORT_CUT;TOO_SHORT_CUT;171;173;TOO_SHORT_CUT;TOO_SHORT_CUT;1327;465;;;;173;183;1390;458
EXP2;siControl-5;17;5;189;8;11;20;21;168;171;180;181;1329;116;90;100;;170;180;1324;108
EXP2;siControl-5;18;14;188;-3;11;TOO_SHORT_CUT;TOO_SHORT_CUT;156;170;TOO_SHORT_CUT;TOO_SHORT_CUT;972;994;;;;170;181;1008;1042
EXP2;siControl-5;19;13;184;8;13;TOO_SHORT_CUT;TOO_SHORT_CUT;162;167;TOO_SHORT_CUT;TOO_SHORT_CUT;657;930;;;;-1;-1;-1;-1
EXP2;siControl-5;1;129;323;6;13;NO_MID_BODY_DETECTED;NO_MID_BODY_DETECTED;264;271;NO_MID_BODY_DETECTED;NO_MID_BODY_DETECTED;-1;-1;;;;-1;-1;-1;-1
EXP2;siControl-5;20;31;178;9;11;TOO_SHORT_CUT;TOO_SHORT_CUT;162;164;TOO_SHORT_CUT;TOO_SHORT_CUT;621;221;;;;164;173;670;278
EXP2;siControl-5;21;60;177;8;11;TOO_SHORT_CUT;TOO_SHORT_CUT;160;163;TOO_SHORT_CUT;TOO_SHORT_CUT;1042;242;;;;163;172;1106;208
EXP2;siControl-5;22;9;176;6;11;TOO_SHORT_CUT;TOO_SHORT_CUT;157;162;TOO_SHORT_CUT;TOO_SHORT_CUT;358;343;;;;162;170;320;332
EXP2;siControl-5;23;8;170;7;11;TOO_SHORT_CUT;TOO_SHORT_CUT;150;154;TOO_SHORT_CUT;TOO_SHORT_CUT;672;511;;;;154;162;678;452
EXP2;siControl-5;24;29;168;6;11;TOO_SHORT_CUT;TOO_SHORT_CUT;146;151;TOO_SHORT_CUT;TOO_SHORT_CUT;1132;712;;;;150;159;1050;716
EXP2;siControl-5;25;34;165,159;6;12;MORE_THAN_TWO_DAUGHTER_TRACKS;MORE_THAN_TWO_DAUGHTER_TRACKS;138;144;MORE_THAN_TWO_DAUGHTER_TRACKS;MORE_THAN_TWO_DAUGHTER_TRACKS;245;542;;;;143;151;206;588
EXP2;siControl-5;26;7;153;8;12;TOO_SHORT_CUT;TOO_SHORT_CUT;136;140;TOO_SHORT_CUT;TOO_SHORT_CUT;312;282;;;;-1;-1;-1;-1
EXP2;siControl-5;27;51;146;4;11;21;22;128;135;145;146;1413;848;100;110;;135;146;1420;840
EXP2;siControl-5;28;2;135,128;7;8;MORE_THAN_TWO_DAUGHTER_TRACKS;MORE_THAN_TWO_DAUGHTER_TRACKS;120;121;MORE_THAN_TWO_DAUGHTER_TRACKS;MORE_THAN_TWO_DAUGHTER_TRACKS;499;76;;;;-1;-1;-1;-1
EXP2;siControl-5;29;18;130;7;12;TOO_SHORT_CUT;TOO_SHORT_CUT;118;123;TOO_SHORT_CUT;TOO_SHORT_CUT;1281;949;;;;122;132;1202;858
EXP2;siControl-5;2;13;312;-27;16;TOO_SHORT_CUT;TOO_SHORT_CUT;223;266;TOO_SHORT_CUT;TOO_SHORT_CUT;717;569;;;;-1;-1;-1;-1
EXP2;siControl-5;30;33;129;9;12;TOO_SHORT_CUT;TOO_SHORT_CUT;119;122;TOO_SHORT_CUT;TOO_SHORT_CUT;421;527;;;;121;129;522;544
EXP2;siControl-5;31;10;123;8;12;21;23;111;115;124;126;1428;328;90;110;;114;124;1402;314
EXP2;siControl-5;32;78;116;8;14;23;25;106;112;121;123;101;530;90;110;;113;123;106;526
EXP2;siControl-5;33;0;107;6;20;NEAR_BORDER;NEAR_BORDER;91;105;NEAR_BORDER;NEAR_BORDER;17;0;;;;-1;-1;-1;-1
EXP2;siControl-5;34;12;70;8;11;26;28;61;64;79;81;1242;480;150;170;;64;80;1212;528
EXP2;siControl-5;35;5;60;9;12;23;25;43;46;57;59;1220;219;110;130;;46;58;1214;212
EXP2;siControl-5;36;11;55;9;12;22;22;37;40;50;50;1057;441;100;100;;40;50;1050;434
EXP2;siControl-5;37;8;37;8;11;TOO_SHORT_CUT;TOO_SHORT_CUT;15;18;TOO_SHORT_CUT;TOO_SHORT_CUT;767;321;;;;18;29;772;380
EXP2;siControl-5;38;22;35,27;1;2;MORE_THAN_TWO_DAUGHTER_TRACKS;MORE_THAN_TWO_DAUGHTER_TRACKS;1;2;MORE_THAN_TWO_DAUGHTER_TRACKS;MORE_THAN_TWO_DAUGHTER_TRACKS;624;932;;;;-1;-1;-1;-1
EXP2;siControl-5;39;9;34;9;12;19;24;12;15;22;27;251;284;70;120;;15;24;236;296
EXP2;siControl-5;3;18;309;11;13;NO_MID_BODY_DETECTED;NO_MID_BODY_DETECTED;261;263;NO_MID_BODY_DETECTED;NO_MID_BODY_DETECTED;-1;-1;;;;-1;-1;-1;-1
EXP2;siControl-5;40;15;33;8;11;NEAR_BORDER;NEAR_BORDER;8;11;NEAR_BORDER;NEAR_BORDER;68;669;;;;11;20;60;660
EXP2;siControl-5;41;6;32;5;8;17;18;5;8;17;18;108;373;90;100;;8;18;84;314
EXP2;siControl-5;42;7;31;4;8;19;21;4;8;19;21;537;314;110;130;;7;19;490;228
EXP2;siControl-5;43;14;29;4;7;TOO_SHORT_CUT;TOO_SHORT_CUT;4;7;TOO_SHORT_CUT;TOO_SHORT_CUT;1003;739;;;;6;17;960;734
EXP2;siControl-5;4;250;304;2;9;TOO_SHORT_CUT;TOO_SHORT_CUT;251;258;TOO_SHORT_CUT;TOO_SHORT_CUT;389;770;;;;-1;-1;-1;-1
EXP2;siControl-5;5;184;298;-19;8;28;29;225;252;272;273;724;840;200;210;;-1;-1;-1;-1
EXP2;siControl-5;6;2;284;9;12;19;21;238;241;248;250;510;52;70;90;;241;249;502;48
EXP2;siControl-5;7;40;272,271;7;12;MORE_THAN_TWO_DAUGHTER_TRACKS;MORE_THAN_TWO_DAUGHTER_TRACKS;227;232;MORE_THAN_TWO_DAUGHTER_TRACKS;MORE_THAN_TWO_DAUGHTER_TRACKS;85;741;;;;232;240;84;738
EXP2;siControl-5;8;165;250;7;13;22;24;213;219;228;230;296;787;90;110;;218;231;288;796
EXP2;siControl-5;9;235;249;11;13;NO_MID_BODY_DETECTED;NO_MID_BODY_DETECTED;216;218;NO_MID_BODY_DETECTED;NO_MID_BODY_DETECTED;-1;-1;;;;-1;-1;-1;-1
EXP2;siControl-6;0;91;232;0;11;23;25;245;256;268;270;934;67;120;140;;255;270;920;36
EXP2;siControl-6;10;35;156;9;12;TOO_SHORT_CUT;TOO_SHORT_CUT;183;186;TOO_SHORT_CUT;TOO_SHORT_CUT;883;632;;;;186;195;850;674
EXP2;siControl-6;11;54;154;8;8;16;21;185;185;193;198;799;258;80;130;;-1;-1;-1;-1
EXP2;siControl-6;12;50;151;9;12;TOO_SHORT_CUT;TOO_SHORT_CUT;179;182;TOO_SHORT_CUT;TOO_SHORT_CUT;981;1000;;;;182;192;998;1018
EXP2;siControl-6;13;42;149;9;12;TOO_SHORT_CUT;TOO_SHORT_CUT;177;180;TOO_SHORT_CUT;TOO_SHORT_CUT;214;444;;;;180;187;190;456
EXP2;siControl-6;14;11;146;6;11;17;18;172;177;183;184;269;645;60;70;;176;185;276;632
EXP2;siControl-6;15;41;133,127;10;12;MORE_THAN_TWO_DAUGHTER_TRACKS;MORE_THAN_TWO_DAUGHTER_TRACKS;152;154;MORE_THAN_TWO_DAUGHTER_TRACKS;MORE_THAN_TWO_DAUGHTER_TRACKS;1285;615;;;;-1;-1;-1;-1
EXP2;siControl-6;16;30;132;9;12;27;28;154;157;172;173;1347;662;150;160;;-1;-1;-1;-1
EXP2;siControl-6;17;22;131;9;12;29;30;153;156;173;174;252;332;170;180;;156;174;220;318
EXP2;siControl-6;18;76;109;5;12;NO_MID_BODY_DETECTED;NO_MID_BODY_DETECTED;125;132;NO_MID_BODY_DETECTED;NO_MID_BODY_DETECTED;-1;-1;;;;-1;-1;-1;-1
EXP2;siControl-6;19;3;91;8;11;18;23;105;108;115;120;993;112;70;120;;108;118;990;106
EXP2;siControl-6;1;123;218;9;12;26;26;231;234;248;248;525;158;140;140;;234;248;524;156
EXP2;siControl-6;20;5;89;8;11;30;36;104;107;126;132;247;194;190;250;;107;128;228;174
EXP2;siControl-6;21;18;80;9;12;NO_MID_BODY_DETECTED;NO_MID_BODY_DETECTED;95;98;NO_MID_BODY_DETECTED;NO_MID_BODY_DETECTED;-1;-1;;;;-1;-1;-1;-1
EXP2;siControl-6;22;6;64;7;11;TOO_SHORT_CUT;TOO_SHORT_CUT;80;84;TOO_SHORT_CUT;TOO_SHORT_CUT;965;404;;;;84;95;940;366
EXP2;siControl-6;23;8;61;8;11;23;27;76;79;91;95;1353;364;120;160;;79;92;1352;400
EXP2;siControl-6;24;2;54;8;11;26;27;64;67;82;83;766;256;150;160;;67;90;774;236
EXP2;siControl-6;25;13;50;8;11;33;34;56;59;81;82;740;819;220;230;;59;84;764;786
EXP2;siControl-6;26;10;48;5;11;NEAR_BORDER;NEAR_BORDER;47;53;NEAR_BORDER;NEAR_BORDER;1509;784;;;;51;61;1532;724
EXP2;siControl-6;27;9;42;9;12;TOO_SHORT_CUT;TOO_SHORT_CUT;45;48;TOO_SHORT_CUT;TOO_SHORT_CUT;171;455;;;;48;57;58;412
EXP2;siControl-6;28;7;39;7;10;NO_CUT_DETECTED;NO_CUT_DETECTED;40;43;NO_CUT_DETECTED;NO_CUT_DETECTED;556;449;;;;43;55;502;458
EXP2;siControl-6;29;11;35;7;12;23;27;34;39;50;54;685;634;110;150;;37;51;580;626
EXP2;siControl-6;2;110;196;10;11;NO_CUT_DETECTED;NO_CUT_DETECTED;217;218;NO_CUT_DETECTED;NO_CUT_DETECTED;663;1073;;;;218;230;666;1036
EXP2;siControl-6;30;12;30;9;11;NO_CUT_DETECTED;NO_CUT_DETECTED;30;32;NO_CUT_DETECTED;NO_CUT_DETECTED;1174;824;;;;32;61;1204;790
EXP2;siControl-6;3;9;192;6;12;NO_MID_BODY_DETECTED;NO_MID_BODY_DETECTED;210;216;NO_MID_BODY_DETECTED;NO_MID_BODY_DETECTED;-1;-1;;;;-1;-1;-1;-1
EXP2;siControl-6;4;39;188,181;5;11;MORE_THAN_TWO_DAUGHTER_TRACKS;MORE_THAN_TWO_DAUGHTER_TRACKS;199;205;MORE_THAN_TWO_DAUGHTER_TRACKS;MORE_THAN_TWO_DAUGHTER_TRACKS;698;521;;;;204;215;698;526
EXP2;siControl-6;5;129;184,173;10;12;MORE_THAN_TWO_DAUGHTER_TRACKS;MORE_THAN_TWO_DAUGHTER_TRACKS;197;199;MORE_THAN_TWO_DAUGHTER_TRACKS;MORE_THAN_TWO_DAUGHTER_TRACKS;1252;440;;;;199;210;1320;430
EXP2;siControl-6;6;24;178;3;11;NO_CUT_DETECTED;NO_CUT_DETECTED;196;204;NO_CUT_DETECTED;NO_CUT_DETECTED;574;130;;;;-1;-1;-1;-1
EXP2;siControl-6;7;65;174;5;17;24;24;188;200;207;207;833;466;70;70;;-1;-1;-1;-1
EXP2;siControl-6;8;13;170;9;11;23;25;194;196;208;210;410;781;120;140;;196;209;372;834
EXP2;siControl-6;9;40;166;9;13;TOO_SHORT_CUT;TOO_SHORT_CUT;189;193;TOO_SHORT_CUT;TOO_SHORT_CUT;1132;679;;;;-1;-1;-1;-1
EXP2;siControl-7;0;254;324;-34;6;NO_MID_BODY_DETECTED;NO_MID_BODY_DETECTED;238;278;NO_MID_BODY_DETECTED;NO_MID_BODY_DETECTED;-1;-1;;;;-1;-1;-1;-1
EXP2;siControl-7;10;19;165;1;7;TOO_SHORT_CUT;TOO_SHORT_CUT;162;168;TOO_SHORT_CUT;TOO_SHORT_CUT;1061;807;;;;168;192;1050;802
EXP2;siControl-7;11;17;159;5;9;19;22;157;161;171;174;1163;836;100;130;;160;173;1222;868
EXP2;siControl-7;12;71;158;11;16;NEAR_BORDER;NEAR_BORDER;156;161;NEAR_BORDER;NEAR_BORDER;19;830;;;;-1;-1;-1;-1
EXP2;siControl-7;13;15;154;7;12;21;21;154;159;168;168;707;612;90;90;;159;168;672;590
EXP2;siControl-7;14;29;153;4;10;20;22;150;156;166;168;1409;557;100;120;;156;167;1346;548
EXP2;siControl-7;15;81;133;9;11;23;25;130;132;144;146;1075;1047;120;140;;132;145;1080;1036
EXP2;siControl-7;16;9;127;8;11;19;24;124;127;135;140;623;274;80;130;;127;141;646;278
EXP2;siControl-7;17;2;126;8;14;26;27;121;127;139;140;736;18;120;130;;-1;-1;-1;-1
EXP2;siControl-7;18;18;120;6;11;21;24;115;120;130;133;1460;956;100;130;;120;130;1532;946
EXP2;siControl-7;19;14;118;8;13;25;26;114;119;131;132;483;516;120;130;;118;131;484;470
EXP2;siControl-7;1;10;301;7;12;20;23;261;266;274;277;609;387;80;110;;265;277;612;384
EXP2;siControl-7;20;16;110;8;12;29;30;103;107;124;125;181;513;170;180;;107;124;190;534
EXP2;siControl-7;21;10;108;9;12;TOO_SHORT_CUT;TOO_SHORT_CUT;102;105;TOO_SHORT_CUT;TOO_SHORT_CUT;622;365;;;;104;115;540;384
EXP2;siControl-7;22;5;94;-2;12;23;42;83;97;108;127;413;36;110;300;;96;108;392;58
EXP2;siControl-7;23;13;92;9;13;NEAR_BORDER;NEAR_BORDER;91;95;NEAR_BORDER;NEAR_BORDER;0;399;;;;-1;-1;-1;-1
EXP2;siControl-7;24;7;89;5;11;28;34;86;92;109;115;1301;169;170;230;;92;115;1262;164
EXP2;siControl-7;25;6;86;-8;10;23;25;70;88;101;103;1352;45;130;150;;88;102;1284;52
EXP2;siControl-7;26;8;84;8;12;20;23;83;87;95;98;965;254;80;110;;86;96;968;240
EXP2;siControl-7;27;12;69;4;12;NO_MID_BODY_DETECTED;NO_MID_BODY_DETECTED;63;71;NO_MID_BODY_DETECTED;NO_MID_BODY_DETECTED;-1;-1;;;;-1;-1;-1;-1
EXP2;siControl-7;28;20;62;9;18;NO_MID_BODY_DETECTED;NO_MID_BODY_DETECTED;51;60;NO_MID_BODY_DETECTED;NO_MID_BODY_DETECTED;-1;-1;;;;-1;-1;-1;-1
EXP2;siControl-7;29;11;59;8;12;TOO_SHORT_CUT;TOO_SHORT_CUT;55;59;TOO_SHORT_CUT;TOO_SHORT_CUT;1272;628;;;;-1;-1;-1;-1
EXP2;siControl-7;2;157;254;-11;9;TOO_SHORT_CUT;TOO_SHORT_CUT;215;235;TOO_SHORT_CUT;TOO_SHORT_CUT;1404;85;;;;-1;-1;-1;-1
EXP2;siControl-7;30;22;49;7;13;NEAR_BORDER;NEAR_BORDER;38;44;NEAR_BORDER;NEAR_BORDER;0;994;;;;-1;-1;-1;-1
EXP2;siControl-7;31;15;31;9;12;22;25;12;15;25;28;550;568;100;130;;15;26;534;596
EXP2;siControl-7;32;17;29;4;10;21;23;4;10;21;23;1224;810;110;130;;9;22;1216;790
EXP2;siControl-7;3;89;244;2;12;27;29;219;229;244;246;1517;28;150;170;;229;247;1534;60
EXP2;siControl-7;4;74;241;8;11;TOO_SHORT_CUT;TOO_SHORT_CUT;223;226;TOO_SHORT_CUT;TOO_SHORT_CUT;740;1013;;;;226;234;746;1016
EXP2;siControl-7;5;118;240,239;9;12;MORE_THAN_TWO_DAUGHTER_TRACKS;MORE_THAN_TWO_DAUGHTER_TRACKS;222;225;MORE_THAN_TWO_DAUGHTER_TRACKS;MORE_THAN_TWO_DAUGHTER_TRACKS;447;347;;;;225;242;438;336
EXP2;siControl-7;6;84;208;9;12;19;20;204;207;214;215;977;206;70;80;;207;216;974;204
EXP2;siControl-7;7;11;202;-9;11;20;23;181;201;210;213;1371;439;90;120;;201;210;1374;438
EXP2;siControl-7;8;59;178;-5;13;23;25;168;186;196;198;1477;601;100;120;;185;196;1498;660
EXP2;siControl-7;9;31;175;10;12;TOO_SHORT_CUT;TOO_SHORT_CUT;182;184;TOO_SHORT_CUT;TOO_SHORT_CUT;314;752;;;;184;191;324;780
EXP2;siControl-8;0;103;408;-38;15;TOO_SHORT_CUT;TOO_SHORT_CUT;223;276;TOO_SHORT_CUT;TOO_SHORT_CUT;1447;832;;;;-1;-1;-1;-1
EXP2;siControl-8;10;56;265;6;9;TOO_SHORT_CUT;TOO_SHORT_CUT;199;202;TOO_SHORT_CUT;TOO_SHORT_CUT;1372;491;;;;-1;-1;-1;-1
EXP2;siControl-8;11;135;253;9;11;19;20;195;197;205;206;308;945;80;90;;196;206;248;932
EXP2;siControl-8;12;20;246;8;12;TOO_SHORT_CUT;TOO_SHORT_CUT;192;196;TOO_SHORT_CUT;TOO_SHORT_CUT;225;721;;;;196;205;225;721
EXP2;siControl-8;13;69;219;1;12;21;22;168;179;188;189;31;763;90;100;;178;188;26;756
EXP2;siControl-8;14;9;218;6;12;TOO_SHORT_CUT;TOO_SHORT_CUT;173;179;TOO_SHORT_CUT;TOO_SHORT_CUT;1286;286;;;;179;187;1286;288
EXP2;siControl-8;15;21;212;9;14;TOO_SHORT_CUT;TOO_SHORT_CUT;167;172;TOO_SHORT_CUT;TOO_SHORT_CUT;1066;863;;;;171;180;1022;822
EXP2;siControl-8;16;188;207;6;13;NEAR_BORDER;NEAR_BORDER;162;169;NEAR_BORDER;NEAR_BORDER;0;182;;;;-1;-1;-1;-1
EXP2;siControl-8;17;37;206;9;11;27;28;166;168;184;185;1082;485;160;170;;168;183;1085;485
EXP2;siControl-8;18;16;205;10;13;TOO_SHORT_CUT;TOO_SHORT_CUT;164;167;TOO_SHORT_CUT;TOO_SHORT_CUT;1160;747;;;;166;179;1232;672
EXP2;siControl-8;19;56;202,191;8;8;MORE_THAN_TWO_DAUGHTER_TRACKS;MORE_THAN_TWO_DAUGHTER_TRACKS;161;161;MORE_THAN_TWO_DAUGHTER_TRACKS;MORE_THAN_TWO_DAUGHTER_TRACKS;1347;494;;;;-1;-1;-1;-1
EXP2;siControl-8;1;360;405,391;7;11;MORE_THAN_TWO_DAUGHTER_TRACKS;MORE_THAN_TWO_DAUGHTER_TRACKS;265;269;MORE_THAN_TWO_DAUGHTER_TRACKS;MORE_THAN_TWO_DAUGHTER_TRACKS;109;131;;;;-1;-1;-1;-1
EXP2;siControl-8;20;64;199;5;11;20;24;159;165;174;178;164;292;90;130;;164;174;176;265
EXP2;siControl-8;21;48;190;7;11;TOO_SHORT_CUT;TOO_SHORT_CUT;155;159;TOO_SHORT_CUT;TOO_SHORT_CUT;733;1043;;;;159;167;734;1000
EXP2;siControl-8;22;19;171;6;11;23;24;140;145;157;158;980;837;120;130;;145;157;1096;854
EXP2;siControl-8;23;54;170;8;11;19;21;142;145;153;155;1346;879;80;100;;145;153;1372;858
EXP2;siControl-8;24;22;164;8;11;21;23;136;139;149;151;678;889;100;120;;139;149;677;897
EXP2;siControl-8;25;18;163;6;11;28;28;134;139;156;156;837;664;170;170;;139;157;834;684
EXP2;siControl-8;26;92;162;-11;18;TOO_SHORT_CUT;TOO_SHORT_CUT;109;138;TOO_SHORT_CUT;TOO_SHORT_CUT;754;60;;;;-1;-1;-1;-1
EXP2;siControl-8;27;29;153;6;12;24;25;126;132;144;145;952;205;120;130;;132;144;1036;170
EXP2;siControl-8;28;11;128;9;18;NEAR_BORDER;NEAR_BORDER;99;108;NEAR_BORDER;NEAR_BORDER;1442;0;;;;-1;-1;-1;-1
EXP2;siControl-8;29;2;92;7;13;NO_MID_BODY_DETECTED;NO_MID_BODY_DETECTED;76;82;NO_MID_BODY_DETECTED;NO_MID_BODY_DETECTED;-1;-1;;;;-1;-1;-1;-1
EXP2;siControl-8;2;17;386;5;11;22;24;258;264;275;277;316;644;110;130;;-1;-1;-1;-1
EXP2;siControl-8;30;14;91;8;12;TOO_SHORT_CUT;TOO_SHORT_CUT;76;80;TOO_SHORT_CUT;TOO_SHORT_CUT;850;549;;;;80;90;854;526
EXP2;siControl-8;31;20;88;7;11;21;23;73;77;87;89;251;916;100;120;;-1;-1;-1;-1
EXP2;siControl-8;32;33;87;8;11;23;23;74;77;89;89;286;444;120;120;;77;89;378;430
EXP2;siControl-8;33;15;85;7;11;24;24;71;75;88;88;476;881;130;130;;75;88;561;866
EXP2;siControl-8;34;72;84;9;9;NEAR_BORDER;NEAR_BORDER;74;74;NEAR_BORDER;NEAR_BORDER;699;45;;;;-1;-1;-1;-1
EXP2;siControl-8;35;6;69;7;12;NEAR_BORDER;NEAR_BORDER;53;58;NEAR_BORDER;NEAR_BORDER;112;637;;;;-1;-1;-1;-1
EXP2;siControl-8;36;0;64;6;12;23;25;48;54;65;67;28;142;110;130;;53;65;33;138
EXP2;siControl-8;37;10;63;8;12;21;25;45;49;58;62;630;344;90;130;;48;57;568;409
EXP2;siControl-8;38;16;56;9;12;35;36;36;39;62;63;1221;624;230;240;;38;63;1225;616
EXP2;siControl-8;39;21;54;10;16;27;65;31;37;48;86;1157;750;110;490;;-1;-1;-1;-1
EXP2;siControl-8;3;302;347;8;18;25;25;234;244;251;251;432;289;70;70;;-1;-1;-1;-1
EXP2;siControl-8;40;1;53;9;9;NEAR_BORDER;NEAR_BORDER;37;37;NEAR_BORDER;NEAR_BORDER;680;8;;;;-1;-1;-1;-1
EXP2;siControl-8;41;22;48,47;9;9;MORE_THAN_TWO_DAUGHTER_TRACKS;MORE_THAN_TWO_DAUGHTER_TRACKS;23;23;MORE_THAN_TWO_DAUGHTER_TRACKS;MORE_THAN_TWO_DAUGHTER_TRACKS;673;951;;;;-1;-1;-1;-1
EXP2;siControl-8;42;19;42;8;12;30;33;15;19;37;40;1157;744;180;210;;18;37;1246;796
EXP2;siControl-8;43;9;37;6;14;21;22;8;16;23;24;976;363;70;80;;-1;-1;-1;-1
EXP2;siControl-8;4;87;311;7;11;23;24;221;225;237;238;241;410;120;130;;225;237;254;396
EXP2;siControl-8;5;1;293,285;10;12;MORE_THAN_TWO_DAUGHTER_TRACKS;MORE_THAN_TWO_DAUGHTER_TRACKS;212;214;MORE_THAN_TWO_DAUGHTER_TRACKS;MORE_THAN_TWO_DAUGHTER_TRACKS;742;154;;;;214;227;774;109
EXP2;siControl-8;6;21;283;10;13;TOO_SHORT_CUT;TOO_SHORT_CUT;209;212;TOO_SHORT_CUT;TOO_SHORT_CUT;1186;707;;;;212;220;1285;737
EXP2;siControl-8;7;10;271;9;13;26;26;201;205;218;218;650;455;130;130;;204;217;652;464
EXP2;siControl-8;8;63;270,266;7;11;MORE_THAN_TWO_DAUGHTER_TRACKS;MORE_THAN_TWO_DAUGHTER_TRACKS;199;203;MORE_THAN_TWO_DAUGHTER_TRACKS;MORE_THAN_TWO_DAUGHTER_TRACKS;-1;-1;;;;-1;-1;-1;-1
EXP2;siControl-8;9;85;269,247;9;12;MORE_THAN_TWO_DAUGHTER_TRACKS;MORE_THAN_TWO_DAUGHTER_TRACKS;193;196;MORE_THAN_TWO_DAUGHTER_TRACKS;MORE_THAN_TWO_DAUGHTER_TRACKS;496;696;;;;195;208;516;774
EXP2;siControl-9;0;275;337;11;16;TOO_SHORT_CUT;TOO_SHORT_CUT;271;276;TOO_SHORT_CUT;TOO_SHORT_CUT;229;774;;;;-1;-1;-1;-1
EXP2;siControl-9;10;68;230;10;12;20;20;217;219;227;227;418;1050;80;80;;219;229;420;1049
EXP2;siControl-9;11;94;223;6;12;TOO_SHORT_CUT;TOO_SHORT_CUT;210;216;TOO_SHORT_CUT;TOO_SHORT_CUT;887;827;;;;216;224;966;792
EXP2;siControl-9;12;23;221;1;12;TOO_SHORT_CUT;TOO_SHORT_CUT;202;213;TOO_SHORT_CUT;TOO_SHORT_CUT;1131;999;;;;213;224;1132;998
EXP2;siControl-9;13;155;207;9;18;25;30;195;204;211;216;264;450;70;120;;-1;-1;-1;-1
EXP2;siControl-9;14;62;200;8;20;NO_MID_BODY_DETECTED;NO_MID_BODY_DETECTED;187;199;NO_MID_BODY_DETECTED;NO_MID_BODY_DETECTED;-1;-1;;;;-1;-1;-1;-1
EXP2;siControl-9;15;21;194;10;17;TOO_SHORT_CUT;TOO_SHORT_CUT;185;192;TOO_SHORT_CUT;TOO_SHORT_CUT;404;713;;;;-1;-1;-1;-1
EXP2;siControl-9;16;79;189;8;12;TOO_SHORT_CUT;TOO_SHORT_CUT;185;189;TOO_SHORT_CUT;TOO_SHORT_CUT;614;758;;;;189;197;613;761
EXP2;siControl-9;17;27;176,168;9;13;MORE_THAN_TWO_DAUGHTER_TRACKS;MORE_THAN_TWO_DAUGHTER_TRACKS;162;166;MORE_THAN_TWO_DAUGHTER_TRACKS;MORE_THAN_TWO_DAUGHTER_TRACKS;69;859;;;;-1;-1;-1;-1
EXP2;siControl-9;18;48;165;3;11;19;21;154;162;170;172;805;406;80;100;;162;171;789;381
EXP2;siControl-9;19;49;162;9;12;NEAR_BORDER;NEAR_BORDER;156;159;NEAR_BORDER;NEAR_BORDER;671;72;;;;-1;-1;-1;-1
EXP2;siControl-9;1;279;335,318;4;5;MORE_THAN_TWO_DAUGHTER_TRACKS;MORE_THAN_TWO_DAUGHTER_TRACKS;267;268;MORE_THAN_TWO_DAUGHTER_TRACKS;MORE_THAN_TWO_DAUGHTER_TRACKS;754;404;;;;-1;-1;-1;-1
EXP2;siControl-9;20;61;158;8;12;TOO_SHORT_CUT;TOO_SHORT_CUT;153;157;TOO_SHORT_CUT;TOO_SHORT_CUT;219;915;;;;156;166;230;912
EXP2;siControl-9;21;42;153;6;11;NEAR_BORDER;NEAR_BORDER;149;154;NEAR_BORDER;NEAR_BORDER;1587;626;;;;-1;-1;-1;-1
EXP2;siControl-9;22;10;145,144;7;12;MORE_THAN_TWO_DAUGHTER_TRACKS;MORE_THAN_TWO_DAUGHTER_TRACKS;147;152;MORE_THAN_TWO_DAUGHTER_TRACKS;MORE_THAN_TWO_DAUGHTER_TRACKS;1419;391;;;;-1;-1;-1;-1
EXP2;siControl-9;23;3;142;8;12;NEAR_BORDER;NEAR_BORDER;145;149;NEAR_BORDER;NEAR_BORDER;993;0;;;;-1;-1;-1;-1
EXP2;siControl-9;24;36;135;10;13;NO_CUT_DETECTED;NO_CUT_DETECTED;140;143;NO_CUT_DETECTED;NO_CUT_DETECTED;832;83;;;;-1;-1;-1;-1
EXP2;siControl-9;25;14;131;7;12;26;28;134;139;153;155;75;606;140;160;;-1;-1;-1;-1
EXP2;siControl-9;26;11;130;8;11;TOO_SHORT_CUT;TOO_SHORT_CUT;136;139;TOO_SHORT_CUT;TOO_SHORT_CUT;873;565;;;;139;153;945;540
EXP2;siControl-9;27;44;128;9;12;21;28;134;137;146;153;457;470;90;160;;137;146;529;464
EXP2;siControl-9;28;7;124;11;11;29;31;130;130;148;150;514;338;180;200;;130;148;501;337
EXP2;siControl-9;29;16;121;10;12;25;26;123;125;138;139;578;693;130;140;;-1;-1;-1;-1
EXP2;siControl-9;2;15;304;6;12;25;26;254;260;273;274;938;539;130;140;;-1;-1;-1;-1
EXP2;siControl-9;30;26;120;6;11;24;24;120;125;138;138;1386;206;130;130;;125;138;1384;204
EXP2;siControl-9;31;8;118;4;13;21;24;115;124;132;135;1272;428;80;110;;122;133;1277;397
EXP2;siControl-9;32;12;117;7;12;34;37;118;123;145;148;202;609;220;250;;123;145;278;620
EXP2;siControl-9;33;15;114;7;12;25;27;114;119;132;134;1018;335;130;150;;-1;-1;-1;-1
EXP2;siControl-9;34;13;100,94;8;12;MORE_THAN_TWO_DAUGHTER_TRACKS;MORE_THAN_TWO_DAUGHTER_TRACKS;93;97;MORE_THAN_TWO_DAUGHTER_TRACKS;MORE_THAN_TWO_DAUGHTER_TRACKS;1010;762;;;;-1;-1;-1;-1
EXP2;siControl-9;35;23;93,92;7;12;MORE_THAN_TWO_DAUGHTER_TRACKS;MORE_THAN_TWO_DAUGHTER_TRACKS;90;95;MORE_THAN_TWO_DAUGHTER_TRACKS;MORE_THAN_TWO_DAUGHTER_TRACKS;1238;1016;;;;95;105;1210;1012
EXP2;siControl-9;36;19;91,84;7;11;MORE_THAN_TWO_DAUGHTER_TRACKS;MORE_THAN_TWO_DAUGHTER_TRACKS;80;84;MORE_THAN_TWO_DAUGHTER_TRACKS;MORE_THAN_TWO_DAUGHTER_TRACKS;1365;835;;;;84;91;1362;841
EXP2;siControl-9;37;24;88;6;20;TOO_SHORT_CUT;TOO_SHORT_CUT;74;88;TOO_SHORT_CUT;TOO_SHORT_CUT;306;1081;;;;-1;-1;-1;-1
EXP2;siControl-9;38;20;79;10;13;28;29;72;75;90;91;654;942;150;160;;74;91;626;934
EXP2;siControl-9;39;21;68;9;12;TOO_SHORT_CUT;TOO_SHORT_CUT;61;64;TOO_SHORT_CUT;TOO_SHORT_CUT;389;877;;;;-1;-1;-1;-1
EXP2;siControl-9;3;287;303;2;9;NO_MID_BODY_DETECTED;NO_MID_BODY_DETECTED;253;260;NO_MID_BODY_DETECTED;NO_MID_BODY_DETECTED;-1;-1;;;;-1;-1;-1;-1
EXP2;siControl-9;40;6;59;5;13;NO_CUT_DETECTED;NO_CUT_DETECTED;48;56;NO_CUT_DETECTED;NO_CUT_DETECTED;1514;24;;;;-1;-1;-1;-1
EXP2;siControl-9;41;4;49;8;11;24;27;34;37;50;53;399;231;130;160;;37;51;456;226
EXP2;siControl-9;42;3;48;8;11;19;23;33;36;44;48;911;257;80;120;;36;44;886;253
EXP2;siControl-9;43;11;43;8;11;18;18;30;33;40;40;956;634;70;70;;33;40;986;618
EXP2;siControl-9;44;10;42;9;17;NEAR_BORDER;NEAR_BORDER;23;31;NEAR_BORDER;NEAR_BORDER;1555;449;;;;-1;-1;-1;-1
EXP2;siControl-9;45;18;41,35;8;8;MORE_THAN_TWO_DAUGHTER_TRACKS;MORE_THAN_TWO_DAUGHTER_TRACKS;19;19;MORE_THAN_TWO_DAUGHTER_TRACKS;MORE_THAN_TWO_DAUGHTER_TRACKS;151;880;;;;17;31;108;848
EXP2;siControl-9;46;7;30;4;7;21;22;4;7;21;22;564;422;140;150;;7;20;542;408
EXP2;siControl-9;47;8;26;2;2;28;32;2;2;28;32;1246;362;260;300;;2;28;1265;352
EXP2;siControl-9;4;238;302;10;18;TOO_SHORT_CUT;TOO_SHORT_CUT;251;259;TOO_SHORT_CUT;TOO_SHORT_CUT;1450;943;;;;-1;-1;-1;-1
EXP2;siControl-9;5;114;288;4;15;24;25;241;252;261;262;1200;585;90;100;;-1;-1;-1;-1
EXP2;siControl-9;6;48;279;0;11;NO_MID_BODY_DETECTED;NO_MID_BODY_DETECTED;236;247;NO_MID_BODY_DETECTED;NO_MID_BODY_DETECTED;-1;-1;;;;-1;-1;-1;-1
EXP2;siControl-9;7;92;263;-11;10;NEAR_BORDER;NEAR_BORDER;217;238;NEAR_BORDER;NEAR_BORDER;1189;1018;;;;-1;-1;-1;-1
EXP2;siControl-9;8;186;246;9;12;24;25;229;232;244;245;1293;163;120;130;;-1;-1;-1;-1
EXP2;siControl-9;9;182;236;2;12;19;23;215;225;232;236;475;390;70;110;;-1;-1;-1;-1
EXP2;siMICAL1-10;0;108;325;-3;13;27;29;231;247;261;263;1042;154;140;160;;-1;-1;-1;-1
EXP2;siMICAL1-10;10;221;262;-5;9;18;22;188;202;211;215;1220;242;90;130;;-1;-1;-1;-1
EXP2;siMICAL1-10;11;94;260;5;16;NEAR_BORDER;NEAR_BORDER;191;202;NEAR_BORDER;NEAR_BORDER;1246;9;;;;-1;-1;-1;-1
EXP2;siMICAL1-10;12;77;248,244,237;3;6;MORE_THAN_TWO_DAUGHTER_TRACKS;MORE_THAN_TWO_DAUGHTER_TRACKS;185;188;MORE_THAN_TWO_DAUGHTER_TRACKS;MORE_THAN_TWO_DAUGHTER_TRACKS;382;279;;;;-1;-1;-1;-1
EXP2;siMICAL1-10;13;159;245;9;11;18;22;190;192;199;203;404;332;70;110;;193;202;402;266
EXP2;siMICAL1-10;14;149;229;9;13;TOO_SHORT_CUT;TOO_SHORT_CUT;176;180;TOO_SHORT_CUT;TOO_SHORT_CUT;402;339;;;;179;185;498;381
EXP2;siMICAL1-10;15;23;228;8;12;NEAR_BORDER;NEAR_BORDER;175;179;NEAR_BORDER;NEAR_BORDER;857;1052;;;;-1;-1;-1;-1
EXP2;siMICAL1-10;16;67;226;10;12;NO_MID_BODY_DETECTED;NO_MID_BODY_DETECTED;175;177;NO_MID_BODY_DETECTED;NO_MID_BODY_DETECTED;-1;-1;;;;-1;-1;-1;-1
EXP2;siMICAL1-10;17;45;216,204;9;11;MORE_THAN_TWO_DAUGHTER_TRACKS;MORE_THAN_TWO_DAUGHTER_TRACKS;161;163;MORE_THAN_TWO_DAUGHTER_TRACKS;MORE_THAN_TWO_DAUGHTER_TRACKS;765;512;;;;164;175;772;526
EXP2;siMICAL1-10;18;64;214;9;12;TOO_SHORT_CUT;TOO_SHORT_CUT;167;170;TOO_SHORT_CUT;TOO_SHORT_CUT;663;927;;;;-1;-1;-1;-1
EXP2;siMICAL1-10;19;122;213;7;11;TOO_SHORT_CUT;TOO_SHORT_CUT;165;169;TOO_SHORT_CUT;TOO_SHORT_CUT;938;482;;;;169;178;1005;452
EXP2;siMICAL1-10;1;150;319,317;11;12;MORE_THAN_TWO_DAUGHTER_TRACKS;MORE_THAN_TWO_DAUGHTER_TRACKS;240;241;MORE_THAN_TWO_DAUGHTER_TRACKS;MORE_THAN_TWO_DAUGHTER_TRACKS;1504;573;;;;-1;-1;-1;-1
EXP2;siMICAL1-10;20;39;194;7;11;TOO_SHORT_CUT;TOO_SHORT_CUT;151;155;TOO_SHORT_CUT;TOO_SHORT_CUT;1520;865;;;;154;163;1485;945
EXP2;siMICAL1-10;21;105;164;8;12;NO_MID_BODY_DETECTED;NO_MID_BODY_DETECTED;131;135;NO_MID_BODY_DETECTED;NO_MID_BODY_DETECTED;-1;-1;;;;-1;-1;-1;-1
EXP2;siMICAL1-10;22;51;150;9;12;21;23;118;121;130;132;1549;650;90;110;;121;131;1557;622
EXP2;siMICAL1-10;23;18;148;8;11;21;23;117;120;130;132;1392;531;100;120;;120;130;1392;529
EXP2;siMICAL1-10;24;16;126;9;11;21;24;95;97;107;110;1500;579;100;130;;97;110;1538;490
EXP2;siMICAL1-10;25;20;118;9;12;TOO_SHORT_CUT;TOO_SHORT_CUT;88;91;TOO_SHORT_CUT;TOO_SHORT_CUT;298;754;;;;91;101;264;808
EXP2;siMICAL1-10;26;10;109;11;12;NO_MID_BODY_DETECTED;NO_MID_BODY_DETECTED;85;86;NO_MID_BODY_DETECTED;NO_MID_BODY_DETECTED;-1;-1;;;;-1;-1;-1;-1
EXP2;siMICAL1-10;27;3;108;1;11;23;26;76;86;98;101;983;94;120;150;;86;98;986;94
EXP2;siMICAL1-10;28;13;99;4;10;23;28;72;78;91;96;629;672;130;180;;78;91;654;737
EXP2;siMICAL1-10;29;4;94;9;12;28;29;74;77;93;94;1294;143;160;170;;76;92;1272;65
EXP2;siMICAL1-10;2;148;310;9;12;20;21;231;234;242;243;1287;531;80;90;;234;244;1276;529
EXP2;siMICAL1-10;30;8;92;9;14;24;24;67;72;82;82;1039;363;100;100;;70;82;1050;376
EXP2;siMICAL1-10;31;5;78;7;11;25;25;54;58;72;72;176;65;140;140;;58;72;188;62
EXP2;siMICAL1-10;32;6;77;9;12;TOO_SHORT_CUT;TOO_SHORT_CUT;54;57;TOO_SHORT_CUT;TOO_SHORT_CUT;330;282;;;;57;66;322;225
EXP2;siMICAL1-10;33;1;70;7;10;22;23;48;51;63;64;523;89;120;130;;51;65;529;90
EXP2;siMICAL1-10;34;8;69;-10;17;TOO_SHORT_CUT;TOO_SHORT_CUT;23;50;TOO_SHORT_CUT;TOO_SHORT_CUT;1114;323;;;;-1;-1;-1;-1
EXP2;siMICAL1-10;35;23;64;9;12;NEAR_BORDER;NEAR_BORDER;44;47;NEAR_BORDER;NEAR_BORDER;726;1087;;;;-1;-1;-1;-1
EXP2;siMICAL1-10;36;15;51,45;10;10;MORE_THAN_TWO_DAUGHTER_TRACKS;MORE_THAN_TWO_DAUGHTER_TRACKS;27;27;MORE_THAN_TWO_DAUGHTER_TRACKS;MORE_THAN_TWO_DAUGHTER_TRACKS;1249;484;;;;-1;-1;-1;-1
EXP2;siMICAL1-10;37;9;50;9;12;TOO_SHORT_CUT;TOO_SHORT_CUT;33;36;TOO_SHORT_CUT;TOO_SHORT_CUT;535;387;;;;36;44;482;414
EXP2;siMICAL1-10;38;7;49;8;11;TOO_SHORT_CUT;TOO_SHORT_CUT;33;36;TOO_SHORT_CUT;TOO_SHORT_CUT;91;196;;;;36;46;112;236
EXP2;siMICAL1-10;3;202;306;8;12;TOO_SHORT_CUT;TOO_SHORT_CUT;228;232;TOO_SHORT_CUT;TOO_SHORT_CUT;1160;376;;;;231;238;1161;378
EXP2;siMICAL1-10;4;149;304;5;11;TOO_SHORT_CUT;TOO_SHORT_CUT;223;229;TOO_SHORT_CUT;TOO_SHORT_CUT;507;668;;;;229;240;526;618
EXP2;siMICAL1-10;5;118;295;4;12;NEAR_BORDER;NEAR_BORDER;214;222;NEAR_BORDER;NEAR_BORDER;12;909;;;;-1;-1;-1;-1
EXP2;siMICAL1-10;6;238;287;6;12;19;19;211;217;224;224;798;393;70;70;;-1;-1;-1;-1
EXP2;siMICAL1-10;7;20;285;8;11;TOO_SHORT_CUT;TOO_SHORT_CUT;213;216;TOO_SHORT_CUT;TOO_SHORT_CUT;139;809;;;;216;229;202;785
EXP2;siMICAL1-10;8;6;268;10;13;22;24;202;205;214;216;367;348;90;110;;204;214;337;328
EXP2;siMICAL1-10;9;16;263;11;13;21;24;200;202;210;213;1592;374;80;110;;202;211;1537;373
EXP2;siMICAL1-1;0;249;368;6;14;TOO_SHORT_CUT;TOO_SHORT_CUT;270;278;TOO_SHORT_CUT;TOO_SHORT_CUT;793;150;;;;-1;-1;-1;-1
EXP2;siMICAL1-1;10;123;247;10;11;NEAR_BORDER;NEAR_BORDER;189;190;NEAR_BORDER;NEAR_BORDER;1518;1056;;;;-1;-1;-1;-1
EXP2;siMICAL1-1;11;76;240;11;11;26;26;184;184;199;199;663;597;150;150;;185;201;640;589
EXP2;siMICAL1-1;12;136;213;8;12;28;35;157;161;177;184;1476;816;160;230;;161;188;1529;860
EXP2;siMICAL1-1;13;32;211,209;8;11;MORE_THAN_TWO_DAUGHTER_TRACKS;MORE_THAN_TWO_DAUGHTER_TRACKS;157;160;MORE_THAN_TWO_DAUGHTER_TRACKS;MORE_THAN_TWO_DAUGHTER_TRACKS;813;288;;;;161;178;814;294
EXP2;siMICAL1-1;14;172;210;10;12;24;27;158;160;172;175;930;368;120;150;;160;174;933;374
EXP2;siMICAL1-1;15;10;201;8;11;31;33;141;144;164;166;944;737;200;220;;143;161;941;740
EXP2;siMICAL1-1;16;6;192;10;12;23;24;134;136;147;148;401;316;110;120;;136;149;400;317
EXP2;siMICAL1-1;17;5;185;9;12;33;35;124;127;148;150;1263;592;210;230;;127;152;1262;594
EXP2;siMICAL1-1;18;7;184;10;12;20;23;125;127;135;138;174;380;80;110;;127;141;153;398
EXP2;siMICAL1-1;19;102;183;4;16;TOO_SHORT_CUT;TOO_SHORT_CUT;114;126;TOO_SHORT_CUT;TOO_SHORT_CUT;1565;292;;;;-1;-1;-1;-1
EXP2;siMICAL1-1;1;178;344,336;5;7;MORE_THAN_TWO_DAUGHTER_TRACKS;MORE_THAN_TWO_DAUGHTER_TRACKS;257;259;MORE_THAN_TWO_DAUGHTER_TRACKS;MORE_THAN_TWO_DAUGHTER_TRACKS;374;777;;;;-1;-1;-1;-1
EXP2;siMICAL1-1;20;12;178;7;11;26;29;117;121;136;139;329;833;150;180;;121;137;324;810
EXP2;siMICAL1-1;21;170;175;3;9;22;26;109;115;128;132;450;125;130;170;;115;127;450;128
EXP2;siMICAL1-1;22;11;115;10;11;NO_MID_BODY_DETECTED;NO_MID_BODY_DETECTED;82;83;NO_MID_BODY_DETECTED;NO_MID_BODY_DETECTED;-1;-1;;;;-1;-1;-1;-1
EXP2;siMICAL1-1;23;8;76;9;12;36;43;62;65;89;96;778;563;240;310;;65;90;750;542
EXP2;siMICAL1-1;24;1;32;10;12;TOO_SHORT_CUT;TOO_SHORT_CUT;17;19;TOO_SHORT_CUT;TOO_SHORT_CUT;782;278;;;;19;34;872;298
EXP2;siMICAL1-1;2;277;328,32;-17;9;MORE_THAN_TWO_DAUGHTER_TRACKS;MORE_THAN_TWO_DAUGHTER_TRACKS;219;245;MORE_THAN_TWO_DAUGHTER_TRACKS;MORE_THAN_TWO_DAUGHTER_TRACKS;-1;-1;;;;-1;-1;-1;-1
EXP2;siMICAL1-1;3;5;312;1;18;26;36;223;240;248;258;1287;596;80;180;;-1;-1;-1;-1
EXP2;siMICAL1-1;4;262;293;9;20;NO_MID_BODY_DETECTED;NO_MID_BODY_DETECTED;217;228;NO_MID_BODY_DETECTED;NO_MID_BODY_DETECTED;-1;-1;;;;-1;-1;-1;-1
EXP2;siMICAL1-1;5;115;289;6;11;17;NO_CUT_DETECTED;222;227;233;NO_CUT_DETECTED;119;719;60;;;227;246;104;720
EXP2;siMICAL1-1;6;172;282,275;5;7;MORE_THAN_TWO_DAUGHTER_TRACKS;MORE_THAN_TWO_DAUGHTER_TRACKS;213;215;MORE_THAN_TWO_DAUGHTER_TRACKS;MORE_THAN_TWO_DAUGHTER_TRACKS;993;398;;;;-1;-1;-1;-1
EXP2;siMICAL1-1;7;16;278;-4;11;TOO_SHORT_CUT;TOO_SHORT_CUT;205;220;TOO_SHORT_CUT;TOO_SHORT_CUT;1331;961;;;;-1;-1;-1;-1
EXP2;siMICAL1-1;8;4;261;9;12;NEAR_BORDER;NEAR_BORDER;200;203;NEAR_BORDER;NEAR_BORDER;1592;292;;;;-1;-1;-1;-1
EXP2;siMICAL1-1;9;8;251;8;12;27;27;191;195;210;210;925;483;150;150;;195;210;928;477
EXP2;siMICAL1-2;0;219;273;11;16;TOO_SHORT_CUT;TOO_SHORT_CUT;275;280;TOO_SHORT_CUT;TOO_SHORT_CUT;835;933;;;;-1;-1;-1;-1
EXP2;siMICAL1-2;10;6;126;-3;10;22;23;127;140;152;153;682;361;120;130;;140;152;680;362
EXP2;siMICAL1-2;11;1;115;1;11;22;23;115;125;136;137;1277;397;110;120;;125;137;1277;401
EXP2;siMICAL1-2;12;5;80;7;11;25;27;80;84;98;100;403;336;140;160;;84;98;373;401
EXP2;siMICAL1-2;13;0;76;8;11;23;23;79;82;94;94;973;129;120;120;;82;95;957;101
EXP2;siMICAL1-2;14;7;73;7;11;28;29;72;76;93;94;317;756;170;180;;76;93;316;758
EXP2;siMICAL1-2;15;27;55;8;14;TOO_SHORT_CUT;TOO_SHORT_CUT;42;48;TOO_SHORT_CUT;TOO_SHORT_CUT;1539;273;;;;-1;-1;-1;-1
EXP2;siMICAL1-2;1;267;270;3;5;TOO_SHORT_CUT;TOO_SHORT_CUT;276;278;TOO_SHORT_CUT;TOO_SHORT_CUT;632;689;;;;-1;-1;-1;-1
EXP2;siMICAL1-2;2;119;243,239;11;11;MORE_THAN_TWO_DAUGHTER_TRACKS;MORE_THAN_TWO_DAUGHTER_TRACKS;243;243;MORE_THAN_TWO_DAUGHTER_TRACKS;MORE_THAN_TWO_DAUGHTER_TRACKS;1536;145;;;;-1;-1;-1;-1
EXP2;siMICAL1-2;3;180;220,219;8;11;MORE_THAN_TWO_DAUGHTER_TRACKS;MORE_THAN_TWO_DAUGHTER_TRACKS;225;228;MORE_THAN_TWO_DAUGHTER_TRACKS;MORE_THAN_TWO_DAUGHTER_TRACKS;1208;935;;;;-1;-1;-1;-1
EXP2;siMICAL1-2;4;130;215;-13;20;TOO_SHORT_CUT;TOO_SHORT_CUT;191;224;TOO_SHORT_CUT;TOO_SHORT_CUT;1328;774;;;;-1;-1;-1;-1
EXP2;siMICAL1-2;5;141;207;1;11;NO_CUT_DETECTED;NO_CUT_DETECTED;207;217;NO_CUT_DETECTED;NO_CUT_DETECTED;823;790;;;;217;245;814;797
EXP2;siMICAL1-2;6;76;197;9;11;TOO_SHORT_CUT;TOO_SHORT_CUT;204;206;TOO_SHORT_CUT;TOO_SHORT_CUT;1065;255;;;;206;214;1033;209
EXP2;siMICAL1-2;7;89;156;9;11;20;22;165;167;176;178;1053;615;90;110;;167;185;1014;605
EXP2;siMICAL1-2;8;82;142,132;9;14;MORE_THAN_TWO_DAUGHTER_TRACKS;MORE_THAN_TWO_DAUGHTER_TRACKS;144;149;MORE_THAN_TWO_DAUGHTER_TRACKS;MORE_THAN_TWO_DAUGHTER_TRACKS;946;995;;;;-1;-1;-1;-1
EXP2;siMICAL1-2;9;10;130;6;11;NO_CUT_DETECTED;NO_CUT_DETECTED;137;142;NO_CUT_DETECTED;NO_CUT_DETECTED;1520;697;;;;142;165;1524;720
EXP2;siMICAL1-3;0;137;329;8;11;NO_CUT_DETECTED;NO_CUT_DETECTED;276;279;NO_CUT_DETECTED;NO_CUT_DETECTED;383;268;;;;-1;-1;-1;-1
EXP2;siMICAL1-3;10;11;273;9;12;29;33;229;232;249;253;728;706;170;210;;233;255;749;654
EXP2;siMICAL1-3;11;12;257;9;12;NO_MID_BODY_DETECTED;NO_MID_BODY_DETECTED;218;221;NO_MID_BODY_DETECTED;NO_MID_BODY_DETECTED;-1;-1;;;;-1;-1;-1;-1
EXP2;siMICAL1-3;12;96;250;8;11;TOO_SHORT_CUT;TOO_SHORT_CUT;211;214;TOO_SHORT_CUT;TOO_SHORT_CUT;1524;861;;;;214;224;1552;830
EXP2;siMICAL1-3;13;15;234;6;11;20;21;199;204;213;214;1280;742;90;100;;204;213;1277;745
EXP2;siMICAL1-3;14;9;233;9;11;21;22;201;203;213;214;864;397;100;110;;203;213;862;401
EXP2;siMICAL1-3;15;214;222,22;3;8;MORE_THAN_TWO_DAUGHTER_TRACKS;MORE_THAN_TWO_DAUGHTER_TRACKS;188;193;MORE_THAN_TWO_DAUGHTER_TRACKS;MORE_THAN_TWO_DAUGHTER_TRACKS;842;1003;;;;195;203;842;1002
EXP2;siMICAL1-3;16;42;221;11;18;NO_MID_BODY_DETECTED;NO_MID_BODY_DETECTED;187;194;NO_MID_BODY_DETECTED;NO_MID_BODY_DETECTED;-1;-1;;;;-1;-1;-1;-1
EXP2;siMICAL1-3;17;57;213;10;11;20;21;184;185;194;195;1027;737;90;100;;185;195;1029;737
EXP2;siMICAL1-3;18;14;184;7;12;21;22;146;151;160;161;143;944;90;100;;151;161;152;948
EXP2;siMICAL1-3;19;127;180;6;11;22;24;141;146;157;159;666;857;110;130;;146;158;688;772
EXP2;siMICAL1-3;1;184;326;10;12;23;24;274;276;287;288;294;893;110;120;;277;288;302;894
EXP2;siMICAL1-3;20;25;172;6;12;20;21;131;137;145;146;1249;953;80;90;;-1;-1;-1;-1
EXP2;siMICAL1-3;21;4;163,161,160;7;11;MORE_THAN_TWO_DAUGHTER_TRACKS;MORE_THAN_TWO_DAUGHTER_TRACKS;125;129;MORE_THAN_TWO_DAUGHTER_TRACKS;MORE_THAN_TWO_DAUGHTER_TRACKS;188;155;;;;-1;-1;-1;-1
EXP2;siMICAL1-3;22;12;96;10;12;25;26;87;89;102;103;1390;803;130;140;;89;102;1436;788
EXP2;siMICAL1-3;23;2;68;10;13;NO_MID_BODY_DETECTED;NO_MID_BODY_DETECTED;63;66;NO_MID_BODY_DETECTED;NO_MID_BODY_DETECTED;-1;-1;;;;-1;-1;-1;-1
EXP2;siMICAL1-3;24;9;57;6;11;21;23;53;58;68;70;1013;592;100;120;;59;70;1021;596
EXP2;siMICAL1-3;25;13;42,4;8;12;MORE_THAN_TWO_DAUGHTER_TRACKS;MORE_THAN_TWO_DAUGHTER_TRACKS;34;38;MORE_THAN_TWO_DAUGHTER_TRACKS;MORE_THAN_TWO_DAUGHTER_TRACKS;754;912;;;;38;62;734;873
EXP2;siMICAL1-3;26;0;28;5;14;NO_MID_BODY_DETECTED;NO_MID_BODY_DETECTED;13;22;NO_MID_BODY_DETECTED;NO_MID_BODY_DETECTED;-1;-1;;;;-1;-1;-1;-1
EXP2;siMICAL1-3;27;11;25;6;10;28;29;9;13;31;32;1018;659;180;190;;13;31;986;712
EXP2;siMICAL1-3;28;7;23,2;4;7;MORE_THAN_TWO_DAUGHTER_TRACKS;MORE_THAN_TWO_DAUGHTER_TRACKS;4;7;MORE_THAN_TWO_DAUGHTER_TRACKS;MORE_THAN_TWO_DAUGHTER_TRACKS;815;400;;;;8;17;769;388
EXP2;siMICAL1-3;2;14;323;9;12;TOO_SHORT_CUT;TOO_SHORT_CUT;270;273;TOO_SHORT_CUT;TOO_SHORT_CUT;236;979;;;;273;284;234;949
EXP2;siMICAL1-3;3;160;313,304;-7;6;MORE_THAN_TWO_DAUGHTER_TRACKS;MORE_THAN_TWO_DAUGHTER_TRACKS;240;253;MORE_THAN_TWO_DAUGHTER_TRACKS;MORE_THAN_TWO_DAUGHTER_TRACKS;-1;-1;;;;-1;-1;-1;-1
EXP2;siMICAL1-3;4;178;312;4;12;24;25;253;261;273;274;922;853;120;130;;261;274;898;820
EXP2;siMICAL1-3;5;189;307;4;12;TOO_SHORT_CUT;TOO_SHORT_CUT;249;257;TOO_SHORT_CUT;TOO_SHORT_CUT;895;422;;;;-1;-1;-1;-1
EXP2;siMICAL1-3;6;288;306;1;12;22;26;244;255;265;269;565;979;100;140;;-1;-1;-1;-1
EXP2;siMICAL1-3;7;172;300;5;12;20;22;244;251;259;261;1268;935;80;100;;251;261;1258;937
EXP2;siMICAL1-3;8;90;288;7;8;NO_MID_BODY_DETECTED;NO_MID_BODY_DETECTED;239;240;NO_MID_BODY_DETECTED;NO_MID_BODY_DETECTED;-1;-1;;;;-1;-1;-1;-1
EXP2;siMICAL1-3;9;86;276,275;7;12;MORE_THAN_TWO_DAUGHTER_TRACKS;MORE_THAN_TWO_DAUGHTER_TRACKS;229;234;MORE_THAN_TWO_DAUGHTER_TRACKS;MORE_THAN_TWO_DAUGHTER_TRACKS;701;169;;;;234;254;677;190
EXP2;siMICAL1-4;0;57;274;10;12;NO_CUT_DETECTED;NO_CUT_DETECTED;264;266;NO_CUT_DETECTED;NO_CUT_DETECTED;1184;798;;;;-1;-1;-1;-1
EXP2;siMICAL1-4;10;56;150;9;18;NEAR_BORDER;NEAR_BORDER;139;148;NEAR_BORDER;NEAR_BORDER;897;59;;;;-1;-1;-1;-1
EXP2;siMICAL1-4;11;131;148;7;11;26;30;141;145;160;164;231;324;150;190;;-1;-1;-1;-1
EXP2;siMICAL1-4;12;42;139;5;11;TOO_SHORT_CUT;TOO_SHORT_CUT;128;134;TOO_SHORT_CUT;TOO_SHORT_CUT;622;995;;;;-1;-1;-1;-1
EXP2;siMICAL1-4;13;6;138;7;12;24;24;129;134;146;146;155;748;120;120;;133;146;200;696
EXP2;siMICAL1-4;14;10;122;9;12;TOO_SHORT_CUT;TOO_SHORT_CUT;115;118;TOO_SHORT_CUT;TOO_SHORT_CUT;656;831;;;;117;126;672;816
EXP2;siMICAL1-4;15;2;121;9;11;20;22;115;117;126;128;768;283;90;110;;116;132;762;282
EXP2;siMICAL1-4;16;9;96;9;12;19;20;90;93;100;101;652;628;70;80;;92;101;661;601
EXP2;siMICAL1-4;17;1;94;6;19;NO_MID_BODY_DETECTED;NO_MID_BODY_DETECTED;78;91;NO_MID_BODY_DETECTED;NO_MID_BODY_DETECTED;-1;-1;;;;-1;-1;-1;-1
EXP2;siMICAL1-4;18;0;84,74;4;11;MORE_THAN_TWO_DAUGHTER_TRACKS;MORE_THAN_TWO_DAUGHTER_TRACKS;62;69;MORE_THAN_TWO_DAUGHTER_TRACKS;MORE_THAN_TWO_DAUGHTER_TRACKS;339;249;;;;67;77;345;296
EXP2;siMICAL1-4;19;3;62;8;12;24;29;52;56;68;73;1253;383;120;170;;55;71;1298;380
EXP2;siMICAL1-4;1;253;267;6;9;NO_MID_BODY_DETECTED;NO_MID_BODY_DETECTED;257;260;NO_MID_BODY_DETECTED;NO_MID_BODY_DETECTED;-1;-1;;;;-1;-1;-1;-1
EXP2;siMICAL1-4;20;5;37;6;14;TOO_SHORT_CUT;TOO_SHORT_CUT;24;32;TOO_SHORT_CUT;TOO_SHORT_CUT;1397;566;;;;-1;-1;-1;-1
EXP2;siMICAL1-4;21;7;23;8;12;NO_MID_BODY_DETECTED;NO_MID_BODY_DETECTED;9;13;NO_MID_BODY_DETECTED;NO_MID_BODY_DETECTED;-1;-1;;;;-1;-1;-1;-1
EXP2;siMICAL1-4;2;56;264;7;11;21;21;255;259;269;269;884;228;100;100;;259;270;878;195
EXP2;siMICAL1-4;3;84;260,246;-11;2;MORE_THAN_TWO_DAUGHTER_TRACKS;MORE_THAN_TWO_DAUGHTER_TRACKS;236;249;MORE_THAN_TWO_DAUGHTER_TRACKS;MORE_THAN_TWO_DAUGHTER_TRACKS;125;383;;;;-1;-1;-1;-1
EXP2;siMICAL1-4;4;2;244;9;11;TOO_SHORT_CUT;TOO_SHORT_CUT;247;249;TOO_SHORT_CUT;TOO_SHORT_CUT;666;122;;;;249;259;660;116
EXP2;siMICAL1-4;5;122;243;10;12;TOO_SHORT_CUT;TOO_SHORT_CUT;245;247;TOO_SHORT_CUT;TOO_SHORT_CUT;634;704;;;;247;259;609;720
EXP2;siMICAL1-4;6;9;195;9;11;TOO_SHORT_CUT;TOO_SHORT_CUT;205;207;TOO_SHORT_CUT;TOO_SHORT_CUT;670;601;;;;-1;-1;-1;-1
EXP2;siMICAL1-4;7;96;192;6;12;TOO_SHORT_CUT;TOO_SHORT_CUT;200;206;TOO_SHORT_CUT;TOO_SHORT_CUT;541;530;;;;205;213;546;528
EXP2;siMICAL1-4;8;40;173;8;19;NO_MID_BODY_DETECTED;NO_MID_BODY_DETECTED;166;177;NO_MID_BODY_DETECTED;NO_MID_BODY_DETECTED;-1;-1;;;;-1;-1;-1;-1
EXP2;siMICAL1-4;9;12;161;7;11;NEAR_BORDER;NEAR_BORDER;157;161;NEAR_BORDER;NEAR_BORDER;487;957;;;;-1;-1;-1;-1
EXP2;siMICAL1-5;0;162;201;10;13;TOO_SHORT_CUT;TOO_SHORT_CUT;209;212;TOO_SHORT_CUT;TOO_SHORT_CUT;108;1028;;;;211;220;134;998
EXP2;siMICAL1-5;10;6;124;8;11;26;29;120;123;138;141;442;477;150;180;;123;140;472;485
EXP2;siMICAL1-5;11;49;96;11;17;24;28;83;89;96;100;1278;350;70;110;;-1;-1;-1;-1
EXP2;siMICAL1-5;12;13;87;9;12;TOO_SHORT_CUT;TOO_SHORT_CUT;73;76;TOO_SHORT_CUT;TOO_SHORT_CUT;275;912;;;;76;90;285;917
EXP2;siMICAL1-5;13;10;69;9;12;26;32;52;55;69;75;54;853;140;200;;55;70;54;825
EXP2;siMICAL1-5;14;11;68;8;11;26;31;51;54;69;74;519;946;150;200;;54;73;589;953
EXP2;siMICAL1-5;15;2;49,44;9;12;MORE_THAN_TWO_DAUGHTER_TRACKS;MORE_THAN_TWO_DAUGHTER_TRACKS;32;35;MORE_THAN_TWO_DAUGHTER_TRACKS;MORE_THAN_TWO_DAUGHTER_TRACKS;991;297;;;;-1;-1;-1;-1
EXP2;siMICAL1-5;16;38;46;3;9;TOO_SHORT_CUT;TOO_SHORT_CUT;30;36;TOO_SHORT_CUT;TOO_SHORT_CUT;953;1076;;;;-1;-1;-1;-1
EXP2;siMICAL1-5;17;29;42;7;11;NO_CUT_DETECTED;NO_CUT_DETECTED;27;31;NO_CUT_DETECTED;NO_CUT_DETECTED;943;948;;;;30;40;949;913
EXP2;siMICAL1-5;18;1;16;2;5;24;27;2;5;24;27;1196;139;190;220;;5;24;1194;139
EXP2;siMICAL1-5;1;20;200;10;13;TOO_SHORT_CUT;TOO_SHORT_CUT;208;211;TOO_SHORT_CUT;TOO_SHORT_CUT;1208;1003;;;;210;221;1206;1005
EXP2;siMICAL1-5;2;153;187;9;12;TOO_SHORT_CUT;TOO_SHORT_CUT;199;202;TOO_SHORT_CUT;TOO_SHORT_CUT;364;902;;;;202;213;348;906
EXP2;siMICAL1-5;3;108;184;10;12;22;26;196;198;208;212;981;369;100;140;;198;212;976;442
EXP2;siMICAL1-5;4;69;173,165,162;9;10;MORE_THAN_TWO_DAUGHTER_TRACKS;MORE_THAN_TWO_DAUGHTER_TRACKS;178;179;MORE_THAN_TWO_DAUGHTER_TRACKS;MORE_THAN_TWO_DAUGHTER_TRACKS;53;821;;;;-1;-1;-1;-1
EXP2;siMICAL1-5;5;44;170;3;12;24;28;176;185;197;201;823;132;120;160;;-1;-1;-1;-1
EXP2;siMICAL1-5;6;16;169;10;12;35;35;183;185;208;208;1243;95;230;230;;-1;-1;-1;-1
EXP2;siMICAL1-5;7;38;166;5;11;TOO_SHORT_CUT;TOO_SHORT_CUT;178;184;TOO_SHORT_CUT;TOO_SHORT_CUT;1062;866;;;;184;195;1073;858
EXP2;siMICAL1-5;8;11;147,145;9;12;MORE_THAN_TWO_DAUGHTER_TRACKS;MORE_THAN_TWO_DAUGHTER_TRACKS;158;161;MORE_THAN_TWO_DAUGHTER_TRACKS;MORE_THAN_TWO_DAUGHTER_TRACKS;643;930;;;;161;172;640;953
EXP2;siMICAL1-5;9;7;141,14;10;12;MORE_THAN_TWO_DAUGHTER_TRACKS;MORE_THAN_TWO_DAUGHTER_TRACKS;158;160;MORE_THAN_TWO_DAUGHTER_TRACKS;MORE_THAN_TWO_DAUGHTER_TRACKS;-1;-1;;;;-1;-1;-1;-1
EXP2;siMICAL1-6;0;279;299;9;13;NEAR_BORDER;NEAR_BORDER;272;276;NEAR_BORDER;NEAR_BORDER;1189;1039;;;;-1;-1;-1;-1
EXP2;siMICAL1-6;10;10;218;7;11;NO_CUT_DETECTED;NO_CUT_DETECTED;226;230;NO_CUT_DETECTED;NO_CUT_DETECTED;884;304;;;;230;246;886;299
EXP2;siMICAL1-6;11;111;216;3;9;TOO_SHORT_CUT;TOO_SHORT_CUT;222;228;TOO_SHORT_CUT;TOO_SHORT_CUT;332;481;;;;-1;-1;-1;-1
EXP2;siMICAL1-6;12;29;215;9;12;TOO_SHORT_CUT;TOO_SHORT_CUT;224;227;TOO_SHORT_CUT;TOO_SHORT_CUT;552;512;;;;-1;-1;-1;-1
EXP2;siMICAL1-6;13;97;204;7;12;18;21;213;218;224;227;934;400;60;90;;218;228;948;402
EXP2;siMICAL1-6;14;5;203;3;10;TOO_SHORT_CUT;TOO_SHORT_CUT;211;218;TOO_SHORT_CUT;TOO_SHORT_CUT;1437;212;;;;-1;-1;-1;-1
EXP2;siMICAL1-6;15;188;202;10;13;TOO_SHORT_CUT;TOO_SHORT_CUT;213;216;TOO_SHORT_CUT;TOO_SHORT_CUT;1407;961;;;;-1;-1;-1;-1
EXP2;siMICAL1-6;16;120;192;8;12;25;26;199;203;216;217;1416;1021;130;140;;-1;-1;-1;-1
EXP2;siMICAL1-6;17;47;185;5;11;17;18;187;193;199;200;623;492;60;70;;192;201;626;505
EXP2;siMICAL1-6;18;31;184;9;11;NEAR_BORDER;NEAR_BORDER;191;193;NEAR_BORDER;NEAR_BORDER;87;123;;;;-1;-1;-1;-1
EXP2;siMICAL1-6;19;13;181;7;11;TOO_SHORT_CUT;TOO_SHORT_CUT;186;190;TOO_SHORT_CUT;TOO_SHORT_CUT;791;784;;;;190;196;756;790
EXP2;siMICAL1-6;1;16;296,295,289;7;7;MORE_THAN_TWO_DAUGHTER_TRACKS;MORE_THAN_TWO_DAUGHTER_TRACKS;270;270;MORE_THAN_TWO_DAUGHTER_TRACKS;MORE_THAN_TWO_DAUGHTER_TRACKS;1417;657;;;;-1;-1;-1;-1
EXP2;siMICAL1-6;20;3;166;7;11;TOO_SHORT_CUT;TOO_SHORT_CUT;174;178;TOO_SHORT_CUT;TOO_SHORT_CUT;151;369;;;;-1;-1;-1;-1
EXP2;siMICAL1-6;21;12;162;9;11;TOO_SHORT_CUT;TOO_SHORT_CUT;172;174;TOO_SHORT_CUT;TOO_SHORT_CUT;140;609;;;;174;184;195;635
EXP2;siMICAL1-6;22;50;147;7;13;TOO_SHORT_CUT;TOO_SHORT_CUT;154;160;TOO_SHORT_CUT;TOO_SHORT_CUT;108;980;;;;159;167;115;1003
EXP2;siMICAL1-6;23;103;144;6;15;TOO_SHORT_CUT;TOO_SHORT_CUT;150;159;TOO_SHORT_CUT;TOO_SHORT_CUT;1519;317;;;;-1;-1;-1;-1
EXP2;siMICAL1-6;24;33;143;3;16;NO_MID_BODY_DETECTED;NO_MID_BODY_DETECTED;143;156;NO_MID_BODY_DETECTED;NO_MID_BODY_DETECTED;-1;-1;;;;-1;-1;-1;-1
EXP2;siMICAL1-6;25;20;140;4;11;18;24;148;155;162;168;1159;922;70;130;;155;170;1175;944
EXP2;siMICAL1-6;26;29;111;6;11;TOO_SHORT_CUT;TOO_SHORT_CUT;115;120;TOO_SHORT_CUT;TOO_SHORT_CUT;378;415;;;;-1;-1;-1;-1
EXP2;siMICAL1-6;27;4;110;8;11;22;23;116;119;130;131;392;137;110;120;;119;131;441;101
EXP2;siMICAL1-6;28;42;105;9;11;21;21;108;110;120;120;1017;746;100;100;;110;120;971;760
EXP2;siMICAL1-6;29;26;100;9;12;19;21;103;106;113;115;1516;815;70;90;;-1;-1;-1;-1
EXP2;siMICAL1-6;2;4;292;8;11;TOO_SHORT_CUT;TOO_SHORT_CUT;271;274;TOO_SHORT_CUT;TOO_SHORT_CUT;442;26;;;;274;285;430;95
EXP2;siMICAL1-6;30;10;97;10;12;TOO_SHORT_CUT;TOO_SHORT_CUT;100;102;TOO_SHORT_CUT;TOO_SHORT_CUT;1132;303;;;;-1;-1;-1;-1
EXP2;siMICAL1-6;31;5;86;6;11;NO_CUT_DETECTED;NO_CUT_DETECTED;77;82;NO_CUT_DETECTED;NO_CUT_DETECTED;1333;176;;;;-1;-1;-1;-1
EXP2;siMICAL1-6;32;0;77;8;11;TOO_SHORT_CUT;TOO_SHORT_CUT;71;74;TOO_SHORT_CUT;TOO_SHORT_CUT;71;131;;;;74;86;73;136
EXP2;siMICAL1-6;33;8;53;2;7;NO_CUT_DETECTED;NO_CUT_DETECTED;43;48;NO_CUT_DETECTED;NO_CUT_DETECTED;1510;210;;;;-1;-1;-1;-1
EXP2;siMICAL1-6;34;13;47;6;11;TOO_SHORT_CUT;TOO_SHORT_CUT;32;37;TOO_SHORT_CUT;TOO_SHORT_CUT;734;672;;;;36;45;698;626
EXP2;siMICAL1-6;35;12;46;10;12;TOO_SHORT_CUT;TOO_SHORT_CUT;34;36;TOO_SHORT_CUT;TOO_SHORT_CUT;102;575;;;;36;46;109;530
EXP2;siMICAL1-6;36;3;31;9;13;TOO_SHORT_CUT;TOO_SHORT_CUT;11;15;TOO_SHORT_CUT;TOO_SHORT_CUT;168;212;;;;13;26;167;213
EXP2;siMICAL1-6;37;4;29;10;12;TOO_SHORT_CUT;TOO_SHORT_CUT;12;14;TOO_SHORT_CUT;TOO_SHORT_CUT;371;227;;;;14;24;366;223
EXP2;siMICAL1-6;3;203;287;5;8;TOO_SHORT_CUT;TOO_SHORT_CUT;267;270;TOO_SHORT_CUT;TOO_SHORT_CUT;1389;158;;;;-1;-1;-1;-1
EXP2;siMICAL1-6;4;166;282;7;8;NEAR_BORDER;NEAR_BORDER;267;268;NEAR_BORDER;NEAR_BORDER;21;240;;;;-1;-1;-1;-1
EXP2;siMICAL1-6;5;239;274;-1;18;TOO_SHORT_CUT;TOO_SHORT_CUT;239;258;TOO_SHORT_CUT;TOO_SHORT_CUT;1054;899;;;;-1;-1;-1;-1
EXP2;siMICAL1-6;6;180;262;7;20;TOO_SHORT_CUT;TOO_SHORT_CUT;240;253;TOO_SHORT_CUT;TOO_SHORT_CUT;1452;230;;;;-1;-1;-1;-1
EXP2;siMICAL1-6;7;168;241,22;8;11;MORE_THAN_TWO_DAUGHTER_TRACKS;MORE_THAN_TWO_DAUGHTER_TRACKS;228;231;MORE_THAN_TWO_DAUGHTER_TRACKS;MORE_THAN_TWO_DAUGHTER_TRACKS;1131;601;;;;231;242;1130;609
EXP2;siMICAL1-6;8;105;239,229;3;11;MORE_THAN_TWO_DAUGHTER_TRACKS;MORE_THAN_TWO_DAUGHTER_TRACKS;226;234;MORE_THAN_TWO_DAUGHTER_TRACKS;MORE_THAN_TWO_DAUGHTER_TRACKS;910;905;;;;234;243;918;898
EXP2;siMICAL1-6;9;188;236;11;12;18;21;235;236;242;245;1469;788;60;90;;-1;-1;-1;-1
EXP2;siMICAL1-7;0;213;350;8;11;NO_CUT_DETECTED;NO_CUT_DETECTED;272;275;NO_CUT_DETECTED;NO_CUT_DETECTED;1426;740;;;;-1;-1;-1;-1
EXP2;siMICAL1-7;10;143;217;9;13;NEAR_BORDER;NEAR_BORDER;162;166;NEAR_BORDER;NEAR_BORDER;1281;1084;;;;165;175;1263;1072
EXP2;siMICAL1-7;11;105;213;9;13;TOO_SHORT_CUT;TOO_SHORT_CUT;156;160;TOO_SHORT_CUT;TOO_SHORT_CUT;1212;762;;;;159;170;1226;798
EXP2;siMICAL1-7;12;15;197;8;11;19;21;144;147;155;157;233;581;80;100;;147;157;233;591
EXP2;siMICAL1-7;13;36;195;4;13;23;27;137;146;156;160;533;644;100;140;;145;157;546;626
EXP2;siMICAL1-7;14;6;162,154;9;11;MORE_THAN_TWO_DAUGHTER_TRACKS;MORE_THAN_TWO_DAUGHTER_TRACKS;115;117;MORE_THAN_TWO_DAUGHTER_TRACKS;MORE_THAN_TWO_DAUGHTER_TRACKS;1518;339;;;;117;135;1453;293
EXP2;siMICAL1-7;15;94;128;4;8;NEAR_BORDER;NEAR_BORDER;98;102;NEAR_BORDER;NEAR_BORDER;441;14;;;;-1;-1;-1;-1
EXP2;siMICAL1-7;16;56;112;1;9;18;20;78;86;95;97;581;268;90;110;;-1;-1;-1;-1
EXP2;siMICAL1-7;17;3;90;7;11;22;29;70;74;85;92;1481;188;110;180;;74;92;1459;148
EXP2;siMICAL1-7;18;21;68;9;11;TOO_SHORT_CUT;TOO_SHORT_CUT;51;53;TOO_SHORT_CUT;TOO_SHORT_CUT;903;891;;;;53;61;911;912
EXP2;siMICAL1-7;19;22;67;8;11;NEAR_BORDER;NEAR_BORDER;49;52;NEAR_BORDER;NEAR_BORDER;857;1069;;;;-1;-1;-1;-1
EXP2;siMICAL1-7;1;195;342;8;12;19;21;263;267;274;276;538;576;70;90;;-1;-1;-1;-1
EXP2;siMICAL1-7;20;20;60;10;13;28;34;43;46;61;67;1251;904;150;210;;45;62;1260;915
EXP2;siMICAL1-7;21;15;36;9;13;28;32;13;17;32;36;549;594;150;190;;16;36;548;593
EXP2;siMICAL1-7;2;103;333;-38;5;TOO_SHORT_CUT;TOO_SHORT_CUT;216;259;TOO_SHORT_CUT;TOO_SHORT_CUT;1082;282;;;;-1;-1;-1;-1
EXP2;siMICAL1-7;3;15;321;9;11;TOO_SHORT_CUT;TOO_SHORT_CUT;242;244;TOO_SHORT_CUT;TOO_SHORT_CUT;86;575;;;;-1;-1;-1;-1
EXP2;siMICAL1-7;4;90;306;-1;14;NEAR_BORDER;NEAR_BORDER;215;230;NEAR_BORDER;NEAR_BORDER;1398;69;;;;-1;-1;-1;-1
EXP2;siMICAL1-7;5;288;296;4;9;NO_MID_BODY_DETECTED;NO_MID_BODY_DETECTED;219;224;NO_MID_BODY_DETECTED;NO_MID_BODY_DETECTED;-1;-1;;;;-1;-1;-1;-1
EXP2;siMICAL1-7;6;191;263,261;9;13;MORE_THAN_TWO_DAUGHTER_TRACKS;MORE_THAN_TWO_DAUGHTER_TRACKS;192;196;MORE_THAN_TWO_DAUGHTER_TRACKS;MORE_THAN_TWO_DAUGHTER_TRACKS;1098;289;;;;195;205;1095;296
EXP2;siMICAL1-7;7;68;258;10;19;TOO_SHORT_CUT;TOO_SHORT_CUT;184;193;TOO_SHORT_CUT;TOO_SHORT_CUT;952;991;;;;-1;-1;-1;-1
EXP2;siMICAL1-7;8;21;250;10;11;NO_CUT_DETECTED;NO_CUT_DETECTED;184;185;NO_CUT_DETECTED;NO_CUT_DETECTED;788;809;;;;185;195;787;841
EXP2;siMICAL1-7;9;61;229;9;11;TOO_SHORT_CUT;TOO_SHORT_CUT;168;170;TOO_SHORT_CUT;TOO_SHORT_CUT;278;970;;;;-1;-1;-1;-1
EXP2;siMICAL1-8;0;258;277;10;11;TOO_SHORT_CUT;TOO_SHORT_CUT;272;273;TOO_SHORT_CUT;TOO_SHORT_CUT;1464;938;;;;273;282;1465;941
EXP2;siMICAL1-8;10;53;166;8;12;TOO_SHORT_CUT;TOO_SHORT_CUT;186;190;TOO_SHORT_CUT;TOO_SHORT_CUT;308;379;;;;190;198;316;440
EXP2;siMICAL1-8;11;7;162;9;12;TOO_SHORT_CUT;TOO_SHORT_CUT;185;188;TOO_SHORT_CUT;TOO_SHORT_CUT;615;454;;;;-1;-1;-1;-1
EXP2;siMICAL1-8;12;2;142;9;12;TOO_SHORT_CUT;TOO_SHORT_CUT;172;175;TOO_SHORT_CUT;TOO_SHORT_CUT;952;339;;;;175;183;890;357
EXP2;siMICAL1-8;13;41;141;10;12;19;21;173;175;182;184;1231;255;70;90;;175;183;1234;254
EXP2;siMICAL1-8;14;27;134,126;10;12;MORE_THAN_TWO_DAUGHTER_TRACKS;MORE_THAN_TWO_DAUGHTER_TRACKS;162;164;MORE_THAN_TWO_DAUGHTER_TRACKS;MORE_THAN_TWO_DAUGHTER_TRACKS;1530;986;;;;164;173;1533;982
EXP2;siMICAL1-8;15;37;85;7;11;23;24;95;99;111;112;650;51;120;130;;-1;-1;-1;-1
EXP2;siMICAL1-8;16;9;77;7;11;28;31;78;82;99;102;312;705;170;200;;82;100;285;702
EXP2;siMICAL1-8;17;5;72;9;11;NEAR_BORDER;NEAR_BORDER;76;78;NEAR_BORDER;NEAR_BORDER;48;495;;;;-1;-1;-1;-1
EXP2;siMICAL1-8;18;32;71;11;11;TOO_SHORT_CUT;TOO_SHORT_CUT;76;76;TOO_SHORT_CUT;TOO_SHORT_CUT;1220;905;;;;76;92;1165;840
EXP2;siMICAL1-8;19;11;66;6;10;NO_MID_BODY_DETECTED;NO_MID_BODY_DETECTED;62;66;NO_MID_BODY_DETECTED;NO_MID_BODY_DETECTED;-1;-1;;;;-1;-1;-1;-1
EXP2;siMICAL1-8;1;72;273;7;13;NO_CUT_DETECTED;NO_CUT_DETECTED;266;272;NO_CUT_DETECTED;NO_CUT_DETECTED;176;439;;;;-1;-1;-1;-1
EXP2;siMICAL1-8;20;7;65;9;10;25;27;60;61;76;78;464;610;150;170;;-1;-1;-1;-1
EXP2;siMICAL1-8;21;6;62;9;11;TOO_SHORT_CUT;TOO_SHORT_CUT;58;60;TOO_SHORT_CUT;TOO_SHORT_CUT;951;591;;;;60;72;972;557
EXP2;siMICAL1-8;22;1;57;7;14;NEAR_BORDER;NEAR_BORDER;48;55;NEAR_BORDER;NEAR_BORDER;696;82;;;;53;62;725;78
EXP2;siMICAL1-8;23;0;56;8;11;NO_MID_BODY_DETECTED;NO_MID_BODY_DETECTED;51;54;NO_MID_BODY_DETECTED;NO_MID_BODY_DETECTED;-1;-1;;;;-1;-1;-1;-1
EXP2;siMICAL1-8;24;4;53;9;12;TOO_SHORT_CUT;TOO_SHORT_CUT;49;52;TOO_SHORT_CUT;TOO_SHORT_CUT;641;451;;;;51;63;605;486
EXP2;siMICAL1-8;25;15;47;5;11;TOO_SHORT_CUT;TOO_SHORT_CUT;37;43;TOO_SHORT_CUT;TOO_SHORT_CUT;1501;864;;;;-1;-1;-1;-1
EXP2;siMICAL1-8;26;2;41;8;10;17;18;33;35;42;43;974;266;70;80;;35;47;976;261
EXP2;siMICAL1-8;27;8;27;9;11;TOO_SHORT_CUT;TOO_SHORT_CUT;17;19;TOO_SHORT_CUT;TOO_SHORT_CUT;1548;702;;;;19;31;1480;693
EXP2;siMICAL1-8;2;85;240;9;13;26;27;235;239;252;253;587;259;130;140;;238;252;589;244
EXP2;siMICAL1-8;3;97;228,218;9;12;MORE_THAN_TWO_DAUGHTER_TRACKS;MORE_THAN_TWO_DAUGHTER_TRACKS;224;227;MORE_THAN_TWO_DAUGHTER_TRACKS;MORE_THAN_TWO_DAUGHTER_TRACKS;165;508;;;;227;260;176;514
EXP2;siMICAL1-8;4;77;219,216;9;12;MORE_THAN_TWO_DAUGHTER_TRACKS;MORE_THAN_TWO_DAUGHTER_TRACKS;222;225;MORE_THAN_TWO_DAUGHTER_TRACKS;MORE_THAN_TWO_DAUGHTER_TRACKS;379;708;;;;225;241;352;705
EXP2;siMICAL1-8;5;212;217;2;6;TOO_SHORT_CUT;TOO_SHORT_CUT;222;226;TOO_SHORT_CUT;TOO_SHORT_CUT;1480;394;;;;-1;-1;-1;-1
EXP2;siMICAL1-8;6;57;203;3;11;NEAR_BORDER;NEAR_BORDER;206;214;NEAR_BORDER;NEAR_BORDER;461;0;;;;-1;-1;-1;-1
EXP2;siMICAL1-8;7;66;194;10;12;TOO_SHORT_CUT;TOO_SHORT_CUT;205;207;TOO_SHORT_CUT;TOO_SHORT_CUT;668;972;;;;-1;-1;-1;-1
EXP2;siMICAL1-8;8;71;183;11;12;TOO_SHORT_CUT;TOO_SHORT_CUT;201;202;TOO_SHORT_CUT;TOO_SHORT_CUT;1385;1003;;;;202;211;1350;1004
EXP2;siMICAL1-8;9;4;178;10;12;TOO_SHORT_CUT;TOO_SHORT_CUT;198;200;TOO_SHORT_CUT;TOO_SHORT_CUT;905;382;;;;-1;-1;-1;-1
EXP2;siMICAL1-9;0;113;331;1;8;NO_MID_BODY_DETECTED;NO_MID_BODY_DETECTED;271;278;NO_MID_BODY_DETECTED;NO_MID_BODY_DETECTED;-1;-1;;;;-1;-1;-1;-1
EXP2;siMICAL1-9;10;170;246;1;4;TOO_SHORT_CUT;TOO_SHORT_CUT;227;230;TOO_SHORT_CUT;TOO_SHORT_CUT;755;108;;;;230;250;758;109
EXP2;siMICAL1-9;11;87;242,234;9;12;MORE_THAN_TWO_DAUGHTER_TRACKS;MORE_THAN_TWO_DAUGHTER_TRACKS;218;221;MORE_THAN_TWO_DAUGHTER_TRACKS;MORE_THAN_TWO_DAUGHTER_TRACKS;503;893;;;;220;231;490;857
EXP2;siMICAL1-9;12;7;205,203;11;13;MORE_THAN_TWO_DAUGHTER_TRACKS;MORE_THAN_TWO_DAUGHTER_TRACKS;191;193;MORE_THAN_TWO_DAUGHTER_TRACKS;MORE_THAN_TWO_DAUGHTER_TRACKS;1158;290;;;;-1;-1;-1;-1
EXP2;siMICAL1-9;13;13;201;8;11;23;29;185;188;200;206;1322;840;120;180;;188;206;1322;888
EXP2;siMICAL1-9;14;69;196;9;11;TOO_SHORT_CUT;TOO_SHORT_CUT;185;187;TOO_SHORT_CUT;TOO_SHORT_CUT;1158;289;;;;-1;-1;-1;-1
EXP2;siMICAL1-9;15;36;195;9;12;TOO_SHORT_CUT;TOO_SHORT_CUT;182;185;TOO_SHORT_CUT;TOO_SHORT_CUT;305;294;;;;185;192;272;281
EXP2;siMICAL1-9;16;22;184,175;6;11;MORE_THAN_TWO_DAUGHTER_TRACKS;MORE_THAN_TWO_DAUGHTER_TRACKS;162;167;MORE_THAN_TWO_DAUGHTER_TRACKS;MORE_THAN_TWO_DAUGHTER_TRACKS;1098;684;;;;-1;-1;-1;-1
EXP2;siMICAL1-9;17;24;181;11;11;TOO_SHORT_CUT;TOO_SHORT_CUT;173;173;TOO_SHORT_CUT;TOO_SHORT_CUT;1343;122;;;;173;184;1372;102
EXP2;siMICAL1-9;18;21;173,167;10;11;MORE_THAN_TWO_DAUGHTER_TRACKS;MORE_THAN_TWO_DAUGHTER_TRACKS;163;164;MORE_THAN_TWO_DAUGHTER_TRACKS;MORE_THAN_TWO_DAUGHTER_TRACKS;1080;1039;;;;166;175;1057;1022
EXP2;siMICAL1-9;19;20;155;7;12;NO_MID_BODY_DETECTED;NO_MID_BODY_DETECTED;150;155;NO_MID_BODY_DETECTED;NO_MID_BODY_DETECTED;-1;-1;;;;-1;-1;-1;-1
EXP2;siMICAL1-9;1;137;321;9;12;19;22;270;273;280;283;694;726;70;100;;-1;-1;-1;-1
EXP2;siMICAL1-9;20;15;152;11;12;22;22;151;152;162;162;835;940;100;100;;152;165;833;940
EXP2;siMICAL1-9;21;9;138;7;18;TOO_SHORT_CUT;TOO_SHORT_CUT;126;137;TOO_SHORT_CUT;TOO_SHORT_CUT;845;445;;;;-1;-1;-1;-1
EXP2;siMICAL1-9;22;48;137;11;12;TOO_SHORT_CUT;TOO_SHORT_CUT;136;137;TOO_SHORT_CUT;TOO_SHORT_CUT;546;547;;;;-1;-1;-1;-1
EXP2;siMICAL1-9;23;95;113,107;8;10;MORE_THAN_TWO_DAUGHTER_TRACKS;MORE_THAN_TWO_DAUGHTER_TRACKS;112;114;MORE_THAN_TWO_DAUGHTER_TRACKS;MORE_THAN_TWO_DAUGHTER_TRACKS;697;275;;;;114;125;698;276
EXP2;siMICAL1-9;24;14;112;8;12;25;27;113;117;130;132;417;833;130;150;;116;131;394;810
EXP2;siMICAL1-9;25;40;111;10;12;TOO_SHORT_CUT;TOO_SHORT_CUT;115;117;TOO_SHORT_CUT;TOO_SHORT_CUT;316;408;;;;116;128;349;488
EXP2;siMICAL1-9;26;34;99;10;12;20;24;106;108;116;120;174;1003;80;120;;108;121;189;948
EXP2;siMICAL1-9;27;7;69;10;11;18;26;74;75;82;90;1213;263;70;150;;75;89;1185;266
EXP2;siMICAL1-9;28;6;36;9;10;23;24;35;36;49;50;260;390;130;140;;36;51;229;405
EXP2;siMICAL1-9;29;9;25;11;13;25;28;11;13;25;28;653;530;120;150;;13;26;694;501
EXP2;siMICAL1-9;2;112;320;6;11;17;25;266;271;277;285;375;722;60;140;;271;289;396;773
EXP2;siMICAL1-9;30;11;22;1;4;18;18;1;4;18;18;1300;498;140;140;;4;18;1286;528
EXP2;siMICAL1-9;31;20;21;1;2;8;8;1;2;8;8;871;1043;60;60;;-1;-1;-1;-1
EXP2;siMICAL1-9;3;275;306;3;18;TOO_SHORT_CUT;TOO_SHORT_CUT;252;267;TOO_SHORT_CUT;TOO_SHORT_CUT;1322;643;;;;266;280;1224;685
EXP2;siMICAL1-9;4;291;303;7;10;NO_CUT_DETECTED;NO_CUT_DETECTED;263;266;NO_CUT_DETECTED;NO_CUT_DETECTED;1225;683;;;;-1;-1;-1;-1
EXP2;siMICAL1-9;5;24;302;9;14;NO_MID_BODY_DETECTED;NO_MID_BODY_DETECTED;261;266;NO_MID_BODY_DETECTED;NO_MID_BODY_DETECTED;-1;-1;;;;-1;-1;-1;-1
EXP2;siMICAL1-9;6;34;285;9;12;TOO_SHORT_CUT;TOO_SHORT_CUT;250;253;TOO_SHORT_CUT;TOO_SHORT_CUT;163;1029;;;;-1;-1;-1;-1
EXP2;siMICAL1-9;7;115;263;7;11;17;19;237;241;247;249;512;395;60;80;;241;250;492;401
EXP2;siMICAL1-9;8;111;260,259;4;11;MORE_THAN_TWO_DAUGHTER_TRACKS;MORE_THAN_TWO_DAUGHTER_TRACKS;231;238;MORE_THAN_TWO_DAUGHTER_TRACKS;MORE_THAN_TWO_DAUGHTER_TRACKS;293;488;;;;-1;-1;-1;-1
EXP2;siMICAL1-9;9;113;256;10;12;TOO_SHORT_CUT;TOO_SHORT_CUT;235;237;TOO_SHORT_CUT;TOO_SHORT_CUT;725;309;;;;237;250;768;334
EXP3;CEP55-10;0;179;331;-5;11;TOO_SHORT_CUT;TOO_SHORT_CUT;245;261;TOO_SHORT_CUT;TOO_SHORT_CUT;1074;544;;;;-1;-1;-1;-1
EXP3;CEP55-10;10;7;217;10;12;18;44;182;184;190;216;637;689;60;320;;184;215;570;640
EXP3;CEP55-10;11;92;214;10;12;NO_MID_BODY_DETECTED;NO_MID_BODY_DETECTED;179;181;NO_MID_BODY_DETECTED;NO_MID_BODY_DETECTED;-1;-1;;;;-1;-1;-1;-1
EXP3;CEP55-10;12;48;195;8;11;TOO_SHORT_CUT;TOO_SHORT_CUT;159;162;TOO_SHORT_CUT;TOO_SHORT_CUT;308;614;;;;162;173;308;603
EXP3;CEP55-10;13;50;187;5;12;44;51;150;157;189;196;396;249;320;390;;-1;-1;-1;-1
EXP3;CEP55-10;14;13;179;5;11;25;26;141;147;161;162;989;637;140;150;;146;166;989;651
EXP3;CEP55-10;15;17;106;8;12;NEAR_BORDER;NEAR_BORDER;79;83;NEAR_BORDER;NEAR_BORDER;0;852;;;;-1;-1;-1;-1
EXP3;CEP55-10;16;19;100;8;13;NO_CUT_DETECTED;NO_CUT_DETECTED;75;80;NO_CUT_DETECTED;NO_CUT_DETECTED;141;1028;;;;80;203;135;1008
EXP3;CEP55-10;17;7;67;10;11;TOO_SHORT_CUT;TOO_SHORT_CUT;52;53;TOO_SHORT_CUT;TOO_SHORT_CUT;411;454;;;;53;87;343;553
EXP3;CEP55-10;18;6;55;7;11;45;48;34;38;72;75;1119;285;340;370;;38;78;1127;253
EXP3;CEP55-10;19;13;50;9;12;TOO_SHORT_CUT;TOO_SHORT_CUT;30;33;TOO_SHORT_CUT;TOO_SHORT_CUT;777;584;;;;32;68;745;601
EXP3;CEP55-10;1;302;320,312;2;6;MORE_THAN_TWO_DAUGHTER_TRACKS;MORE_THAN_TWO_DAUGHTER_TRACKS;244;248;MORE_THAN_TWO_DAUGHTER_TRACKS;MORE_THAN_TWO_DAUGHTER_TRACKS;36;819;;;;-1;-1;-1;-1
EXP3;CEP55-10;20;9;48;7;12;TOO_SHORT_CUT;TOO_SHORT_CUT;21;26;TOO_SHORT_CUT;TOO_SHORT_CUT;159;449;;;;25;59;157;500
EXP3;CEP55-10;21;36;44;10;14;NO_MID_BODY_DETECTED;NO_MID_BODY_DETECTED;20;24;NO_MID_BODY_DETECTED;NO_MID_BODY_DETECTED;-1;-1;;;;-1;-1;-1;-1
EXP3;CEP55-10;22;22;29,27;3;5;MORE_THAN_TWO_DAUGHTER_TRACKS;MORE_THAN_TWO_DAUGHTER_TRACKS;3;5;MORE_THAN_TWO_DAUGHTER_TRACKS;MORE_THAN_TWO_DAUGHTER_TRACKS;1228;1000;;;;7;26;1221;990
EXP3;CEP55-10;2;143;290;6;16;NEAR_BORDER;NEAR_BORDER;225;235;NEAR_BORDER;NEAR_BORDER;1149;7;;;;-1;-1;-1;-1
EXP3;CEP55-10;3;71;263;9;11;TOO_SHORT_CUT;TOO_SHORT_CUT;217;219;TOO_SHORT_CUT;TOO_SHORT_CUT;318;664;;;;219;234;320;653
EXP3;CEP55-10;4;104;251,245;-16;8;MORE_THAN_TWO_DAUGHTER_TRACKS;MORE_THAN_TWO_DAUGHTER_TRACKS;181;205;MORE_THAN_TWO_DAUGHTER_TRACKS;MORE_THAN_TWO_DAUGHTER_TRACKS;817;819;;;;-1;-1;-1;-1
EXP3;CEP55-10;5;103;239;10;16;NEAR_BORDER;NEAR_BORDER;195;201;NEAR_BORDER;NEAR_BORDER;1598;638;;;;200;236;1594;620
EXP3;CEP55-10;6;12;232,223;7;11;MORE_THAN_TWO_DAUGHTER_TRACKS;MORE_THAN_TWO_DAUGHTER_TRACKS;185;189;MORE_THAN_TWO_DAUGHTER_TRACKS;MORE_THAN_TWO_DAUGHTER_TRACKS;38;570;;;;-1;-1;-1;-1
EXP3;CEP55-10;7;67;225;10;11;TOO_SHORT_CUT;TOO_SHORT_CUT;191;192;TOO_SHORT_CUT;TOO_SHORT_CUT;173;398;;;;-1;-1;-1;-1
EXP3;CEP55-10;8;6;224;10;12;57;64;189;191;236;243;755;412;450;520;;191;242;785;450
EXP3;CEP55-10;9;55;219;9;11;21;37;183;185;195;211;1191;227;100;260;;185;214;1237;210
EXP3;CEP55-1;0;224;441;6;12;NO_MID_BODY_DETECTED;NO_MID_BODY_DETECTED;265;271;NO_MID_BODY_DETECTED;NO_MID_BODY_DETECTED;-1;-1;;;;-1;-1;-1;-1
EXP3;CEP55-1;10;102;270,269;6;12;MORE_THAN_TWO_DAUGHTER_TRACKS;MORE_THAN_TWO_DAUGHTER_TRACKS;186;192;MORE_THAN_TWO_DAUGHTER_TRACKS;MORE_THAN_TWO_DAUGHTER_TRACKS;326;457;;;;-1;-1;-1;-1
EXP3;CEP55-1;11;213;265;8;13;TOO_SHORT_CUT;TOO_SHORT_CUT;186;191;TOO_SHORT_CUT;TOO_SHORT_CUT;1415;307;;;;-1;-1;-1;-1
EXP3;CEP55-1;12;25;259,255,239;-14;5;MORE_THAN_TWO_DAUGHTER_TRACKS;MORE_THAN_TWO_DAUGHTER_TRACKS;159;178;MORE_THAN_TWO_DAUGHTER_TRACKS;MORE_THAN_TWO_DAUGHTER_TRACKS;-1;-1;;;;-1;-1;-1;-1
EXP3;CEP55-1;13;95;256,241;4;11;MORE_THAN_TWO_DAUGHTER_TRACKS;MORE_THAN_TWO_DAUGHTER_TRACKS;172;179;MORE_THAN_TWO_DAUGHTER_TRACKS;MORE_THAN_TWO_DAUGHTER_TRACKS;387;78;;;;179;229;364;89
EXP3;CEP55-1;14;193;253,250,234;-1;11;MORE_THAN_TWO_DAUGHTER_TRACKS;MORE_THAN_TWO_DAUGHTER_TRACKS;164;176;MORE_THAN_TWO_DAUGHTER_TRACKS;MORE_THAN_TWO_DAUGHTER_TRACKS;946;987;;;;-1;-1;-1;-1
EXP3;CEP55-1;15;85;249;6;12;TOO_SHORT_CUT;TOO_SHORT_CUT;177;183;TOO_SHORT_CUT;TOO_SHORT_CUT;573;923;;;;183;205;573;918
EXP3;CEP55-1;16;242;247;2;5;TOO_SHORT_CUT;TOO_SHORT_CUT;180;183;TOO_SHORT_CUT;TOO_SHORT_CUT;90;248;;;;183;210;110;215
EXP3;CEP55-1;17;229;242;2;6;NO_MID_BODY_DETECTED;NO_MID_BODY_DETECTED;175;179;NO_MID_BODY_DETECTED;NO_MID_BODY_DETECTED;-1;-1;;;;-1;-1;-1;-1
EXP3;CEP55-1;18;150;224;5;11;TOO_SHORT_CUT;TOO_SHORT_CUT;163;169;TOO_SHORT_CUT;TOO_SHORT_CUT;64;585;;;;168;184;59;537
EXP3;CEP55-1;19;12;221,213;-9;8;MORE_THAN_TWO_DAUGHTER_TRACKS;MORE_THAN_TWO_DAUGHTER_TRACKS;148;165;MORE_THAN_TWO_DAUGHTER_TRACKS;MORE_THAN_TWO_DAUGHTER_TRACKS;1433;311;;;;-1;-1;-1;-1
EXP3;CEP55-1;1;386;408;9;13;NO_MID_BODY_DETECTED;NO_MID_BODY_DETECTED;253;257;NO_MID_BODY_DETECTED;NO_MID_BODY_DETECTED;-1;-1;;;;-1;-1;-1;-1
EXP3;CEP55-1;20;192;209,208;9;13;MORE_THAN_TWO_DAUGHTER_TRACKS;MORE_THAN_TWO_DAUGHTER_TRACKS;157;161;MORE_THAN_TWO_DAUGHTER_TRACKS;MORE_THAN_TWO_DAUGHTER_TRACKS;253;954;;;;-1;-1;-1;-1
EXP3;CEP55-1;21;49;203;6;12;24;38;150;156;168;182;910;480;120;260;;157;184;910;491
EXP3;CEP55-1;22;78;195;11;17;NEAR_BORDER;NEAR_BORDER;145;151;NEAR_BORDER;NEAR_BORDER;535;26;;;;-1;-1;-1;-1
EXP3;CEP55-1;23;105;171,17;4;7;MORE_THAN_TWO_DAUGHTER_TRACKS;MORE_THAN_TWO_DAUGHTER_TRACKS;127;130;MORE_THAN_TWO_DAUGHTER_TRACKS;MORE_THAN_TWO_DAUGHTER_TRACKS;613;642;;;;-1;-1;-1;-1
EXP3;CEP55-1;24;156;162;7;9;NO_MID_BODY_DETECTED;NO_MID_BODY_DETECTED;122;124;NO_MID_BODY_DETECTED;NO_MID_BODY_DETECTED;-1;-1;;;;-1;-1;-1;-1
EXP3;CEP55-1;25;126;146,142;6;12;MORE_THAN_TWO_DAUGHTER_TRACKS;MORE_THAN_TWO_DAUGHTER_TRACKS;96;102;MORE_THAN_TWO_DAUGHTER_TRACKS;MORE_THAN_TWO_DAUGHTER_TRACKS;714;5;;;;-1;-1;-1;-1
EXP3;CEP55-1;26;21;129,127,120;-21;7;MORE_THAN_TWO_DAUGHTER_TRACKS;MORE_THAN_TWO_DAUGHTER_TRACKS;49;77;MORE_THAN_TWO_DAUGHTER_TRACKS;MORE_THAN_TWO_DAUGHTER_TRACKS;1124;574;;;;-1;-1;-1;-1
EXP3;CEP55-1;27;6;124;11;11;NEAR_BORDER;NEAR_BORDER;82;82;NEAR_BORDER;NEAR_BORDER;1528;37;;;;-1;-1;-1;-1
EXP3;CEP55-1;28;4;122,116;2;15;MORE_THAN_TWO_DAUGHTER_TRACKS;MORE_THAN_TWO_DAUGHTER_TRACKS;62;75;MORE_THAN_TWO_DAUGHTER_TRACKS;MORE_THAN_TWO_DAUGHTER_TRACKS;1140;0;;;;-1;-1;-1;-1
EXP3;CEP55-1;29;103;110;0;6;TOO_SHORT_CUT;TOO_SHORT_CUT;64;70;TOO_SHORT_CUT;TOO_SHORT_CUT;760;47;;;;-1;-1;-1;-1
EXP3;CEP55-1;2;4;402;8;13;NO_MID_BODY_DETECTED;NO_MID_BODY_DETECTED;248;253;NO_MID_BODY_DETECTED;NO_MID_BODY_DETECTED;-1;-1;;;;-1;-1;-1;-1
EXP3;CEP55-1;30;11;102,96,95;8;13;MORE_THAN_TWO_DAUGHTER_TRACKS;MORE_THAN_TWO_DAUGHTER_TRACKS;51;56;MORE_THAN_TWO_DAUGHTER_TRACKS;MORE_THAN_TWO_DAUGHTER_TRACKS;577;221;;;;-1;-1;-1;-1
EXP3;CEP55-1;31;27;85,83;9;11;MORE_THAN_TWO_DAUGHTER_TRACKS;MORE_THAN_TWO_DAUGHTER_TRACKS;41;43;MORE_THAN_TWO_DAUGHTER_TRACKS;MORE_THAN_TWO_DAUGHTER_TRACKS;802;786;;;;-1;-1;-1;-1
EXP3;CEP55-1;32;14;76;5;10;NO_CUT_DETECTED;NO_CUT_DETECTED;36;41;NO_CUT_DETECTED;NO_CUT_DETECTED;219;309;;;;42;120;218;309
EXP3;CEP55-1;33;25;73;9;12;44;58;36;39;71;85;1213;729;320;460;;40;95;1170;763
EXP3;CEP55-1;34;10;59;7;11;45;45;21;25;59;59;159;110;340;340;;25;60;181;103
EXP3;CEP55-1;35;3;49;7;11;NO_CUT_DETECTED;NO_CUT_DETECTED;13;17;NO_CUT_DETECTED;NO_CUT_DETECTED;977;77;;;;17;149;930;68
EXP3;CEP55-1;36;29;39;4;10;26;28;4;10;26;28;300;998;160;180;;10;80;279;1008
EXP3;CEP55-1;3;259;395,375,372;6;11;MORE_THAN_TWO_DAUGHTER_TRACKS;MORE_THAN_TWO_DAUGHTER_TRACKS;231;236;MORE_THAN_TWO_DAUGHTER_TRACKS;MORE_THAN_TWO_DAUGHTER_TRACKS;1037;886;;;;-1;-1;-1;-1
EXP3;CEP55-1;4;34;393,381;8;11;MORE_THAN_TWO_DAUGHTER_TRACKS;MORE_THAN_TWO_DAUGHTER_TRACKS;236;239;MORE_THAN_TWO_DAUGHTER_TRACKS;MORE_THAN_TWO_DAUGHTER_TRACKS;1366;895;;;;239;253;1428;936
EXP3;CEP55-1;5;361;391;3;12;NO_MID_BODY_DETECTED;NO_MID_BODY_DETECTED;233;242;NO_MID_BODY_DETECTED;NO_MID_BODY_DETECTED;-1;-1;;;;-1;-1;-1;-1
EXP3;CEP55-1;6;25;304;9;13;NO_MID_BODY_DETECTED;NO_MID_BODY_DETECTED;200;204;NO_MID_BODY_DETECTED;NO_MID_BODY_DETECTED;-1;-1;;;;-1;-1;-1;-1
EXP3;CEP55-1;7;270;282;4;5;22;55;195;196;213;246;316;452;170;500;;-1;-1;-1;-1
EXP3;CEP55-1;8;73;280;-3;14;NEAR_BORDER;NEAR_BORDER;178;195;NEAR_BORDER;NEAR_BORDER;1551;754;;;;-1;-1;-1;-1
EXP3;CEP55-1;9;231;279,274;10;11;MORE_THAN_TWO_DAUGHTER_TRACKS;MORE_THAN_TWO_DAUGHTER_TRACKS;192;193;MORE_THAN_TWO_DAUGHTER_TRACKS;MORE_THAN_TWO_DAUGHTER_TRACKS;700;237;;;;-1;-1;-1;-1
EXP3;CEP55-2;0;183;229;10;11;NEAR_BORDER;NEAR_BORDER;268;269;NEAR_BORDER;NEAR_BORDER;0;866;;;;-1;-1;-1;-1
EXP3;CEP55-2;10;127;154,153,152;8;11;MORE_THAN_TWO_DAUGHTER_TRACKS;MORE_THAN_TWO_DAUGHTER_TRACKS;164;167;MORE_THAN_TWO_DAUGHTER_TRACKS;MORE_THAN_TWO_DAUGHTER_TRACKS;259;556;;;;-1;-1;-1;-1
EXP3;CEP55-2;11;6;149;8;11;89;97;161;164;242;250;276;248;780;860;;164;253;184;185
EXP3;CEP55-2;12;39;145;7;11;77;127;156;160;226;276;323;366;660;1160;;-1;-1;-1;-1
EXP3;CEP55-2;13;13;132;3;10;50;54;127;134;174;178;348;822;400;440;;135;176;350;825
EXP3;CEP55-2;14;9;110,109;1;11;MORE_THAN_TWO_DAUGHTER_TRACKS;MORE_THAN_TWO_DAUGHTER_TRACKS;97;107;MORE_THAN_TWO_DAUGHTER_TRACKS;MORE_THAN_TWO_DAUGHTER_TRACKS;888;375;;;;-1;-1;-1;-1
EXP3;CEP55-2;15;10;104;6;17;NEAR_BORDER;NEAR_BORDER;86;97;NEAR_BORDER;NEAR_BORDER;1563;25;;;;-1;-1;-1;-1
EXP3;CEP55-2;16;19;103;8;11;NO_CUT_DETECTED;NO_CUT_DETECTED;90;93;NO_CUT_DETECTED;NO_CUT_DETECTED;170;978;;;;-1;-1;-1;-1
EXP3;CEP55-2;17;7;101;4;10;20;NO_CUT_DETECTED;86;92;102;NO_CUT_DETECTED;1573;490;100;;;93;105;1534;436
EXP3;CEP55-2;18;42;97,95,94;4;9;MORE_THAN_TWO_DAUGHTER_TRACKS;MORE_THAN_TWO_DAUGHTER_TRACKS;76;81;MORE_THAN_TWO_DAUGHTER_TRACKS;MORE_THAN_TWO_DAUGHTER_TRACKS;913;829;;;;-1;-1;-1;-1
EXP3;CEP55-2;19;20;91;-5;12;TOO_SHORT_CUT;TOO_SHORT_CUT;62;79;TOO_SHORT_CUT;TOO_SHORT_CUT;1135;875;;;;-1;-1;-1;-1
EXP3;CEP55-2;1;91;226;9;20;TOO_SHORT_CUT;TOO_SHORT_CUT;254;265;TOO_SHORT_CUT;TOO_SHORT_CUT;899;1044;;;;-1;-1;-1;-1
EXP3;CEP55-2;20;15;66,65;11;12;MORE_THAN_TWO_DAUGHTER_TRACKS;MORE_THAN_TWO_DAUGHTER_TRACKS;58;59;MORE_THAN_TWO_DAUGHTER_TRACKS;MORE_THAN_TWO_DAUGHTER_TRACKS;-1;-1;;;;-1;-1;-1;-1
EXP3;CEP55-2;21;2;46;6;11;NO_CUT_DETECTED;NO_CUT_DETECTED;34;39;NO_CUT_DETECTED;NO_CUT_DETECTED;517;280;;;;39;170;556;267
EXP3;CEP55-2;22;5;44;9;11;39;NO_CUT_DETECTED;35;37;65;NO_CUT_DETECTED;806;16;280;;;-1;-1;-1;-1
EXP3;CEP55-2;23;6;39;7;11;39;126;23;27;55;142;218;289;280;1150;;-1;-1;-1;-1
EXP3;CEP55-2;24;11;37;7;11;75;NO_CUT_DETECTED;22;26;90;NO_CUT_DETECTED;205;499;640;;;-1;-1;-1;-1
EXP3;CEP55-2;25;3;31;9;18;NO_CUT_DETECTED;NO_CUT_DETECTED;9;18;NO_CUT_DETECTED;NO_CUT_DETECTED;1000;0;;;;-1;-1;-1;-1
EXP3;CEP55-2;26;5;30;-1;16;NEAR_BORDER;NEAR_BORDER;1;18;NEAR_BORDER;NEAR_BORDER;749;126;;;;-1;-1;-1;-1
EXP3;CEP55-2;27;21;25;1;8;14;NO_CUT_DETECTED;1;8;14;NO_CUT_DETECTED;830;953;60;;;-1;-1;-1;-1
EXP3;CEP55-2;2;94;214,213;-7;10;MORE_THAN_TWO_DAUGHTER_TRACKS;MORE_THAN_TWO_DAUGHTER_TRACKS;241;258;MORE_THAN_TWO_DAUGHTER_TRACKS;MORE_THAN_TWO_DAUGHTER_TRACKS;771;538;;;;-1;-1;-1;-1
EXP3;CEP55-2;3;95;193;-14;11;38;42;210;235;262;266;1005;507;270;310;;235;275;996;514
EXP3;CEP55-2;4;7;188,181;8;12;MORE_THAN_TWO_DAUGHTER_TRACKS;MORE_THAN_TWO_DAUGHTER_TRACKS;212;216;MORE_THAN_TWO_DAUGHTER_TRACKS;MORE_THAN_TWO_DAUGHTER_TRACKS;1231;170;;;;-1;-1;-1;-1
EXP3;CEP55-2;5;10;187;7;10;NO_CUT_DETECTED;NO_CUT_DETECTED;217;220;NO_CUT_DETECTED;NO_CUT_DETECTED;1582;230;;;;-1;-1;-1;-1
EXP3;CEP55-2;6;174;185;7;12;33;39;214;219;240;246;1090;759;210;270;;-1;-1;-1;-1
EXP3;CEP55-2;7;131;184;9;12;NO_CUT_DETECTED;NO_CUT_DETECTED;216;219;NO_CUT_DETECTED;NO_CUT_DETECTED;1555;626;;;;-1;-1;-1;-1
EXP3;CEP55-2;8;92;176;-4;10;TOO_SHORT_CUT;TOO_SHORT_CUT;189;203;TOO_SHORT_CUT;TOO_SHORT_CUT;451;124;;;;203;245;437;135
EXP3;CEP55-2;9;2;171;6;11;TOO_SHORT_CUT;TOO_SHORT_CUT;192;197;TOO_SHORT_CUT;TOO_SHORT_CUT;499;326;;;;197;228;500;330
EXP3;CEP55-3;0;131;236,225;-46;10;MORE_THAN_TWO_DAUGHTER_TRACKS;MORE_THAN_TWO_DAUGHTER_TRACKS;184;240;MORE_THAN_TWO_DAUGHTER_TRACKS;MORE_THAN_TWO_DAUGHTER_TRACKS;1420;1058;;;;-1;-1;-1;-1
EXP3;CEP55-3;10;54;123;8;12;TOO_SHORT_CUT;TOO_SHORT_CUT;152;156;TOO_SHORT_CUT;TOO_SHORT_CUT;633;91;;;;-1;-1;-1;-1
EXP3;CEP55-3;11;6;121,116;6;12;MORE_THAN_TWO_DAUGHTER_TRACKS;MORE_THAN_TWO_DAUGHTER_TRACKS;139;145;MORE_THAN_TWO_DAUGHTER_TRACKS;MORE_THAN_TWO_DAUGHTER_TRACKS;933;181;;;;145;173;955;233
EXP3;CEP55-3;12;19;105,104,97;5;11;MORE_THAN_TWO_DAUGHTER_TRACKS;MORE_THAN_TWO_DAUGHTER_TRACKS;118;124;MORE_THAN_TWO_DAUGHTER_TRACKS;MORE_THAN_TWO_DAUGHTER_TRACKS;809;504;;;;-1;-1;-1;-1
EXP3;CEP55-3;13;24;88,87,86;3;10;MORE_THAN_TWO_DAUGHTER_TRACKS;MORE_THAN_TWO_DAUGHTER_TRACKS;102;109;MORE_THAN_TWO_DAUGHTER_TRACKS;MORE_THAN_TWO_DAUGHTER_TRACKS;327;1007;;;;-1;-1;-1;-1
EXP3;CEP55-3;14;10;48,47;7;12;MORE_THAN_TWO_DAUGHTER_TRACKS;MORE_THAN_TWO_DAUGHTER_TRACKS;59;64;MORE_THAN_TWO_DAUGHTER_TRACKS;MORE_THAN_TWO_DAUGHTER_TRACKS;666;346;;;;-1;-1;-1;-1
EXP3;CEP55-3;15;0;37;4;9;25;46;44;49;65;86;253;474;160;370;;49;91;346;445
EXP3;CEP55-3;16;13;35,34;7;12;MORE_THAN_TWO_DAUGHTER_TRACKS;MORE_THAN_TWO_DAUGHTER_TRACKS;40;45;MORE_THAN_TWO_DAUGHTER_TRACKS;MORE_THAN_TWO_DAUGHTER_TRACKS;695;729;;;;-1;-1;-1;-1
EXP3;CEP55-3;17;11;27,25;-3;13;MORE_THAN_TWO_DAUGHTER_TRACKS;MORE_THAN_TWO_DAUGHTER_TRACKS;8;24;MORE_THAN_TWO_DAUGHTER_TRACKS;MORE_THAN_TWO_DAUGHTER_TRACKS;1570;505;;;;-1;-1;-1;-1
EXP3;CEP55-3;18;12;20,17;1;5;MORE_THAN_TWO_DAUGHTER_TRACKS;MORE_THAN_TWO_DAUGHTER_TRACKS;1;5;MORE_THAN_TWO_DAUGHTER_TRACKS;MORE_THAN_TWO_DAUGHTER_TRACKS;418;780;;;;-1;-1;-1;-1
EXP3;CEP55-3;1;86;191;-5;16;TOO_SHORT_CUT;TOO_SHORT_CUT;192;213;TOO_SHORT_CUT;TOO_SHORT_CUT;454;956;;;;-1;-1;-1;-1
EXP3;CEP55-3;2;38;186,180,178;3;11;MORE_THAN_TWO_DAUGHTER_TRACKS;MORE_THAN_TWO_DAUGHTER_TRACKS;194;202;MORE_THAN_TWO_DAUGHTER_TRACKS;MORE_THAN_TWO_DAUGHTER_TRACKS;543;352;;;;-1;-1;-1;-1
EXP3;CEP55-3;3;155;177;-3;13;20;24;185;201;208;212;485;759;70;110;;-1;-1;-1;-1
EXP3;CEP55-3;4;20;161;5;11;NO_MID_BODY_DETECTED;NO_MID_BODY_DETECTED;184;190;NO_MID_BODY_DETECTED;NO_MID_BODY_DETECTED;-1;-1;;;;-1;-1;-1;-1
EXP3;CEP55-3;5;0;159;9;11;20;44;184;186;195;219;333;430;90;330;;186;240;333;434
EXP3;CEP55-3;6;121;153;1;17;NO_CUT_DETECTED;NO_CUT_DETECTED;166;182;NO_CUT_DETECTED;NO_CUT_DETECTED;987;16;;;;-1;-1;-1;-1
EXP3;CEP55-3;7;4;146;-8;10;TOO_SHORT_CUT;TOO_SHORT_CUT;159;177;TOO_SHORT_CUT;TOO_SHORT_CUT;935;173;;;;-1;-1;-1;-1
EXP3;CEP55-3;8;37;141;4;9;17;21;169;174;182;186;251;144;80;120;;-1;-1;-1;-1
EXP3;CEP55-3;9;13;133;-11;14;TOO_SHORT_CUT;TOO_SHORT_CUT;140;165;TOO_SHORT_CUT;TOO_SHORT_CUT;637;591;;;;-1;-1;-1;-1
EXP3;CEP55-4;0;6;201;7;11;TOO_SHORT_CUT;TOO_SHORT_CUT;265;269;TOO_SHORT_CUT;TOO_SHORT_CUT;1288;220;;;;-1;-1;-1;-1
EXP3;CEP55-4;10;13;139;5;13;40;55;173;181;208;223;1015;646;270;420;;180;228;996;714
EXP3;CEP55-4;11;14;119;8;11;TOO_SHORT_CUT;TOO_SHORT_CUT;152;155;TOO_SHORT_CUT;TOO_SHORT_CUT;1081;913;;;;156;191;1065;939
EXP3;CEP55-4;12;8;118,116,115;5;11;MORE_THAN_TWO_DAUGHTER_TRACKS;MORE_THAN_TWO_DAUGHTER_TRACKS;146;152;MORE_THAN_TWO_DAUGHTER_TRACKS;MORE_THAN_TWO_DAUGHTER_TRACKS;656;653;;;;-1;-1;-1;-1
EXP3;CEP55-4;13;19;117;9;12;20;33;150;153;161;174;1274;778;80;210;;153;207;1259;793
EXP3;CEP55-4;14;10;90;8;11;85;90;121;124;198;203;1291;542;740;790;;124;210;1326;541
EXP3;CEP55-4;15;6;86;7;11;107;110;115;119;215;218;1239;282;960;990;;120;218;1253;305
EXP3;CEP55-4;16;5;57;8;11;37;40;91;94;120;123;286;346;260;290;;94;132;224;360
EXP3;CEP55-4;17;1;49,45;7;12;MORE_THAN_TWO_DAUGHTER_TRACKS;MORE_THAN_TWO_DAUGHTER_TRACKS;66;71;MORE_THAN_TWO_DAUGHTER_TRACKS;MORE_THAN_TWO_DAUGHTER_TRACKS;462;240;;;;71;127;501;174
EXP3;CEP55-4;18;16;48,39;-7;9;MORE_THAN_TWO_DAUGHTER_TRACKS;MORE_THAN_TWO_DAUGHTER_TRACKS;49;65;MORE_THAN_TWO_DAUGHTER_TRACKS;MORE_THAN_TWO_DAUGHTER_TRACKS;1436;838;;;;-1;-1;-1;-1
EXP3;CEP55-4;19;2;47;4;9;NEAR_BORDER;NEAR_BORDER;71;76;NEAR_BORDER;NEAR_BORDER;1580;172;;;;-1;-1;-1;-1
EXP3;CEP55-4;1;27;168;8;9;49;51;219;220;260;262;184;236;400;420;;-1;-1;-1;-1
EXP3;CEP55-4;20;37;44;2;10;NO_MID_BODY_DETECTED;NO_MID_BODY_DETECTED;62;70;NO_MID_BODY_DETECTED;NO_MID_BODY_DETECTED;-1;-1;;;;-1;-1;-1;-1
EXP3;CEP55-4;21;7;38;8;12;21;28;58;62;71;78;641;280;90;160;;62;79;729;287
EXP3;CEP55-4;22;13;25;8;11;TOO_SHORT_CUT;TOO_SHORT_CUT;31;34;TOO_SHORT_CUT;TOO_SHORT_CUT;896;794;;;;35;89;950;770
EXP3;CEP55-4;23;15;22;8;11;35;36;16;19;43;44;357;770;240;250;;19;59;334;757
EXP3;CEP55-4;24;17;20;9;11;48;50;9;11;48;50;552;856;370;390;;11;64;536;853
EXP3;CEP55-4;25;14;19;7;10;TOO_SHORT_CUT;TOO_SHORT_CUT;8;11;TOO_SHORT_CUT;TOO_SHORT_CUT;1108;719;;;;11;45;1101;720
EXP3;CEP55-4;2;5;163;9;11;19;22;211;213;221;224;296;403;80;110;;213;245;301;367
EXP3;CEP55-4;3;88;162;5;11;31;42;207;213;233;244;1496;172;200;310;;212;246;1448;260
EXP3;CEP55-4;4;25;159;4;11;TOO_SHORT_CUT;TOO_SHORT_CUT;203;210;TOO_SHORT_CUT;TOO_SHORT_CUT;872;843;;;;-1;-1;-1;-1
EXP3;CEP55-4;5;30;148;8;12;NO_MID_BODY_DETECTED;NO_MID_BODY_DETECTED;188;192;NO_MID_BODY_DETECTED;NO_MID_BODY_DETECTED;-1;-1;;;;-1;-1;-1;-1
EXP3;CEP55-4;6;45;146;8;11;NEAR_BORDER;NEAR_BORDER;185;188;NEAR_BORDER;NEAR_BORDER;596;129;;;;187;215;571;179
EXP3;CEP55-4;7;49;144;9;11;TOO_SHORT_CUT;TOO_SHORT_CUT;185;187;TOO_SHORT_CUT;TOO_SHORT_CUT;595;162;;;;-1;-1;-1;-1
EXP3;CEP55-4;8;17;142,141;10;12;MORE_THAN_TWO_DAUGHTER_TRACKS;MORE_THAN_TWO_DAUGHTER_TRACKS;183;185;MORE_THAN_TWO_DAUGHTER_TRACKS;MORE_THAN_TWO_DAUGHTER_TRACKS;528;815;;;;-1;-1;-1;-1
EXP3;CEP55-4;9;7;140;10;12;32;38;183;185;205;211;583;245;200;260;;185;226;645;346
EXP3;CEP55-5;0;54;280;0;5;TOO_SHORT_CUT;TOO_SHORT_CUT;263;268;TOO_SHORT_CUT;TOO_SHORT_CUT;715;743;;;;-1;-1;-1;-1
EXP3;CEP55-5;10;22;182;6;13;NO_MID_BODY_DETECTED;NO_MID_BODY_DETECTED;196;203;NO_MID_BODY_DETECTED;NO_MID_BODY_DETECTED;-1;-1;;;;-1;-1;-1;-1
EXP3;CEP55-5;11;54;178;6;10;TOO_SHORT_CUT;TOO_SHORT_CUT;196;200;TOO_SHORT_CUT;TOO_SHORT_CUT;829;871;;;;-1;-1;-1;-1
EXP3;CEP55-5;12;11;169,165;10;12;MORE_THAN_TWO_DAUGHTER_TRACKS;MORE_THAN_TWO_DAUGHTER_TRACKS;190;192;MORE_THAN_TWO_DAUGHTER_TRACKS;MORE_THAN_TWO_DAUGHTER_TRACKS;315;710;;;;192;264;348;714
EXP3;CEP55-5;13;20;163;11;12;29;38;190;191;208;217;1275;727;170;260;;-1;-1;-1;-1
EXP3;CEP55-5;14;8;157;9;11;TOO_SHORT_CUT;TOO_SHORT_CUT;182;184;TOO_SHORT_CUT;TOO_SHORT_CUT;1324;334;;;;-1;-1;-1;-1
EXP3;CEP55-5;15;46;139;-59;10;TOO_SHORT_CUT;TOO_SHORT_CUT;101;170;TOO_SHORT_CUT;TOO_SHORT_CUT;791;84;;;;-1;-1;-1;-1
EXP3;CEP55-5;16;5;124;9;13;TOO_SHORT_CUT;TOO_SHORT_CUT;146;150;TOO_SHORT_CUT;TOO_SHORT_CUT;265;78;;;;-1;-1;-1;-1
EXP3;CEP55-5;17;28;119;8;8;NEAR_BORDER;NEAR_BORDER;144;144;NEAR_BORDER;NEAR_BORDER;1586;257;;;;-1;-1;-1;-1
EXP3;CEP55-5;18;14;116,114;9;18;MORE_THAN_TWO_DAUGHTER_TRACKS;MORE_THAN_TWO_DAUGHTER_TRACKS;131;140;MORE_THAN_TWO_DAUGHTER_TRACKS;MORE_THAN_TWO_DAUGHTER_TRACKS;216;298;;;;-1;-1;-1;-1
EXP3;CEP55-5;19;7;113;11;16;TOO_SHORT_CUT;TOO_SHORT_CUT;135;140;TOO_SHORT_CUT;TOO_SHORT_CUT;721;460;;;;-1;-1;-1;-1
EXP3;CEP55-5;1;100;275;8;19;TOO_SHORT_CUT;TOO_SHORT_CUT;255;266;TOO_SHORT_CUT;TOO_SHORT_CUT;1324;37;;;;-1;-1;-1;-1
EXP3;CEP55-5;20;103;112;7;12;TOO_SHORT_CUT;TOO_SHORT_CUT;135;140;TOO_SHORT_CUT;TOO_SHORT_CUT;546;374;;;;-1;-1;-1;-1
EXP3;CEP55-5;21;36;104;7;11;27;27;127;131;147;147;622;678;160;160;;131;149;634;725
EXP3;CEP55-5;22;7;101,97;-6;11;MORE_THAN_TWO_DAUGHTER_TRACKS;MORE_THAN_TWO_DAUGHTER_TRACKS;107;124;MORE_THAN_TWO_DAUGHTER_TRACKS;MORE_THAN_TWO_DAUGHTER_TRACKS;665;289;;;;-1;-1;-1;-1
EXP3;CEP55-5;23;43;100;7;12;TOO_SHORT_CUT;TOO_SHORT_CUT;122;127;TOO_SHORT_CUT;TOO_SHORT_CUT;1232;74;;;;127;185;1241;110
EXP3;CEP55-5;24;2;96;7;12;TOO_SHORT_CUT;TOO_SHORT_CUT;119;124;TOO_SHORT_CUT;TOO_SHORT_CUT;1434;349;;;;124;180;1506;247
EXP3;CEP55-5;25;17;91;8;12;21;22;109;113;122;123;796;553;90;100;;113;123;769;634
EXP3;CEP55-5;26;26;87;8;11;TOO_SHORT_CUT;TOO_SHORT_CUT;102;105;TOO_SHORT_CUT;TOO_SHORT_CUT;1322;71;;;;105;158;1342;115
EXP3;CEP55-5;27;14;82,74;2;12;MORE_THAN_TWO_DAUGHTER_TRACKS;MORE_THAN_TWO_DAUGHTER_TRACKS;78;88;MORE_THAN_TWO_DAUGHTER_TRACKS;MORE_THAN_TWO_DAUGHTER_TRACKS;255;202;;;;87;193;254;203
EXP3;CEP55-5;28;50;73,72;7;12;MORE_THAN_TWO_DAUGHTER_TRACKS;MORE_THAN_TWO_DAUGHTER_TRACKS;82;87;MORE_THAN_TWO_DAUGHTER_TRACKS;MORE_THAN_TWO_DAUGHTER_TRACKS;6;95;;;;-1;-1;-1;-1
EXP3;CEP55-5;29;12;59;2;11;NO_CUT_DETECTED;NO_CUT_DETECTED;63;72;NO_CUT_DETECTED;NO_CUT_DETECTED;1015;601;;;;72;134;1016;599
EXP3;CEP55-5;2;87;266;8;12;TOO_SHORT_CUT;TOO_SHORT_CUT;254;258;TOO_SHORT_CUT;TOO_SHORT_CUT;1344;180;;;;-1;-1;-1;-1
EXP3;CEP55-5;30;20;54;8;10;30;44;64;66;86;100;1139;738;200;340;;67;106;1109;734
EXP3;CEP55-5;31;16;53;7;10;TOO_SHORT_CUT;TOO_SHORT_CUT;63;66;TOO_SHORT_CUT;TOO_SHORT_CUT;1389;523;;;;67;117;1441;504
EXP3;CEP55-5;32;24;35;7;11;NEAR_BORDER;NEAR_BORDER;25;29;NEAR_BORDER;NEAR_BORDER;181;1080;;;;-1;-1;-1;-1
EXP3;CEP55-5;33;8;28;8;10;34;NO_CUT_DETECTED;8;10;34;NO_CUT_DETECTED;1528;315;240;;;-1;-1;-1;-1
EXP3;CEP55-5;3;155;237,236;11;15;MORE_THAN_TWO_DAUGHTER_TRACKS;MORE_THAN_TWO_DAUGHTER_TRACKS;235;239;MORE_THAN_TWO_DAUGHTER_TRACKS;MORE_THAN_TWO_DAUGHTER_TRACKS;147;25;;;;-1;-1;-1;-1
EXP3;CEP55-5;4;53;226,222;2;12;MORE_THAN_TWO_DAUGHTER_TRACKS;MORE_THAN_TWO_DAUGHTER_TRACKS;217;227;MORE_THAN_TWO_DAUGHTER_TRACKS;MORE_THAN_TWO_DAUGHTER_TRACKS;1416;467;;;;-1;-1;-1;-1
EXP3;CEP55-5;5;82;212;6;20;TOO_SHORT_CUT;TOO_SHORT_CUT;206;220;TOO_SHORT_CUT;TOO_SHORT_CUT;116;393;;;;-1;-1;-1;-1
EXP3;CEP55-5;6;24;202,2;10;18;MORE_THAN_TWO_DAUGHTER_TRACKS;MORE_THAN_TWO_DAUGHTER_TRACKS;206;214;MORE_THAN_TWO_DAUGHTER_TRACKS;MORE_THAN_TWO_DAUGHTER_TRACKS;198;1030;;;;-1;-1;-1;-1
EXP3;CEP55-5;7;174;194;11;13;TOO_SHORT_CUT;TOO_SHORT_CUT;209;211;TOO_SHORT_CUT;TOO_SHORT_CUT;131;351;;;;-1;-1;-1;-1
EXP3;CEP55-5;8;35;191,183;-6;5;MORE_THAN_TWO_DAUGHTER_TRACKS;MORE_THAN_TWO_DAUGHTER_TRACKS;192;203;MORE_THAN_TWO_DAUGHTER_TRACKS;MORE_THAN_TWO_DAUGHTER_TRACKS;198;1030;;;;-1;-1;-1;-1
EXP3;CEP55-5;9;130;189;8;12;TOO_SHORT_CUT;TOO_SHORT_CUT;205;209;TOO_SHORT_CUT;TOO_SHORT_CUT;186;344;;;;-1;-1;-1;-1
EXP3;CEP55-6;0;152;378;2;12;TOO_SHORT_CUT;TOO_SHORT_CUT;261;271;TOO_SHORT_CUT;TOO_SHORT_CUT;1227;888;;;;-1;-1;-1;-1
EXP3;CEP55-6;10;24;250;-16;15;24;24;160;191;200;200;504;738;90;90;;-1;-1;-1;-1
EXP3;CEP55-6;11;197;245,239;6;13;MORE_THAN_TWO_DAUGHTER_TRACKS;MORE_THAN_TWO_DAUGHTER_TRACKS;178;185;MORE_THAN_TWO_DAUGHTER_TRACKS;MORE_THAN_TWO_DAUGHTER_TRACKS;-1;-1;;;;-1;-1;-1;-1
EXP3;CEP55-6;12;15;243;9;11;NEAR_BORDER;NEAR_BORDER;184;186;NEAR_BORDER;NEAR_BORDER;136;1047;;;;186;227;130;1028
EXP3;CEP55-6;13;51;237;3;11;34;35;175;183;206;207;331;693;230;240;;183;206;333;692
EXP3;CEP55-6;14;3;234;7;12;70;106;178;183;241;277;968;59;580;940;;-1;-1;-1;-1
EXP3;CEP55-6;15;53;232;8;12;46;47;178;182;216;217;761;262;340;350;;182;233;761;261
EXP3;CEP55-6;16;7;224;4;12;38;39;168;176;202;203;435;406;260;270;;-1;-1;-1;-1
EXP3;CEP55-6;17;2;178,177;4;12;MORE_THAN_TWO_DAUGHTER_TRACKS;MORE_THAN_TWO_DAUGHTER_TRACKS;134;142;MORE_THAN_TWO_DAUGHTER_TRACKS;MORE_THAN_TWO_DAUGHTER_TRACKS;1501;160;;;;-1;-1;-1;-1
EXP3;CEP55-6;18;154;169;2;9;NO_MID_BODY_DETECTED;NO_MID_BODY_DETECTED;125;132;NO_MID_BODY_DETECTED;NO_MID_BODY_DETECTED;-1;-1;;;;-1;-1;-1;-1
EXP3;CEP55-6;19;11;142;5;12;51;53;106;113;152;154;1419;802;390;410;;113;157;1414;805
EXP3;CEP55-6;1;244;372;-12;12;TOO_SHORT_CUT;TOO_SHORT_CUT;244;268;TOO_SHORT_CUT;TOO_SHORT_CUT;1401;1006;;;;-1;-1;-1;-1
EXP3;CEP55-6;20;121;135;6;11;TOO_SHORT_CUT;TOO_SHORT_CUT;104;109;TOO_SHORT_CUT;TOO_SHORT_CUT;1012;634;;;;-1;-1;-1;-1
EXP3;CEP55-6;21;112;121,115;2;2;MORE_THAN_TWO_DAUGHTER_TRACKS;MORE_THAN_TWO_DAUGHTER_TRACKS;91;91;MORE_THAN_TWO_DAUGHTER_TRACKS;MORE_THAN_TWO_DAUGHTER_TRACKS;865;721;;;;-1;-1;-1;-1
EXP3;CEP55-6;22;14;113,112;7;10;MORE_THAN_TWO_DAUGHTER_TRACKS;MORE_THAN_TWO_DAUGHTER_TRACKS;87;90;MORE_THAN_TWO_DAUGHTER_TRACKS;MORE_THAN_TWO_DAUGHTER_TRACKS;-1;-1;;;;-1;-1;-1;-1
EXP3;CEP55-6;23;12;108,104,103;7;11;MORE_THAN_TWO_DAUGHTER_TRACKS;MORE_THAN_TWO_DAUGHTER_TRACKS;81;85;MORE_THAN_TWO_DAUGHTER_TRACKS;MORE_THAN_TWO_DAUGHTER_TRACKS;642;927;;;;-1;-1;-1;-1
EXP3;CEP55-6;24;23;90;8;17;NEAR_BORDER;NEAR_BORDER;65;74;NEAR_BORDER;NEAR_BORDER;1375;1086;;;;-1;-1;-1;-1
EXP3;CEP55-6;25;1;57,56;6;11;MORE_THAN_TWO_DAUGHTER_TRACKS;MORE_THAN_TWO_DAUGHTER_TRACKS;46;51;MORE_THAN_TWO_DAUGHTER_TRACKS;MORE_THAN_TWO_DAUGHTER_TRACKS;866;73;;;;-1;-1;-1;-1
EXP3;CEP55-6;26;3;53;7;11;65;78;43;47;101;114;771;326;540;670;;47;102;823;296
EXP3;CEP55-6;27;7;51;8;11;74;78;42;45;108;112;446;483;630;670;;45;116;460;505
EXP3;CEP55-6;28;5;50;3;10;TOO_SHORT_CUT;TOO_SHORT_CUT;38;45;TOO_SHORT_CUT;TOO_SHORT_CUT;286;383;;;;45;76;290;372
EXP3;CEP55-6;29;15;47;7;11;21;23;38;42;52;54;231;811;100;120;;-1;-1;-1;-1
EXP3;CEP55-6;2;135;362;-7;10;TOO_SHORT_CUT;TOO_SHORT_CUT;246;263;TOO_SHORT_CUT;TOO_SHORT_CUT;1299;471;;;;-1;-1;-1;-1
EXP3;CEP55-6;30;0;27;8;8;NO_MID_BODY_DETECTED;NO_MID_BODY_DETECTED;20;20;NO_MID_BODY_DETECTED;NO_MID_BODY_DETECTED;-1;-1;;;;-1;-1;-1;-1
EXP3;CEP55-6;3;159;344;2;15;NEAR_BORDER;NEAR_BORDER;238;251;NEAR_BORDER;NEAR_BORDER;1283;1098;;;;-1;-1;-1;-1
EXP3;CEP55-6;4;11;331;2;12;TOO_SHORT_CUT;TOO_SHORT_CUT;236;246;TOO_SHORT_CUT;TOO_SHORT_CUT;1372;627;;;;-1;-1;-1;-1
EXP3;CEP55-6;5;103;301,295;-5;4;MORE_THAN_TWO_DAUGHTER_TRACKS;MORE_THAN_TWO_DAUGHTER_TRACKS;212;221;MORE_THAN_TWO_DAUGHTER_TRACKS;MORE_THAN_TWO_DAUGHTER_TRACKS;-1;-1;;;;-1;-1;-1;-1
EXP3;CEP55-6;6;57;288;4;10;NEAR_BORDER;NEAR_BORDER;213;219;NEAR_BORDER;NEAR_BORDER;982;27;;;;-1;-1;-1;-1
EXP3;CEP55-6;7;5;284;-5;11;TOO_SHORT_CUT;TOO_SHORT_CUT;200;216;TOO_SHORT_CUT;TOO_SHORT_CUT;342;316;;;;216;236;347;294
EXP3;CEP55-6;8;79;261;6;10;NO_CUT_DETECTED;NO_CUT_DETECTED;192;196;NO_CUT_DETECTED;NO_CUT_DETECTED;181;540;;;;-1;-1;-1;-1
EXP3;CEP55-6;9;212;260;7;14;NO_MID_BODY_DETECTED;NO_MID_BODY_DETECTED;189;196;NO_MID_BODY_DETECTED;NO_MID_BODY_DETECTED;-1;-1;;;;-1;-1;-1;-1
EXP3;CEP55-7;0;4;233;5;5;NO_MID_BODY_DETECTED;NO_MID_BODY_DETECTED;265;265;NO_MID_BODY_DETECTED;NO_MID_BODY_DETECTED;-1;-1;;;;-1;-1;-1;-1
EXP3;CEP55-7;10;12;158,157;7;12;MORE_THAN_TWO_DAUGHTER_TRACKS;MORE_THAN_TWO_DAUGHTER_TRACKS;179;184;MORE_THAN_TWO_DAUGHTER_TRACKS;MORE_THAN_TWO_DAUGHTER_TRACKS;361;627;;;;-1;-1;-1;-1
EXP3;CEP55-7;11;20;147;6;12;NO_MID_BODY_DETECTED;NO_MID_BODY_DETECTED;168;174;NO_MID_BODY_DETECTED;NO_MID_BODY_DETECTED;-1;-1;;;;-1;-1;-1;-1
EXP3;CEP55-7;12;7;144;7;11;17;NO_CUT_DETECTED;167;171;177;NO_CUT_DETECTED;289;258;60;;;171;186;290;256
EXP3;CEP55-7;13;13;141;7;11;32;33;163;167;188;189;741;869;210;220;;167;188;727;873
EXP3;CEP55-7;14;101;139;8;11;NO_CUT_DETECTED;NO_CUT_DETECTED;159;162;NO_CUT_DETECTED;NO_CUT_DETECTED;1319;1042;;;;162;190;1342;1034
EXP3;CEP55-7;15;14;120;-5;11;NO_CUT_DETECTED;NO_CUT_DETECTED;122;138;NO_CUT_DETECTED;NO_CUT_DETECTED;501;979;;;;-1;-1;-1;-1
EXP3;CEP55-7;16;15;96;6;11;60;91;108;113;162;193;791;1019;490;800;;113;193;782;1000
EXP3;CEP55-7;17;5;85;5;13;TOO_SHORT_CUT;TOO_SHORT_CUT;82;90;TOO_SHORT_CUT;TOO_SHORT_CUT;676;315;;;;88;97;662;300
EXP3;CEP55-7;18;10;80,79;10;11;MORE_THAN_TWO_DAUGHTER_TRACKS;MORE_THAN_TWO_DAUGHTER_TRACKS;84;85;MORE_THAN_TWO_DAUGHTER_TRACKS;MORE_THAN_TWO_DAUGHTER_TRACKS;707;524;;;;-1;-1;-1;-1
EXP3;CEP55-7;19;4;78,77;4;9;MORE_THAN_TWO_DAUGHTER_TRACKS;MORE_THAN_TWO_DAUGHTER_TRACKS;80;85;MORE_THAN_TWO_DAUGHTER_TRACKS;MORE_THAN_TWO_DAUGHTER_TRACKS;950;156;;;;-1;-1;-1;-1
EXP3;CEP55-7;1;78;229;-26;15;TOO_SHORT_CUT;TOO_SHORT_CUT;220;261;TOO_SHORT_CUT;TOO_SHORT_CUT;820;323;;;;-1;-1;-1;-1
EXP3;CEP55-7;20;13;40;8;11;TOO_SHORT_CUT;TOO_SHORT_CUT;36;39;TOO_SHORT_CUT;TOO_SHORT_CUT;1003;887;;;;39;69;1023;834
EXP3;CEP55-7;21;32;36;2;5;NEAR_BORDER;NEAR_BORDER;29;32;NEAR_BORDER;NEAR_BORDER;1033;984;;;;-1;-1;-1;-1
EXP3;CEP55-7;22;12;20;4;9;15;32;4;9;15;32;445;589;60;230;;-1;-1;-1;-1
EXP3;CEP55-7;2;10;222,221;0;15;MORE_THAN_TWO_DAUGHTER_TRACKS;MORE_THAN_TWO_DAUGHTER_TRACKS;240;255;MORE_THAN_TWO_DAUGHTER_TRACKS;MORE_THAN_TWO_DAUGHTER_TRACKS;-1;-1;;;;-1;-1;-1;-1
EXP3;CEP55-7;3;185;217;-7;3;NO_MID_BODY_DETECTED;NO_MID_BODY_DETECTED;242;252;NO_MID_BODY_DETECTED;NO_MID_BODY_DETECTED;-1;-1;;;;-1;-1;-1;-1
EXP3;CEP55-7;4;161;197;4;12;NO_MID_BODY_DETECTED;NO_MID_BODY_DETECTED;223;231;NO_MID_BODY_DETECTED;NO_MID_BODY_DETECTED;-1;-1;;;;-1;-1;-1;-1
EXP3;CEP55-7;5;79;186;4;11;28;32;211;218;235;239;652;496;170;210;;218;249;646;425
EXP3;CEP55-7;6;75;185;6;11;TOO_SHORT_CUT;TOO_SHORT_CUT;213;218;TOO_SHORT_CUT;TOO_SHORT_CUT;813;122;;;;-1;-1;-1;-1
EXP3;CEP55-7;7;66;174;8;11;25;27;200;203;217;219;1458;469;140;160;;203;224;1443;437
EXP3;CEP55-7;8;126;165;9;14;NEAR_BORDER;NEAR_BORDER;185;190;NEAR_BORDER;NEAR_BORDER;435;13;;;;-1;-1;-1;-1
EXP3;CEP55-7;9;131;164;9;20;NO_MID_BODY_DETECTED;NO_MID_BODY_DETECTED;178;189;NO_MID_BODY_DETECTED;NO_MID_BODY_DETECTED;-1;-1;;;;-1;-1;-1;-1
EXP3;CEP55-8;0;176;342;3;3;NO_MID_BODY_DETECTED;NO_MID_BODY_DETECTED;260;260;NO_MID_BODY_DETECTED;NO_MID_BODY_DETECTED;-1;-1;;;;-1;-1;-1;-1
EXP3;CEP55-8;10;75;243;-1;15;TOO_SHORT_CUT;TOO_SHORT_CUT;182;198;TOO_SHORT_CUT;TOO_SHORT_CUT;875;889;;;;-1;-1;-1;-1
EXP3;CEP55-8;11;71;239;0;11;35;45;185;196;220;230;717;862;240;340;;196;231;720;846
EXP3;CEP55-8;12;10;236;5;12;TOO_SHORT_CUT;TOO_SHORT_CUT;186;193;TOO_SHORT_CUT;TOO_SHORT_CUT;1385;943;;;;-1;-1;-1;-1
EXP3;CEP55-8;13;6;231;8;12;19;21;184;188;195;197;140;544;70;90;;188;201;165;560
EXP3;CEP55-8;14;0;229;7;19;TOO_SHORT_CUT;TOO_SHORT_CUT;176;188;TOO_SHORT_CUT;TOO_SHORT_CUT;831;136;;;;-1;-1;-1;-1
EXP3;CEP55-8;15;2;225,215;6;10;MORE_THAN_TWO_DAUGHTER_TRACKS;MORE_THAN_TWO_DAUGHTER_TRACKS;173;177;MORE_THAN_TWO_DAUGHTER_TRACKS;MORE_THAN_TWO_DAUGHTER_TRACKS;544;252;;;;177;191;556;224
EXP3;CEP55-8;16;3;154,152,151,150,149;4;14;MORE_THAN_TWO_DAUGHTER_TRACKS;MORE_THAN_TWO_DAUGHTER_TRACKS;123;133;MORE_THAN_TWO_DAUGHTER_TRACKS;MORE_THAN_TWO_DAUGHTER_TRACKS;817;489;;;;-1;-1;-1;-1
EXP3;CEP55-8;17;55;140,139;7;13;MORE_THAN_TWO_DAUGHTER_TRACKS;MORE_THAN_TWO_DAUGHTER_TRACKS;117;123;MORE_THAN_TWO_DAUGHTER_TRACKS;MORE_THAN_TWO_DAUGHTER_TRACKS;1519;610;;;;-1;-1;-1;-1
EXP3;CEP55-8;18;10;73;-5;11;TOO_SHORT_CUT;TOO_SHORT_CUT;52;68;TOO_SHORT_CUT;TOO_SHORT_CUT;1420;839;;;;68;77;1415;830
EXP3;CEP55-8;19;6;60;7;11;28;32;49;53;70;74;45;545;170;210;;-1;-1;-1;-1
EXP3;CEP55-8;1;85;316;10;12;TOO_SHORT_CUT;TOO_SHORT_CUT;240;242;TOO_SHORT_CUT;TOO_SHORT_CUT;183;133;;;;242;255;180;158
EXP3;CEP55-8;20;48;59,58;9;11;MORE_THAN_TWO_DAUGHTER_TRACKS;MORE_THAN_TWO_DAUGHTER_TRACKS;50;52;MORE_THAN_TWO_DAUGHTER_TRACKS;MORE_THAN_TWO_DAUGHTER_TRACKS;780;1098;;;;-1;-1;-1;-1
EXP3;CEP55-8;21;0;50;7;10;NO_CUT_DETECTED;NO_CUT_DETECTED;35;38;NO_CUT_DETECTED;NO_CUT_DETECTED;855;126;;;;38;77;810;90
EXP3;CEP55-8;22;2;46;4;12;36;47;27;35;59;70;560;429;240;350;;-1;-1;-1;-1
EXP3;CEP55-8;23;4;41;7;10;25;27;28;31;46;48;276;531;150;170;;31;47;320;444
EXP3;CEP55-8;24;30;32;2;2;NO_CUT_DETECTED;NO_CUT_DETECTED;22;22;NO_CUT_DETECTED;NO_CUT_DETECTED;1232;662;;;;-1;-1;-1;-1
EXP3;CEP55-8;25;7;30;6;11;NO_MID_BODY_DETECTED;NO_MID_BODY_DETECTED;16;21;NO_MID_BODY_DETECTED;NO_MID_BODY_DETECTED;-1;-1;;;;-1;-1;-1;-1
EXP3;CEP55-8;26;14;23;4;10;NO_MID_BODY_DETECTED;NO_MID_BODY_DETECTED;4;10;NO_MID_BODY_DETECTED;NO_MID_BODY_DETECTED;-1;-1;;;;-1;-1;-1;-1
EXP3;CEP55-8;27;15;21;2;8;NO_CUT_DETECTED;NO_CUT_DETECTED;2;8;NO_CUT_DETECTED;NO_CUT_DETECTED;1524;1091;;;;-1;-1;-1;-1
EXP3;CEP55-8;2;1;311;9;11;24;41;237;239;252;269;37;394;130;300;;-1;-1;-1;-1
EXP3;CEP55-8;3;41;301;5;12;26;NO_CUT_DETECTED;225;232;246;NO_CUT_DETECTED;282;359;140;;;231;272;307;292
EXP3;CEP55-8;4;273;290;3;11;NO_MID_BODY_DETECTED;NO_MID_BODY_DETECTED;216;224;NO_MID_BODY_DETECTED;NO_MID_BODY_DETECTED;-1;-1;;;;-1;-1;-1;-1
EXP3;CEP55-8;5;23;280;6;11;70;71;213;218;277;278;519;943;590;600;;218;278;523;941
EXP3;CEP55-8;6;101;273;9;9;NO_MID_BODY_DETECTED;NO_MID_BODY_DETECTED;214;214;NO_MID_BODY_DETECTED;NO_MID_BODY_DETECTED;-1;-1;;;;-1;-1;-1;-1
EXP3;CEP55-8;7;83;271;6;12;TOO_SHORT_CUT;TOO_SHORT_CUT;207;213;TOO_SHORT_CUT;TOO_SHORT_CUT;66;1029;;;;212;228;60;1015
EXP3;CEP55-8;8;4;263;9;11;27;28;209;211;227;228;234;539;160;170;;211;229;277;516
EXP3;CEP55-8;9;60;253;-1;11;NEAR_BORDER;NEAR_BORDER;191;203;NEAR_BORDER;NEAR_BORDER;14;402;;;;203;223;30;400
EXP3;CEP55-9;0;150;248;8;12;TOO_SHORT_CUT;TOO_SHORT_CUT;267;271;TOO_SHORT_CUT;TOO_SHORT_CUT;111;763;;;;-1;-1;-1;-1
EXP3;CEP55-9;10;2;133;-1;11;TOO_SHORT_CUT;TOO_SHORT_CUT;143;155;TOO_SHORT_CUT;TOO_SHORT_CUT;1555;62;;;;155;254;1556;55
EXP3;CEP55-9;11;12;117;-6;11;69;103;114;131;189;223;727;972;580;920;;131;228;690;970
EXP3;CEP55-9;12;37;111;-1;13;NEAR_BORDER;NEAR_BORDER;110;124;NEAR_BORDER;NEAR_BORDER;573;1073;;;;-1;-1;-1;-1
EXP3;CEP55-9;13;1;81,79;-2;13;MORE_THAN_TWO_DAUGHTER_TRACKS;MORE_THAN_TWO_DAUGHTER_TRACKS;71;86;MORE_THAN_TWO_DAUGHTER_TRACKS;MORE_THAN_TWO_DAUGHTER_TRACKS;793;330;;;;-1;-1;-1;-1
EXP3;CEP55-9;14;23;77;6;12;31;34;76;82;101;104;1378;369;190;220;;82;107;1380;370
EXP3;CEP55-9;15;7;73,68,65;6;11;MORE_THAN_TWO_DAUGHTER_TRACKS;MORE_THAN_TWO_DAUGHTER_TRACKS;61;66;MORE_THAN_TWO_DAUGHTER_TRACKS;MORE_THAN_TWO_DAUGHTER_TRACKS;736;343;;;;-1;-1;-1;-1
EXP3;CEP55-9;16;49;71;-6;10;55;70;55;71;116;131;1250;670;450;600;;-1;-1;-1;-1
EXP3;CEP55-9;17;11;63;7;11;NO_MID_BODY_DETECTED;NO_MID_BODY_DETECTED;60;64;NO_MID_BODY_DETECTED;NO_MID_BODY_DETECTED;-1;-1;;;;-1;-1;-1;-1
EXP3;CEP55-9;18;9;61;9;12;33;34;56;59;80;81;766;681;210;220;;-1;-1;-1;-1
EXP3;CEP55-9;19;14;60;5;13;TOO_SHORT_CUT;TOO_SHORT_CUT;49;57;TOO_SHORT_CUT;TOO_SHORT_CUT;945;1014;;;;-1;-1;-1;-1
EXP3;CEP55-9;1;85;222,22;11;18;MORE_THAN_TWO_DAUGHTER_TRACKS;MORE_THAN_TWO_DAUGHTER_TRACKS;229;236;MORE_THAN_TWO_DAUGHTER_TRACKS;MORE_THAN_TWO_DAUGHTER_TRACKS;1387;46;;;;-1;-1;-1;-1
EXP3;CEP55-9;20;8;57,56;8;14;MORE_THAN_TWO_DAUGHTER_TRACKS;MORE_THAN_TWO_DAUGHTER_TRACKS;48;54;MORE_THAN_TWO_DAUGHTER_TRACKS;MORE_THAN_TWO_DAUGHTER_TRACKS;993;737;;;;-1;-1;-1;-1
EXP3;CEP55-9;2;31;188;6;11;TOO_SHORT_CUT;TOO_SHORT_CUT;201;206;TOO_SHORT_CUT;TOO_SHORT_CUT;1133;69;;;;206;228;1116;96
EXP3;CEP55-9;3;9;183,176;9;11;MORE_THAN_TWO_DAUGHTER_TRACKS;MORE_THAN_TWO_DAUGHTER_TRACKS;190;192;MORE_THAN_TWO_DAUGHTER_TRACKS;MORE_THAN_TWO_DAUGHTER_TRACKS;512;568;;;;192;218;595;566
EXP3;CEP55-9;4;7;181;11;15;26;28;191;195;206;208;717;354;110;130;;-1;-1;-1;-1
EXP3;CEP55-9;5;152;175;9;11;TOO_SHORT_CUT;TOO_SHORT_CUT;190;192;TOO_SHORT_CUT;TOO_SHORT_CUT;719;430;;;;-1;-1;-1;-1
EXP3;CEP55-9;6;61;167;7;11;TOO_SHORT_CUT;TOO_SHORT_CUT;183;187;TOO_SHORT_CUT;TOO_SHORT_CUT;758;756;;;;187;225;746;720
EXP3;CEP55-9;7;56;165;10;12;TOO_SHORT_CUT;TOO_SHORT_CUT;182;184;TOO_SHORT_CUT;TOO_SHORT_CUT;1144;765;;;;184;216;1147;775
EXP3;CEP55-9;8;63;163;9;12;39;43;178;181;208;212;927;778;270;310;;181;225;920;705
EXP3;CEP55-9;9;124;147;3;20;NO_CUT_DETECTED;NO_CUT_DETECTED;150;167;NO_CUT_DETECTED;NO_CUT_DETECTED;16;572;;;;-1;-1;-1;-1
EXP3;Control-10;0;3;329,325;-81;3;MORE_THAN_TWO_DAUGHTER_TRACKS;MORE_THAN_TWO_DAUGHTER_TRACKS;183;267;MORE_THAN_TWO_DAUGHTER_TRACKS;MORE_THAN_TWO_DAUGHTER_TRACKS;-1;-1;;;;-1;-1;-1;-1
EXP3;Control-10;10;206;209;2;4;TOO_SHORT_CUT;TOO_SHORT_CUT;181;183;TOO_SHORT_CUT;TOO_SHORT_CUT;338;726;;;;-1;-1;-1;-1
EXP3;Control-10;11;74;164;8;11;22;24;144;147;158;160;1354;1029;110;130;;-1;-1;-1;-1
EXP3;Control-10;12;10;124;8;12;28;28;116;120;136;136;1336;603;160;160;;-1;-1;-1;-1
EXP3;Control-10;13;29;106;10;11;22;22;102;103;114;114;1390;316;110;110;;104;114;1377;312
EXP3;Control-10;14;1;105;9;12;22;23;98;101;111;112;510;170;100;110;;101;112;535;198
EXP3;Control-10;15;52;99;11;13;TOO_SHORT_CUT;TOO_SHORT_CUT;92;94;TOO_SHORT_CUT;TOO_SHORT_CUT;1343;1017;;;;-1;-1;-1;-1
EXP3;Control-10;16;8;97;9;12;23;24;90;93;104;105;1307;671;110;120;;93;106;1300;670
EXP3;Control-10;17;13;74;9;12;27;28;71;74;89;90;1184;920;150;160;;74;89;1145;920
EXP3;Control-10;18;6;73;2;13;TOO_SHORT_CUT;TOO_SHORT_CUT;63;74;TOO_SHORT_CUT;TOO_SHORT_CUT;615;681;;;;73;84;614;684
EXP3;Control-10;19;5;65;-1;11;20;22;53;65;74;76;461;508;90;110;;65;75;450;500
EXP3;Control-10;1;112;306;5;12;20;25;251;258;266;271;1319;803;80;130;;257;266;1296;807
EXP3;Control-10;20;3;62;2;11;22;23;51;60;71;72;125;462;110;120;;60;72;113;465
EXP3;Control-10;21;20;59;7;11;NO_CUT_DETECTED;NO_CUT_DETECTED;52;56;NO_CUT_DETECTED;NO_CUT_DETECTED;176;823;;;;55;72;80;893
EXP3;Control-10;22;15;55;7;11;28;30;46;50;67;69;266;845;170;190;;49;68;282;900
EXP3;Control-10;23;4;46;9;11;28;30;36;38;55;57;992;359;170;190;;38;55;994;405
EXP3;Control-10;24;7;44;8;12;28;32;32;36;52;56;856;754;160;200;;-1;-1;-1;-1
EXP3;Control-10;2;115;303;3;11;18;19;247;255;262;263;1231;678;70;80;;255;262;1230;668
EXP3;Control-10;3;276;298;5;15;TOO_SHORT_CUT;TOO_SHORT_CUT;242;252;TOO_SHORT_CUT;TOO_SHORT_CUT;234;152;;;;-1;-1;-1;-1
EXP3;Control-10;4;1;270;11;12;20;22;231;232;240;242;523;178;80;100;;231;241;520;190
EXP3;Control-10;5;6;267;10;16;TOO_SHORT_CUT;TOO_SHORT_CUT;225;231;TOO_SHORT_CUT;TOO_SHORT_CUT;370;249;;;;-1;-1;-1;-1
EXP3;Control-10;6;219;256;5;12;TOO_SHORT_CUT;TOO_SHORT_CUT;214;221;TOO_SHORT_CUT;TOO_SHORT_CUT;684;80;;;;221;231;765;80
EXP3;Control-10;7;79;236;9;12;NO_MID_BODY_DETECTED;NO_MID_BODY_DETECTED;200;203;NO_MID_BODY_DETECTED;NO_MID_BODY_DETECTED;-1;-1;;;;-1;-1;-1;-1
EXP3;Control-10;8;93;234;5;13;NEAR_BORDER;NEAR_BORDER;193;201;NEAR_BORDER;NEAR_BORDER;268;1078;;;;-1;-1;-1;-1
EXP3;Control-10;9;209;228,223;2;13;MORE_THAN_TWO_DAUGHTER_TRACKS;MORE_THAN_TWO_DAUGHTER_TRACKS;184;195;MORE_THAN_TWO_DAUGHTER_TRACKS;MORE_THAN_TWO_DAUGHTER_TRACKS;379;699;;;;-1;-1;-1;-1
EXP3;Control-1;0;16;243,241;10;10;MORE_THAN_TWO_DAUGHTER_TRACKS;MORE_THAN_TWO_DAUGHTER_TRACKS;228;228;MORE_THAN_TWO_DAUGHTER_TRACKS;MORE_THAN_TWO_DAUGHTER_TRACKS;263;724;;;;230;241;246;686
EXP3;Control-1;10;19;178;8;11;22;24;171;174;185;187;1344;987;110;130;;175;186;1344;1005
EXP3;Control-1;11;21;173;7;11;21;24;165;169;179;182;1288;205;100;130;;170;180;1244;218
EXP3;Control-1;12;10;167;4;12;TOO_SHORT_CUT;TOO_SHORT_CUT;158;166;TOO_SHORT_CUT;TOO_SHORT_CUT;738;457;;;;166;177;723;451
EXP3;Control-1;13;8;165;7;11;TOO_SHORT_CUT;TOO_SHORT_CUT;160;164;TOO_SHORT_CUT;TOO_SHORT_CUT;844;358;;;;-1;-1;-1;-1
EXP3;Control-1;14;36;149;8;12;TOO_SHORT_CUT;TOO_SHORT_CUT;145;149;TOO_SHORT_CUT;TOO_SHORT_CUT;209;1025;;;;-1;-1;-1;-1
EXP3;Control-1;15;14;146;7;11;21;22;143;147;157;158;1156;564;100;110;;147;159;1137;526
EXP3;Control-1;16;115;132;9;11;19;22;131;133;141;144;735;832;80;110;;-1;-1;-1;-1
EXP3;Control-1;17;13;124;8;11;25;26;125;128;142;143;640;846;140;150;;-1;-1;-1;-1
EXP3;Control-1;18;96;101;4;6;12;17;108;110;116;121;116;506;60;110;;111;121;133;495
EXP3;Control-1;19;0;78;9;12;NO_CUT_DETECTED;NO_CUT_DETECTED;87;90;NO_CUT_DETECTED;NO_CUT_DETECTED;72;33;;;;90;115;45;77
EXP3;Control-1;1;208;242;11;19;TOO_SHORT_CUT;TOO_SHORT_CUT;221;229;TOO_SHORT_CUT;TOO_SHORT_CUT;343;154;;;;-1;-1;-1;-1
EXP3;Control-1;20;16;72;7;12;TOO_SHORT_CUT;TOO_SHORT_CUT;73;78;TOO_SHORT_CUT;TOO_SHORT_CUT;189;690;;;;78;89;189;690
EXP3;Control-1;21;9;71;9;12;23;25;75;78;89;91;411;493;110;130;;78;91;411;494
EXP3;Control-1;22;18;56;8;11;23;23;52;55;67;67;421;882;120;120;;55;67;421;883
EXP3;Control-1;23;12;55;7;11;TOO_SHORT_CUT;TOO_SHORT_CUT;51;55;TOO_SHORT_CUT;TOO_SHORT_CUT;687;587;;;;-1;-1;-1;-1
EXP3;Control-1;24;5;45;6;10;25;27;30;34;49;51;1298;456;150;170;;35;49;1292;454
EXP3;Control-1;25;8;21;1;2;17;18;1;2;17;18;1061;272;150;160;;3;19;1068;301
EXP3;Control-1;2;71;227;9;12;TOO_SHORT_CUT;TOO_SHORT_CUT;214;217;TOO_SHORT_CUT;TOO_SHORT_CUT;408;658;;;;217;226;435;634
EXP3;Control-1;3;158;222,217;10;11;MORE_THAN_TWO_DAUGHTER_TRACKS;MORE_THAN_TWO_DAUGHTER_TRACKS;210;211;MORE_THAN_TWO_DAUGHTER_TRACKS;MORE_THAN_TWO_DAUGHTER_TRACKS;255;141;;;;213;224;146;197
EXP3;Control-1;4;195;216,211,208,204;0;8;MORE_THAN_TWO_DAUGHTER_TRACKS;MORE_THAN_TWO_DAUGHTER_TRACKS;194;202;MORE_THAN_TWO_DAUGHTER_TRACKS;MORE_THAN_TWO_DAUGHTER_TRACKS;416;354;;;;-1;-1;-1;-1
EXP3;Control-1;5;132;206;9;12;TOO_SHORT_CUT;TOO_SHORT_CUT;199;202;TOO_SHORT_CUT;TOO_SHORT_CUT;881;794;;;;202;213;867;723
EXP3;Control-1;6;18;199;10;12;TOO_SHORT_CUT;TOO_SHORT_CUT;193;195;TOO_SHORT_CUT;TOO_SHORT_CUT;288;1013;;;;-1;-1;-1;-1
EXP3;Control-1;7;1;195;-57;15;TOO_SHORT_CUT;TOO_SHORT_CUT;118;190;TOO_SHORT_CUT;TOO_SHORT_CUT;267;224;;;;-1;-1;-1;-1
EXP3;Control-1;8;45;187,175;7;12;MORE_THAN_TWO_DAUGHTER_TRACKS;MORE_THAN_TWO_DAUGHTER_TRACKS;167;172;MORE_THAN_TWO_DAUGHTER_TRACKS;MORE_THAN_TWO_DAUGHTER_TRACKS;1491;503;;;;172;184;1503;496
EXP3;Control-1;9;55;184;8;11;18;18;175;178;185;185;618;757;70;70;;178;185;620;768
EXP3;Control-2;0;25;332;7;12;TOO_SHORT_CUT;TOO_SHORT_CUT;262;267;TOO_SHORT_CUT;TOO_SHORT_CUT;59;866;;;;267;280;57;866
EXP3;Control-2;10;2;188;9;12;29;30;171;174;191;192;1350;100;170;180;;175;192;1355;127
EXP3;Control-2;11;77;185;9;12;26;27;170;173;187;188;943;305;140;150;;-1;-1;-1;-1
EXP3;Control-2;12;29;182;10;12;22;25;169;171;181;184;1441;480;100;130;;171;183;1441;480
EXP3;Control-2;13;6;175;8;11;21;22;162;165;175;176;873;275;100;110;;166;176;949;307
EXP3;Control-2;14;4;171;7;11;NO_MID_BODY_DETECTED;NO_MID_BODY_DETECTED;155;159;NO_MID_BODY_DETECTED;NO_MID_BODY_DETECTED;-1;-1;;;;-1;-1;-1;-1
EXP3;Control-2;15;11;169;8;19;32;41;147;158;171;180;633;240;130;220;;159;172;633;242
EXP3;Control-2;16;22;167,165,154,153;-2;11;MORE_THAN_TWO_DAUGHTER_TRACKS;MORE_THAN_TWO_DAUGHTER_TRACKS;131;144;MORE_THAN_TWO_DAUGHTER_TRACKS;MORE_THAN_TWO_DAUGHTER_TRACKS;494;1025;;;;-1;-1;-1;-1
EXP3;Control-2;17;9;162;8;11;23;24;147;150;162;163;1049;403;120;130;;150;163;1090;455
EXP3;Control-2;18;8;156;10;12;22;26;143;145;155;159;617;501;100;140;;145;157;669;545
EXP3;Control-2;19;10;152;7;11;21;24;138;142;152;155;1169;682;100;130;;142;153;1188;651
EXP3;Control-2;1;13;331;3;12;TOO_SHORT_CUT;TOO_SHORT_CUT;258;267;TOO_SHORT_CUT;TOO_SHORT_CUT;373;579;;;;267;280;374;580
EXP3;Control-2;20;17;151;8;12;NO_MID_BODY_DETECTED;NO_MID_BODY_DETECTED;137;141;NO_MID_BODY_DETECTED;NO_MID_BODY_DETECTED;-1;-1;;;;-1;-1;-1;-1
EXP3;Control-2;21;35;148;-14;7;TOO_SHORT_CUT;TOO_SHORT_CUT;116;137;TOO_SHORT_CUT;TOO_SHORT_CUT;441;827;;;;-1;-1;-1;-1
EXP3;Control-2;22;15;142;10;12;TOO_SHORT_CUT;TOO_SHORT_CUT;124;126;TOO_SHORT_CUT;TOO_SHORT_CUT;1171;804;;;;-1;-1;-1;-1
EXP3;Control-2;23;86;139;6;11;TOO_SHORT_CUT;TOO_SHORT_CUT;120;125;TOO_SHORT_CUT;TOO_SHORT_CUT;575;748;;;;125;145;593;722
EXP3;Control-2;24;13;138;1;12;29;29;114;125;142;142;339;633;170;170;;125;144;340;633
EXP3;Control-2;25;36;131;7;11;TOO_SHORT_CUT;TOO_SHORT_CUT;112;116;TOO_SHORT_CUT;TOO_SHORT_CUT;1057;857;;;;-1;-1;-1;-1
EXP3;Control-2;26;7;122;9;12;30;32;105;108;126;128;240;515;180;200;;108;128;229;472
EXP3;Control-2;27;25;117;8;11;20;26;99;102;111;117;147;938;90;150;;103;120;113;925
EXP3;Control-2;28;3;77;11;12;27;28;47;48;63;64;1190;126;150;160;;49;64;1132;136
EXP3;Control-2;29;63;73;2;6;NEAR_BORDER;NEAR_BORDER;38;42;NEAR_BORDER;NEAR_BORDER;1495;1069;;;;-1;-1;-1;-1
EXP3;Control-2;2;73;329;8;11;NO_MID_BODY_DETECTED;NO_MID_BODY_DETECTED;263;266;NO_MID_BODY_DETECTED;NO_MID_BODY_DETECTED;-1;-1;;;;-1;-1;-1;-1
EXP3;Control-2;30;49;61;5;12;NO_MID_BODY_DETECTED;NO_MID_BODY_DETECTED;25;32;NO_MID_BODY_DETECTED;NO_MID_BODY_DETECTED;-1;-1;;;;-1;-1;-1;-1
EXP3;Control-2;31;25;41;3;9;NO_MID_BODY_DETECTED;NO_MID_BODY_DETECTED;3;9;NO_MID_BODY_DETECTED;NO_MID_BODY_DETECTED;-1;-1;;;;-1;-1;-1;-1
EXP3;Control-2;32;6;29;1;3;19;25;1;3;19;25;1151;301;160;220;;3;20;1164;312
EXP3;Control-2;3;293;321,315;4;11;MORE_THAN_TWO_DAUGHTER_TRACKS;MORE_THAN_TWO_DAUGHTER_TRACKS;253;260;MORE_THAN_TWO_DAUGHTER_TRACKS;MORE_THAN_TWO_DAUGHTER_TRACKS;91;995;;;;-1;-1;-1;-1
EXP3;Control-2;4;122;312;7;16;TOO_SHORT_CUT;TOO_SHORT_CUT;248;257;TOO_SHORT_CUT;TOO_SHORT_CUT;115;527;;;;-1;-1;-1;-1
EXP3;Control-2;5;177;308;8;12;NO_MID_BODY_DETECTED;NO_MID_BODY_DETECTED;251;255;NO_MID_BODY_DETECTED;NO_MID_BODY_DETECTED;-1;-1;;;;-1;-1;-1;-1
EXP3;Control-2;6;17;292;10;11;NO_MID_BODY_DETECTED;NO_MID_BODY_DETECTED;246;247;NO_MID_BODY_DETECTED;NO_MID_BODY_DETECTED;-1;-1;;;;-1;-1;-1;-1
EXP3;Control-2;7;7;288;8;12;TOO_SHORT_CUT;TOO_SHORT_CUT;241;245;TOO_SHORT_CUT;TOO_SHORT_CUT;330;399;;;;245;259;258;442
EXP3;Control-2;8;183;285;10;11;NO_MID_BODY_DETECTED;NO_MID_BODY_DETECTED;242;243;NO_MID_BODY_DETECTED;NO_MID_BODY_DETECTED;-1;-1;;;;-1;-1;-1;-1
EXP3;Control-2;9;131;264,261;9;11;MORE_THAN_TWO_DAUGHTER_TRACKS;MORE_THAN_TWO_DAUGHTER_TRACKS;227;229;MORE_THAN_TWO_DAUGHTER_TRACKS;MORE_THAN_TWO_DAUGHTER_TRACKS;-1;-1;;;;-1;-1;-1;-1
EXP3;Control-3;0;45;125;-16;12;NO_MID_BODY_DETECTED;NO_MID_BODY_DETECTED;234;262;NO_MID_BODY_DETECTED;NO_MID_BODY_DETECTED;-1;-1;;;;-1;-1;-1;-1
EXP3;Control-3;10;8;51;-1;11;25;45;91;103;117;137;601;591;140;340;;104;118;623;595
EXP3;Control-3;11;2;44;6;11;NO_CUT_DETECTED;NO_CUT_DETECTED;86;91;NO_CUT_DETECTED;NO_CUT_DETECTED;859;144;;;;91;115;962;139
EXP3;Control-3;12;15;42;7;11;23;23;85;89;101;101;1370;343;120;120;;89;101;1343;273
EXP3;Control-3;13;40;41;2;3;11;11;87;88;96;96;1484;658;80;80;;87;96;1509;669
EXP3;Control-3;14;5;38;8;12;23;24;81;85;96;97;972;329;110;120;;85;97;971;327
EXP3;Control-3;15;11;35;8;12;21;22;73;77;86;87;880;831;90;100;;77;86;893;873
EXP3;Control-3;16;20;34;8;11;26;26;64;67;82;82;1534;1078;150;150;;67;82;1486;1036
EXP3;Control-3;17;3;32;4;12;24;24;54;62;74;74;573;348;120;120;;62;74;581;338
EXP3;Control-3;18;7;23;5;10;20;21;32;37;47;48;450;543;100;110;;37;48;494;602
EXP3;Control-3;19;10;22;7;11;25;26;31;35;49;50;675;1015;140;150;;35;51;696;962
EXP3;Control-3;1;42;115;2;12;23;24;237;247;258;259;1312;408;110;120;;247;260;1313;408
EXP3;Control-3;20;0;19;10;11;NEAR_BORDER;NEAR_BORDER;31;32;NEAR_BORDER;NEAR_BORDER;377;19;;;;33;53;325;64
EXP3;Control-3;2;5;102;7;12;25;28;218;223;236;239;1048;402;130;160;;223;236;1041;397
EXP3;Control-3;3;63;101;7;11;TOO_SHORT_CUT;TOO_SHORT_CUT;216;220;TOO_SHORT_CUT;TOO_SHORT_CUT;1383;647;;;;220;229;1329;644
EXP3;Control-3;4;35;97;4;11;TOO_SHORT_CUT;TOO_SHORT_CUT;208;215;TOO_SHORT_CUT;TOO_SHORT_CUT;974;932;;;;215;225;1000;936
EXP3;Control-3;5;34;89;8;11;22;23;196;199;210;211;1205;966;110;120;;200;210;1150;944
EXP3;Control-3;6;22;83;7;12;NO_MID_BODY_DETECTED;NO_MID_BODY_DETECTED;179;184;NO_MID_BODY_DETECTED;NO_MID_BODY_DETECTED;-1;-1;;;;-1;-1;-1;-1
EXP3;Control-3;7;17;81;-3;12;NEAR_BORDER;NEAR_BORDER;159;174;NEAR_BORDER;NEAR_BORDER;501;31;;;;174;186;494;37
EXP3;Control-3;8;0;80;4;13;20;28;162;171;178;186;386;249;70;150;;171;185;392;228
EXP3;Control-3;9;10;78;4;11;23;23;156;163;175;175;691;890;120;120;;-1;-1;-1;-1
EXP3;Control-4;0;11;247,241;8;11;MORE_THAN_TWO_DAUGHTER_TRACKS;MORE_THAN_TWO_DAUGHTER_TRACKS;259;262;MORE_THAN_TWO_DAUGHTER_TRACKS;MORE_THAN_TWO_DAUGHTER_TRACKS;606;653;;;;-1;-1;-1;-1
EXP3;Control-4;10;13;144;-2;12;23;26;142;156;167;170;350;942;110;140;;156;170;348;942
EXP3;Control-4;11;30;135;6;11;22;25;141;146;157;160;764;416;110;140;;146;159;764;416
EXP3;Control-4;12;23;132;8;11;TOO_SHORT_CUT;TOO_SHORT_CUT;141;144;TOO_SHORT_CUT;TOO_SHORT_CUT;110;637;;;;145;156;158;585
EXP3;Control-4;13;8;122;9;12;22;24;125;128;138;140;409;250;100;120;;127;139;444;273
EXP3;Control-4;14;1;121;8;11;20;21;125;128;137;138;252;20;90;100;;129;139;273;40
EXP3;Control-4;15;101;110,107;3;6;MORE_THAN_TWO_DAUGHTER_TRACKS;MORE_THAN_TWO_DAUGHTER_TRACKS;102;105;MORE_THAN_TWO_DAUGHTER_TRACKS;MORE_THAN_TWO_DAUGHTER_TRACKS;117;332;;;;-1;-1;-1;-1
EXP3;Control-4;16;47;101;5;9;NO_MID_BODY_DETECTED;NO_MID_BODY_DETECTED;96;100;NO_MID_BODY_DETECTED;NO_MID_BODY_DETECTED;-1;-1;;;;-1;-1;-1;-1
EXP3;Control-4;17;52;96;4;12;NEAR_BORDER;NEAR_BORDER;88;96;NEAR_BORDER;NEAR_BORDER;20;48;;;;-1;-1;-1;-1
EXP3;Control-4;18;16;94;6;11;32;36;86;91;112;116;1423;884;210;250;;90;116;1447;865
EXP3;Control-4;19;24;92;10;12;NO_MID_BODY_DETECTED;NO_MID_BODY_DETECTED;89;91;NO_MID_BODY_DETECTED;NO_MID_BODY_DETECTED;-1;-1;;;;-1;-1;-1;-1
EXP3;Control-4;1;143;207;10;20;NO_MID_BODY_DETECTED;NO_MID_BODY_DETECTED;218;228;NO_MID_BODY_DETECTED;NO_MID_BODY_DETECTED;-1;-1;;;;-1;-1;-1;-1
EXP3;Control-4;20;64;88;9;13;21;24;81;85;93;96;1456;1055;80;110;;84;97;1456;1056
EXP3;Control-4;21;17;70;4;16;23;25;54;66;73;75;1060;1064;70;90;;-1;-1;-1;-1
EXP3;Control-4;22;14;42;10;11;30;33;31;32;51;54;855;730;190;220;;33;53;812;792
EXP3;Control-4;23;11;37;8;11;31;31;24;27;47;47;439;463;200;200;;27;47;486;517
EXP3;Control-4;24;12;30;9;12;25;35;17;20;33;43;806;534;130;230;;20;35;825;481
EXP3;Control-4;25;13;23;8;11;25;27;9;12;26;28;141;500;140;160;;12;27;175;540
EXP3;Control-4;2;24;199;-25;12;NO_MID_BODY_DETECTED;NO_MID_BODY_DETECTED;185;222;NO_MID_BODY_DETECTED;NO_MID_BODY_DETECTED;-1;-1;;;;-1;-1;-1;-1
EXP3;Control-4;3;110;197;2;12;21;21;209;219;228;228;52;90;90;90;;219;230;55;91
EXP3;Control-4;4;11;181;-19;13;25;28;170;202;214;217;568;591;120;150;;-1;-1;-1;-1
EXP3;Control-4;5;42;177;-15;12;TOO_SHORT_CUT;TOO_SHORT_CUT;168;195;TOO_SHORT_CUT;TOO_SHORT_CUT;816;658;;;;194;211;817;652
EXP3;Control-4;6;37;174;2;12;23;31;178;188;199;207;474;413;110;190;;188;201;474;410
EXP3;Control-4;7;12;165;-4;11;NO_CUT_DETECTED;NO_CUT_DETECTED;158;173;NO_CUT_DETECTED;NO_CUT_DETECTED;989;763;;;;174;186;976;765
EXP3;Control-4;8;14;162;3;12;TOO_SHORT_CUT;TOO_SHORT_CUT;162;171;TOO_SHORT_CUT;TOO_SHORT_CUT;874;957;;;;171;186;874;957
EXP3;Control-4;9;7;153;-17;12;18;19;133;162;168;169;1339;178;60;70;;-1;-1;-1;-1
EXP3;Control-5;0;3;203;-4;11;17;22;247;262;268;273;90;177;60;110;;-1;-1;-1;-1
EXP3;Control-5;10;5;143;5;12;22;23;205;212;222;223;646;307;100;110;;212;225;649;313
EXP3;Control-5;11;19;135;-19;13;NO_CUT_DETECTED;NO_CUT_DETECTED;170;202;NO_CUT_DETECTED;NO_CUT_DETECTED;883;912;;;;-1;-1;-1;-1
EXP3;Control-5;12;23;130;-15;12;TOO_SHORT_CUT;TOO_SHORT_CUT;168;195;TOO_SHORT_CUT;TOO_SHORT_CUT;1135;976;;;;194;211;1136;978
EXP3;Control-5;13;36;124;2;12;24;31;178;188;200;207;793;730;120;190;;188;201;791;731
EXP3;Control-5;14;20;115;-3;11;NEAR_BORDER;NEAR_BORDER;159;173;NEAR_BORDER;NEAR_BORDER;1311;1081;;;;-1;-1;-1;-1
EXP3;Control-5;15;33;94;6;11;23;24;141;146;158;159;1083;733;120;130;;146;159;1084;733
EXP3;Control-5;16;13;92;6;11;24;26;140;145;158;160;914;338;130;150;;146;159;921;338
EXP3;Control-5;17;29;90;8;11;TOO_SHORT_CUT;TOO_SHORT_CUT;141;144;TOO_SHORT_CUT;TOO_SHORT_CUT;557;919;;;;145;156;478;904
EXP3;Control-5;18;10;80;8;12;25;26;125;129;142;143;758;120;130;140;;129;143;737;204
EXP3;Control-5;19;17;79;10;12;TOO_SHORT_CUT;TOO_SHORT_CUT;126;128;TOO_SHORT_CUT;TOO_SHORT_CUT;778;519;;;;128;139;761;591
EXP3;Control-5;1;74;200;-2;12;NO_CUT_DETECTED;NO_CUT_DETECTED;242;256;NO_CUT_DETECTED;NO_CUT_DETECTED;314;88;;;;256;273;314;91
EXP3;Control-5;20;9;78;8;11;21;21;125;128;138;138;735;350;100;100;;-1;-1;-1;-1
EXP3;Control-5;21;35;74,70,64;8;8;MORE_THAN_TWO_DAUGHTER_TRACKS;MORE_THAN_TWO_DAUGHTER_TRACKS;108;108;MORE_THAN_TWO_DAUGHTER_TRACKS;MORE_THAN_TWO_DAUGHTER_TRACKS;131;1;;;;-1;-1;-1;-1
EXP3;Control-5;22;6;71;5;12;NO_MID_BODY_DETECTED;NO_MID_BODY_DETECTED;111;118;NO_MID_BODY_DETECTED;NO_MID_BODY_DETECTED;-1;-1;;;;-1;-1;-1;-1
EXP3;Control-5;23;1;67;8;11;NEAR_BORDER;NEAR_BORDER;111;114;NEAR_BORDER;NEAR_BORDER;345;12;;;;114;134;346;13
EXP3;Control-5;24;30;59;5;11;NO_CUT_DETECTED;NO_CUT_DETECTED;96;102;NO_CUT_DETECTED;NO_CUT_DETECTED;438;649;;;;102;117;438;647
EXP3;Control-5;25;5;55;7;11;TOO_SHORT_CUT;TOO_SHORT_CUT;93;97;TOO_SHORT_CUT;TOO_SHORT_CUT;543;206;;;;97;115;542;205
EXP3;Control-5;26;12;54;4;11;TOO_SHORT_CUT;TOO_SHORT_CUT;88;95;TOO_SHORT_CUT;TOO_SHORT_CUT;342;367;;;;95;115;341;367
EXP3;Control-5;27;15;53;7;12;26;27;87;92;106;107;1229;295;140;150;;92;107;1239;291
EXP3;Control-5;28;7;47;8;15;25;27;66;73;83;85;1592;266;100;120;;-1;-1;-1;-1
EXP3;Control-5;29;19;36;9;12;32;32;24;27;47;47;759;780;200;200;;27;47;801;834
EXP3;Control-5;2;105;188;8;13;NO_MID_BODY_DETECTED;NO_MID_BODY_DETECTED;241;246;NO_MID_BODY_DETECTED;NO_MID_BODY_DETECTED;-1;-1;;;;-1;-1;-1;-1
EXP3;Control-5;30;20;33;9;12;26;35;17;20;34;43;1128;864;140;230;;20;35;1147;798
EXP3;Control-5;31;21;30;1;13;TOO_SHORT_CUT;TOO_SHORT_CUT;1;13;TOO_SHORT_CUT;TOO_SHORT_CUT;273;829;;;;-1;-1;-1;-1
EXP3;Control-5;32;22;29;8;11;25;28;9;12;26;29;461;817;140;170;;12;27;500;862
EXP3;Control-5;3;121;186;7;11;NEAR_BORDER;NEAR_BORDER;240;244;NEAR_BORDER;NEAR_BORDER;407;8;;;;-1;-1;-1;-1
EXP3;Control-5;4;116;184;11;13;TOO_SHORT_CUT;TOO_SHORT_CUT;239;241;TOO_SHORT_CUT;TOO_SHORT_CUT;78;424;;;;241;250;43;419
EXP3;Control-5;5;107;183;-4;14;NEAR_BORDER;NEAR_BORDER;223;241;NEAR_BORDER;NEAR_BORDER;271;411;;;;-1;-1;-1;-1
EXP3;Control-5;6;21;171;0;12;20;36;220;232;240;256;248;722;80;240;;-1;-1;-1;-1
EXP3;Control-5;7;16;166;-6;18;NEAR_BORDER;NEAR_BORDER;206;230;NEAR_BORDER;NEAR_BORDER;1598;235;;;;-1;-1;-1;-1
EXP3;Control-5;8;55;159;4;12;19;23;220;228;235;239;487;229;70;110;;-1;-1;-1;-1
EXP3;Control-5;9;12;148;0;11;20;21;208;219;228;229;317;433;90;100;;219;231;377;412
EXP3;Control-6;0;7;367;9;12;TOO_SHORT_CUT;TOO_SHORT_CUT;267;270;TOO_SHORT_CUT;TOO_SHORT_CUT;1223;722;;;;270;280;1170;760
EXP3;Control-6;10;90;255;9;13;19;21;184;188;194;196;31;111;60;80;;-1;-1;-1;-1
EXP3;Control-6;11;202;244,241;6;11;MORE_THAN_TWO_DAUGHTER_TRACKS;MORE_THAN_TWO_DAUGHTER_TRACKS;176;181;MORE_THAN_TWO_DAUGHTER_TRACKS;MORE_THAN_TWO_DAUGHTER_TRACKS;720;194;;;;-1;-1;-1;-1
EXP3;Control-6;12;12;222;6;11;23;25;164;169;181;183;1032;461;120;140;;-1;-1;-1;-1
EXP3;Control-6;13;10;216,199;2;8;MORE_THAN_TWO_DAUGHTER_TRACKS;MORE_THAN_TWO_DAUGHTER_TRACKS;152;158;MORE_THAN_TWO_DAUGHTER_TRACKS;MORE_THAN_TWO_DAUGHTER_TRACKS;204;381;;;;-1;-1;-1;-1
EXP3;Control-6;14;203;215;5;8;NEAR_BORDER;NEAR_BORDER;163;166;NEAR_BORDER;NEAR_BORDER;940;10;;;;-1;-1;-1;-1
EXP3;Control-6;15;103;201,200,196;5;9;MORE_THAN_TWO_DAUGHTER_TRACKS;MORE_THAN_TWO_DAUGHTER_TRACKS;150;154;MORE_THAN_TWO_DAUGHTER_TRACKS;MORE_THAN_TWO_DAUGHTER_TRACKS;588;427;;;;-1;-1;-1;-1
EXP3;Control-6;16;7;188;8;12;24;25;146;150;162;163;1160;761;120;130;;149;161;1140;800
EXP3;Control-6;17;16;126;9;11;25;26;109;111;125;126;699;808;140;150;;111;125;660;750
EXP3;Control-6;18;9;122;7;10;21;25;106;109;120;124;268;659;110;150;;110;124;250;560
EXP3;Control-6;19;18;121;7;11;27;27;101;105;121;121;931;940;160;160;;105;121;940;940
EXP3;Control-6;1;192;339,325;5;10;MORE_THAN_TWO_DAUGHTER_TRACKS;MORE_THAN_TWO_DAUGHTER_TRACKS;239;244;MORE_THAN_TWO_DAUGHTER_TRACKS;MORE_THAN_TWO_DAUGHTER_TRACKS;402;1036;;;;244;257;420;1040
EXP3;Control-6;20;14;109;6;12;25;30;85;91;104;109;1371;473;130;180;;91;103;1330;590
EXP3;Control-6;21;17;84;7;12;26;30;64;69;83;87;1477;686;140;180;;68;83;1400;680
EXP3;Control-6;22;2;52,48;7;14;MORE_THAN_TWO_DAUGHTER_TRACKS;MORE_THAN_TWO_DAUGHTER_TRACKS;28;35;MORE_THAN_TWO_DAUGHTER_TRACKS;MORE_THAN_TWO_DAUGHTER_TRACKS;689;228;;;;-1;-1;-1;-1
EXP3;Control-6;23;33;41;6;9;33;34;25;28;52;53;755;58;240;250;;27;52;720;90
EXP3;Control-6;24;6;34;9;11;NO_CUT_DETECTED;NO_CUT_DETECTED;18;20;NO_CUT_DETECTED;NO_CUT_DETECTED;41;417;;;;20;35;45;410
EXP3;Control-6;25;5;32,31;9;13;MORE_THAN_TWO_DAUGHTER_TRACKS;MORE_THAN_TWO_DAUGHTER_TRACKS;15;19;MORE_THAN_TWO_DAUGHTER_TRACKS;MORE_THAN_TWO_DAUGHTER_TRACKS;958;568;;;;-1;-1;-1;-1
EXP3;Control-6;26;1;30;9;11;34;37;16;18;41;44;238;162;230;260;;18;41;250;196
EXP3;Control-6;2;228;330;8;20;TOO_SHORT_CUT;TOO_SHORT_CUT;234;246;TOO_SHORT_CUT;TOO_SHORT_CUT;897;964;;;;-1;-1;-1;-1
EXP3;Control-6;3;9;328;7;12;TOO_SHORT_CUT;TOO_SHORT_CUT;241;246;TOO_SHORT_CUT;TOO_SHORT_CUT;543;660;;;;-1;-1;-1;-1
EXP3;Control-6;4;143;316,313;10;17;MORE_THAN_TWO_DAUGHTER_TRACKS;MORE_THAN_TWO_DAUGHTER_TRACKS;228;235;MORE_THAN_TWO_DAUGHTER_TRACKS;MORE_THAN_TWO_DAUGHTER_TRACKS;609;650;;;;-1;-1;-1;-1
EXP3;Control-6;5;121;311;9;12;TOO_SHORT_CUT;TOO_SHORT_CUT;230;233;TOO_SHORT_CUT;TOO_SHORT_CUT;935;1049;;;;-1;-1;-1;-1
EXP3;Control-6;6;182;300;5;12;18;26;214;221;227;235;1366;697;60;140;;220;235;1360;700
EXP3;Control-6;7;227;292,268;2;4;MORE_THAN_TWO_DAUGHTER_TRACKS;MORE_THAN_TWO_DAUGHTER_TRACKS;197;199;MORE_THAN_TWO_DAUGHTER_TRACKS;MORE_THAN_TWO_DAUGHTER_TRACKS;520;287;;;;199;229;510;265
EXP3;Control-6;8;17;285;11;12;TOO_SHORT_CUT;TOO_SHORT_CUT;209;210;TOO_SHORT_CUT;TOO_SHORT_CUT;1570;809;;;;-1;-1;-1;-1
EXP3;Control-6;9;241;266;6;11;NEAR_BORDER;NEAR_BORDER;193;198;NEAR_BORDER;NEAR_BORDER;559;31;;;;198;212;555;30
EXP3;Control-7;0;430;574;11;18;NO_MID_BODY_DETECTED;NO_MID_BODY_DETECTED;262;269;NO_MID_BODY_DETECTED;NO_MID_BODY_DETECTED;-1;-1;;;;-1;-1;-1;-1
EXP3;Control-7;10;13;459,443;7;12;MORE_THAN_TWO_DAUGHTER_TRACKS;MORE_THAN_TWO_DAUGHTER_TRACKS;210;215;MORE_THAN_TWO_DAUGHTER_TRACKS;MORE_THAN_TWO_DAUGHTER_TRACKS;627;833;;;;215;228;690;750
EXP3;Control-7;11;126;449;8;10;22;25;216;218;230;233;591;235;120;150;;-1;-1;-1;-1
EXP3;Control-7;12;98;442;9;12;20;21;212;215;223;224;328;367;80;90;;214;223;330;370
EXP3;Control-7;13;263;428;-34;6;NO_MID_BODY_DETECTED;NO_MID_BODY_DETECTED;167;207;NO_MID_BODY_DETECTED;NO_MID_BODY_DETECTED;-1;-1;;;;-1;-1;-1;-1
EXP3;Control-7;14;409;425;2;10;TOO_SHORT_CUT;TOO_SHORT_CUT;197;205;TOO_SHORT_CUT;TOO_SHORT_CUT;169;54;;;;-1;-1;-1;-1
EXP3;Control-7;15;15;420;9;12;TOO_SHORT_CUT;TOO_SHORT_CUT;200;203;TOO_SHORT_CUT;TOO_SHORT_CUT;828;594;;;;203;214;760;500
EXP3;Control-7;16;5;418;5;11;NO_CUT_DETECTED;NO_CUT_DETECTED;197;203;NO_CUT_DETECTED;NO_CUT_DETECTED;552;240;;;;203;219;560;250
EXP3;Control-7;17;279;407;7;11;24;26;191;195;208;210;745;209;130;150;;195;208;700;260
EXP3;Control-7;18;54;400,394,389;8;12;MORE_THAN_TWO_DAUGHTER_TRACKS;MORE_THAN_TWO_DAUGHTER_TRACKS;182;186;MORE_THAN_TWO_DAUGHTER_TRACKS;MORE_THAN_TWO_DAUGHTER_TRACKS;325;1042;;;;185;195;320;1040
EXP3;Control-7;19;152;384;7;12;TOO_SHORT_CUT;TOO_SHORT_CUT;180;185;TOO_SHORT_CUT;TOO_SHORT_CUT;563;907;;;;184;193;570;910
EXP3;Control-7;1;262;569,545,544;0;5;MORE_THAN_TWO_DAUGHTER_TRACKS;MORE_THAN_TWO_DAUGHTER_TRACKS;255;260;MORE_THAN_TWO_DAUGHTER_TRACKS;MORE_THAN_TWO_DAUGHTER_TRACKS;1090;392;;;;260;269;1110;440
EXP3;Control-7;20;130;368;8;8;16;20;177;177;185;189;1225;1078;80;120;;-1;-1;-1;-1
EXP3;Control-7;21;274;363;10;18;TOO_SHORT_CUT;TOO_SHORT_CUT;168;176;TOO_SHORT_CUT;TOO_SHORT_CUT;854;893;;;;-1;-1;-1;-1
EXP3;Control-7;22;31;336;8;11;TOO_SHORT_CUT;TOO_SHORT_CUT;163;166;TOO_SHORT_CUT;TOO_SHORT_CUT;292;546;;;;-1;-1;-1;-1
EXP3;Control-7;23;35;315;9;12;23;26;150;153;164;167;100;988;110;140;;153;165;100;990
EXP3;Control-7;24;257;295;9;12;TOO_SHORT_CUT;TOO_SHORT_CUT;137;140;TOO_SHORT_CUT;TOO_SHORT_CUT;1121;674;;;;140;152;1060;680
EXP3;Control-7;25;197;273;11;12;24;25;128;129;141;142;181;308;120;130;;-1;-1;-1;-1
EXP3;Control-7;26;8;262,257;7;10;MORE_THAN_TWO_DAUGHTER_TRACKS;MORE_THAN_TWO_DAUGHTER_TRACKS;121;124;MORE_THAN_TWO_DAUGHTER_TRACKS;MORE_THAN_TWO_DAUGHTER_TRACKS;1176;466;;;;125;139;1120;560
EXP3;Control-7;27;16;237;10;11;TOO_SHORT_CUT;TOO_SHORT_CUT;114;115;TOO_SHORT_CUT;TOO_SHORT_CUT;1541;879;;;;115;128;1440;860
EXP3;Control-7;28;4;203,188;7;11;MORE_THAN_TWO_DAUGHTER_TRACKS;MORE_THAN_TWO_DAUGHTER_TRACKS;92;96;MORE_THAN_TWO_DAUGHTER_TRACKS;MORE_THAN_TWO_DAUGHTER_TRACKS;1171;295;;;;96;132;1170;300
EXP3;Control-7;29;123;185;9;9;NO_CUT_DETECTED;NO_CUT_DETECTED;94;94;NO_CUT_DETECTED;NO_CUT_DETECTED;1009;790;;;;96;113;950;810
EXP3;Control-7;2;333;566;5;11;22;25;260;266;277;280;167;233;110;140;;266;278;170;230
EXP3;Control-7;30;2;179,178;9;12;MORE_THAN_TWO_DAUGHTER_TRACKS;MORE_THAN_TWO_DAUGHTER_TRACKS;88;91;MORE_THAN_TWO_DAUGHTER_TRACKS;MORE_THAN_TWO_DAUGHTER_TRACKS;-1;-1;;;;-1;-1;-1;-1
EXP3;Control-7;31;23;174;10;13;26;30;86;89;102;106;1387;1062;130;170;;88;103;1370;1060
EXP3;Control-7;32;98;163;11;12;30;31;82;83;101;102;442;361;180;190;;83;101;440;440
EXP3;Control-7;33;24;152;6;12;NO_MID_BODY_DETECTED;NO_MID_BODY_DETECTED;71;77;NO_MID_BODY_DETECTED;NO_MID_BODY_DETECTED;-1;-1;;;;-1;-1;-1;-1
EXP3;Control-7;34;5;141;7;11;25;27;65;69;83;85;659;532;140;160;;69;86;660;530
EXP3;Control-7;35;1;133,125;8;11;MORE_THAN_TWO_DAUGHTER_TRACKS;MORE_THAN_TWO_DAUGHTER_TRACKS;56;59;MORE_THAN_TWO_DAUGHTER_TRACKS;MORE_THAN_TWO_DAUGHTER_TRACKS;1475;117;;;;59;76;1440;140
EXP3;Control-7;36;3;126;10;11;31;32;58;59;79;80;425;226;200;210;;59;73;370;190
EXP3;Control-7;37;15;120;11;12;NO_CUT_DETECTED;NO_CUT_DETECTED;57;58;NO_CUT_DETECTED;NO_CUT_DETECTED;500;702;;;;58;73;530;700
EXP3;Control-7;38;48;100;8;13;TOO_SHORT_CUT;TOO_SHORT_CUT;39;44;TOO_SHORT_CUT;TOO_SHORT_CUT;523;908;;;;43;61;520;900
EXP3;Control-7;39;31;87;10;12;TOO_SHORT_CUT;TOO_SHORT_CUT;37;39;TOO_SHORT_CUT;TOO_SHORT_CUT;188;567;;;;39;54;190;560
EXP3;Control-7;3;375;564;8;11;TOO_SHORT_CUT;TOO_SHORT_CUT;262;265;TOO_SHORT_CUT;TOO_SHORT_CUT;1223;406;;;;-1;-1;-1;-1
EXP3;Control-7;40;22;69;10;12;TOO_SHORT_CUT;TOO_SHORT_CUT;28;30;TOO_SHORT_CUT;TOO_SHORT_CUT;886;912;;;;30;44;930;940
EXP3;Control-7;41;25;66;9;13;25;35;24;28;40;50;1089;1065;120;220;;-1;-1;-1;-1
EXP3;Control-7;42;47;65;8;12;24;24;22;26;38;38;480;56;120;120;;26;38;450;120
EXP3;Control-7;4;394;530;10;14;TOO_SHORT_CUT;TOO_SHORT_CUT;248;252;TOO_SHORT_CUT;TOO_SHORT_CUT;115;951;;;;-1;-1;-1;-1
EXP3;Control-7;5;419;516;9;11;TOO_SHORT_CUT;TOO_SHORT_CUT;246;248;TOO_SHORT_CUT;TOO_SHORT_CUT;1353;349;;;;248;260;1320;390
EXP3;Control-7;6;445;500,492;8;18;MORE_THAN_TWO_DAUGHTER_TRACKS;MORE_THAN_TWO_DAUGHTER_TRACKS;230;240;MORE_THAN_TWO_DAUGHTER_TRACKS;MORE_THAN_TWO_DAUGHTER_TRACKS;1550;780;;;;-1;-1;-1;-1
EXP3;Control-7;7;163;499,498,488;9;12;MORE_THAN_TWO_DAUGHTER_TRACKS;MORE_THAN_TWO_DAUGHTER_TRACKS;235;238;MORE_THAN_TWO_DAUGHTER_TRACKS;MORE_THAN_TWO_DAUGHTER_TRACKS;555;512;;;;238;248;520;516
EXP3;Control-7;8;308;468;5;11;22;22;220;226;237;237;1205;54;110;110;;226;238;1180;60
EXP3;Control-7;9;349;461;8;12;27;28;219;223;238;239;541;731;150;160;;223;239;537;723
EXP3;Control-8;0;393;521;9;9;NO_CUT_DETECTED;NO_CUT_DETECTED;271;271;NO_CUT_DETECTED;NO_CUT_DETECTED;1340;514;;;;-1;-1;-1;-1
EXP3;Control-8;10;13;285;-14;16;NO_CUT_DETECTED;NO_CUT_DETECTED;147;177;NO_CUT_DETECTED;NO_CUT_DETECTED;88;555;;;;-1;-1;-1;-1
EXP3;Control-8;11;116;280;3;11;TOO_SHORT_CUT;TOO_SHORT_CUT;168;176;TOO_SHORT_CUT;TOO_SHORT_CUT;1538;186;;;;176;182;1535;180
EXP3;Control-8;12;222;279,276;-6;16;MORE_THAN_TWO_DAUGHTER_TRACKS;MORE_THAN_TWO_DAUGHTER_TRACKS;151;173;MORE_THAN_TWO_DAUGHTER_TRACKS;MORE_THAN_TWO_DAUGHTER_TRACKS;1237;51;;;;-1;-1;-1;-1
EXP3;Control-8;13;249;259;2;5;NO_MID_BODY_DETECTED;NO_MID_BODY_DETECTED;164;167;NO_MID_BODY_DETECTED;NO_MID_BODY_DETECTED;-1;-1;;;;-1;-1;-1;-1
EXP3;Control-8;14;9;258,236;7;12;MORE_THAN_TWO_DAUGHTER_TRACKS;MORE_THAN_TWO_DAUGHTER_TRACKS;154;159;MORE_THAN_TWO_DAUGHTER_TRACKS;MORE_THAN_TWO_DAUGHTER_TRACKS;267;352;;;;159;169;265;355
EXP3;Control-8;15;164;238;7;11;NEAR_BORDER;NEAR_BORDER;155;159;NEAR_BORDER;NEAR_BORDER;52;743;;;;159;174;30;730
EXP3;Control-8;16;3;237;7;11;25;27;155;159;173;175;567;423;140;160;;158;173;550;430
EXP3;Control-8;17;207;233;8;12;19;24;151;155;162;167;389;704;70;120;;155;167;389;700
EXP3;Control-8;18;60;230;10;12;22;24;151;153;163;165;758;916;100;120;;152;164;760;920
EXP3;Control-8;19;6;226,223;7;13;MORE_THAN_TWO_DAUGHTER_TRACKS;MORE_THAN_TWO_DAUGHTER_TRACKS;145;151;MORE_THAN_TWO_DAUGHTER_TRACKS;MORE_THAN_TWO_DAUGHTER_TRACKS;73;228;;;;-1;-1;-1;-1
EXP3;Control-8;1;351;517;-48;13;NO_MID_BODY_DETECTED;NO_MID_BODY_DETECTED;208;269;NO_MID_BODY_DETECTED;NO_MID_BODY_DETECTED;-1;-1;;;;-1;-1;-1;-1
EXP3;Control-8;20;86;221;8;12;NEAR_BORDER;NEAR_BORDER;145;149;NEAR_BORDER;NEAR_BORDER;810;62;;;;149;158;820;80
EXP3;Control-8;21;64;216;8;11;22;24;144;147;158;160;501;236;110;130;;-1;-1;-1;-1
EXP3;Control-8;22;27;208;7;13;26;26;131;137;150;150;316;895;130;130;;136;150;250;940
EXP3;Control-8;23;21;207;7;12;21;23;132;137;146;148;259;707;90;110;;137;147;259;707
EXP3;Control-8;24;32;206;8;13;26;28;131;136;149;151;412;1069;130;150;;135;149;400;1070
EXP3;Control-8;25;23;195,184;8;12;MORE_THAN_TWO_DAUGHTER_TRACKS;MORE_THAN_TWO_DAUGHTER_TRACKS;122;126;MORE_THAN_TWO_DAUGHTER_TRACKS;MORE_THAN_TWO_DAUGHTER_TRACKS;749;1050;;;;-1;-1;-1;-1
EXP3;Control-8;26;12;180;-5;11;33;35;105;121;143;145;389;407;220;240;;121;144;381;435
EXP3;Control-8;27;46;178;2;14;31;42;108;120;137;148;1066;130;170;280;;-1;-1;-1;-1
EXP3;Control-8;28;26;177;9;13;25;28;114;118;130;133;429;904;120;150;;-1;-1;-1;-1
EXP3;Control-8;29;24;172;8;12;28;29;113;117;133;134;695;805;160;170;;-1;-1;-1;-1
EXP3;Control-8;2;474;507;11;13;NO_MID_BODY_DETECTED;NO_MID_BODY_DETECTED;265;267;NO_MID_BODY_DETECTED;NO_MID_BODY_DETECTED;-1;-1;;;;-1;-1;-1;-1
EXP3;Control-8;30;13;170;6;15;NEAR_BORDER;NEAR_BORDER;107;116;NEAR_BORDER;NEAR_BORDER;16;544;;;;-1;-1;-1;-1
EXP3;Control-8;31;77;167;3;16;NO_MID_BODY_DETECTED;NO_MID_BODY_DETECTED;98;111;NO_MID_BODY_DETECTED;NO_MID_BODY_DETECTED;-1;-1;;;;-1;-1;-1;-1
EXP3;Control-8;32;129;153;-1;10;NEAR_BORDER;NEAR_BORDER;89;100;NEAR_BORDER;NEAR_BORDER;1231;8;;;;-1;-1;-1;-1
EXP3;Control-8;33;40;149;9;11;35;38;95;97;121;124;1219;759;240;270;;97;121;1160;720
EXP3;Control-8;34;116;146,130,129;-3;6;MORE_THAN_TWO_DAUGHTER_TRACKS;MORE_THAN_TWO_DAUGHTER_TRACKS;73;82;MORE_THAN_TWO_DAUGHTER_TRACKS;MORE_THAN_TWO_DAUGHTER_TRACKS;1522;36;;;;-1;-1;-1;-1
EXP3;Control-8;35;16;139;8;12;25;27;86;90;103;105;782;579;130;150;;90;103;764;590
EXP3;Control-8;36;102;122;11;12;NO_MID_BODY_DETECTED;NO_MID_BODY_DETECTED;76;77;NO_MID_BODY_DETECTED;NO_MID_BODY_DETECTED;-1;-1;;;;-1;-1;-1;-1
EXP3;Control-8;37;7;67;7;12;23;24;31;36;47;48;1274;333;110;120;;35;47;1300;330
EXP3;Control-8;38;9;64;8;12;33;35;31;35;56;58;323;300;210;230;;35;56;316;316
EXP3;Control-8;39;3;47;3;12;TOO_SHORT_CUT;TOO_SHORT_CUT;11;20;TOO_SHORT_CUT;TOO_SHORT_CUT;616;290;;;;18;36;550;240
EXP3;Control-8;3;345;428;9;20;32;34;223;234;246;248;1022;672;120;140;;-1;-1;-1;-1
EXP3;Control-8;4;331;427,426,411;11;11;MORE_THAN_TWO_DAUGHTER_TRACKS;MORE_THAN_TWO_DAUGHTER_TRACKS;228;228;MORE_THAN_TWO_DAUGHTER_TRACKS;MORE_THAN_TWO_DAUGHTER_TRACKS;1344;186;;;;-1;-1;-1;-1
EXP3;Control-8;5;271;414;11;12;NO_CUT_DETECTED;NO_CUT_DETECTED;228;229;NO_CUT_DETECTED;NO_CUT_DETECTED;1044;933;;;;229;244;1040;935
EXP3;Control-8;6;359;383;8;13;NO_MID_BODY_DETECTED;NO_MID_BODY_DETECTED;211;216;NO_MID_BODY_DETECTED;NO_MID_BODY_DETECTED;-1;-1;;;;-1;-1;-1;-1
EXP3;Control-8;7;285;351,342;-10;5;MORE_THAN_TWO_DAUGHTER_TRACKS;MORE_THAN_TWO_DAUGHTER_TRACKS;184;199;MORE_THAN_TWO_DAUGHTER_TRACKS;MORE_THAN_TWO_DAUGHTER_TRACKS;75;547;;;;-1;-1;-1;-1
EXP3;Control-8;8;217;332,331;9;20;MORE_THAN_TWO_DAUGHTER_TRACKS;MORE_THAN_TWO_DAUGHTER_TRACKS;183;194;MORE_THAN_TWO_DAUGHTER_TRACKS;MORE_THAN_TWO_DAUGHTER_TRACKS;-1;-1;;;;-1;-1;-1;-1
EXP3;Control-8;9;257;292;4;14;TOO_SHORT_CUT;TOO_SHORT_CUT;169;179;TOO_SHORT_CUT;TOO_SHORT_CUT;145;1088;;;;-1;-1;-1;-1
EXP3;Control-9;0;34;412;6;12;TOO_SHORT_CUT;TOO_SHORT_CUT;262;268;TOO_SHORT_CUT;TOO_SHORT_CUT;457;404;;;;266;273;475;360
EXP3;Control-9;10;145;277;7;13;TOO_SHORT_CUT;TOO_SHORT_CUT;187;193;TOO_SHORT_CUT;TOO_SHORT_CUT;377;544;;;;191;206;390;560
EXP3;Control-9;11;11;275;9;11;21;22;189;191;201;202;376;517;100;110;;-1;-1;-1;-1
EXP3;Control-9;12;53;272,247;3;11;MORE_THAN_TWO_DAUGHTER_TRACKS;MORE_THAN_TWO_DAUGHTER_TRACKS;172;180;MORE_THAN_TWO_DAUGHTER_TRACKS;MORE_THAN_TWO_DAUGHTER_TRACKS;760;856;;;;180;188;760;850
EXP3;Control-9;13;74;266;9;16;TOO_SHORT_CUT;TOO_SHORT_CUT;180;187;TOO_SHORT_CUT;TOO_SHORT_CUT;734;846;;;;-1;-1;-1;-1
EXP3;Control-9;14;189;253;10;11;TOO_SHORT_CUT;TOO_SHORT_CUT;182;183;TOO_SHORT_CUT;TOO_SHORT_CUT;770;390;;;;184;190;740;486
EXP3;Control-9;15;132;206,195;9;9;MORE_THAN_TWO_DAUGHTER_TRACKS;MORE_THAN_TWO_DAUGHTER_TRACKS;149;149;MORE_THAN_TWO_DAUGHTER_TRACKS;MORE_THAN_TWO_DAUGHTER_TRACKS;893;671;;;;-1;-1;-1;-1
EXP3;Control-9;16;34;201,192,189;8;12;MORE_THAN_TWO_DAUGHTER_TRACKS;MORE_THAN_TWO_DAUGHTER_TRACKS;144;148;MORE_THAN_TWO_DAUGHTER_TRACKS;MORE_THAN_TWO_DAUGHTER_TRACKS;690;183;;;;147;157;713;225
EXP3;Control-9;17;44;198;8;12;NO_CUT_DETECTED;NO_CUT_DETECTED;146;150;NO_CUT_DETECTED;NO_CUT_DETECTED;930;359;;;;150;163;930;360
EXP3;Control-9;18;62;187;8;16;NEAR_BORDER;NEAR_BORDER;139;147;NEAR_BORDER;NEAR_BORDER;1517;460;;;;-1;-1;-1;-1
EXP3;Control-9;19;174;185;2;9;TOO_SHORT_CUT;TOO_SHORT_CUT;137;144;TOO_SHORT_CUT;TOO_SHORT_CUT;333;829;;;;-1;-1;-1;-1
EXP3;Control-9;1;270;407,396;-1;10;MORE_THAN_TWO_DAUGHTER_TRACKS;MORE_THAN_TWO_DAUGHTER_TRACKS;249;260;MORE_THAN_TWO_DAUGHTER_TRACKS;MORE_THAN_TWO_DAUGHTER_TRACKS;909;1060;;;;-1;-1;-1;-1
EXP3;Control-9;20;4;181;9;12;26;27;140;143;157;158;1003;169;140;150;;143;157;1072;240
EXP3;Control-9;21;64;160;8;11;TOO_SHORT_CUT;TOO_SHORT_CUT;128;131;TOO_SHORT_CUT;TOO_SHORT_CUT;1342;728;;;;131;151;1278;740
EXP3;Control-9;22;14;158;9;14;TOO_SHORT_CUT;TOO_SHORT_CUT;124;129;TOO_SHORT_CUT;TOO_SHORT_CUT;999;689;;;;-1;-1;-1;-1
EXP3;Control-9;23;30;153;7;11;NEAR_BORDER;NEAR_BORDER;123;127;NEAR_BORDER;NEAR_BORDER;392;1040;;;;127;150;366;1037
EXP3;Control-9;24;62;109;1;20;TOO_SHORT_CUT;TOO_SHORT_CUT;85;104;TOO_SHORT_CUT;TOO_SHORT_CUT;1561;393;;;;-1;-1;-1;-1
EXP3;Control-9;25;29;102;8;12;TOO_SHORT_CUT;TOO_SHORT_CUT;91;95;TOO_SHORT_CUT;TOO_SHORT_CUT;986;953;;;;94;110;966;1011
EXP3;Control-9;26;2;91;8;11;24;28;80;83;96;100;1063;114;130;170;;83;96;1062;109
EXP3;Control-9;27;1;88;9;12;26;29;78;81;95;98;856;54;140;170;;81;95;888;50
EXP3;Control-9;28;31;81;8;11;21;25;66;69;79;83;512;765;100;140;;69;79;506;742
EXP3;Control-9;29;9;77;7;11;TOO_SHORT_CUT;TOO_SHORT_CUT;62;66;TOO_SHORT_CUT;TOO_SHORT_CUT;317;737;;;;-1;-1;-1;-1
EXP3;Control-9;2;314;397;7;13;NO_CUT_DETECTED;NO_CUT_DETECTED;255;261;NO_CUT_DETECTED;NO_CUT_DETECTED;913;719;;;;-1;-1;-1;-1
EXP3;Control-9;30;15;72;8;14;NO_MID_BODY_DETECTED;NO_MID_BODY_DETECTED;52;58;NO_MID_BODY_DETECTED;NO_MID_BODY_DETECTED;-1;-1;;;;-1;-1;-1;-1
EXP3;Control-9;31;4;44;8;11;25;28;20;23;37;40;945;288;140;170;;23;37;970;250
EXP3;Control-9;32;3;34;9;12;24;27;10;13;25;28;651;240;120;150;;13;25;640;220
EXP3;Control-9;3;83;385;-3;13;25;25;239;255;267;267;383;654;120;120;;255;267;385;656
EXP3;Control-9;4;220;363,355;6;11;MORE_THAN_TWO_DAUGHTER_TRACKS;MORE_THAN_TWO_DAUGHTER_TRACKS;235;240;MORE_THAN_TWO_DAUGHTER_TRACKS;MORE_THAN_TWO_DAUGHTER_TRACKS;961;981;;;;240;247;980;950
EXP3;Control-9;5;114;357;-3;13;22;28;225;241;250;256;1483;344;90;150;;240;250;1490;350
EXP3;Control-9;6;166;354;9;13;TOO_SHORT_CUT;TOO_SHORT_CUT;234;238;TOO_SHORT_CUT;TOO_SHORT_CUT;1503;1078;;;;-1;-1;-1;-1
EXP3;Control-9;7;125;327,321;5;11;MORE_THAN_TWO_DAUGHTER_TRACKS;MORE_THAN_TWO_DAUGHTER_TRACKS;213;219;MORE_THAN_TWO_DAUGHTER_TRACKS;MORE_THAN_TWO_DAUGHTER_TRACKS;1429;773;;;;219;229;1430;790
EXP3;Control-9;8;185;320;3;11;19;26;211;219;227;234;80;753;80;150;;219;231;83;731
EXP3;Control-9;9;116;290;8;12;NO_MID_BODY_DETECTED;NO_MID_BODY_DETECTED;196;200;NO_MID_BODY_DETECTED;NO_MID_BODY_DETECTED;-1;-1;;;;-1;-1;-1;-1
EXP3;MICAL1-10;0;167;448,447;8;11;MORE_THAN_TWO_DAUGHTER_TRACKS;MORE_THAN_TWO_DAUGHTER_TRACKS;268;271;MORE_THAN_TWO_DAUGHTER_TRACKS;MORE_THAN_TWO_DAUGHTER_TRACKS;367;764;;;;-1;-1;-1;-1
EXP3;MICAL1-10;10;273;298,285;4;6;MORE_THAN_TWO_DAUGHTER_TRACKS;MORE_THAN_TWO_DAUGHTER_TRACKS;190;192;MORE_THAN_TWO_DAUGHTER_TRACKS;MORE_THAN_TWO_DAUGHTER_TRACKS;1308;1072;;;;-1;-1;-1;-1
EXP3;MICAL1-10;11;24;279;8;12;NO_MID_BODY_DETECTED;NO_MID_BODY_DETECTED;185;189;NO_MID_BODY_DETECTED;NO_MID_BODY_DETECTED;-1;-1;;;;-1;-1;-1;-1
EXP3;MICAL1-10;12;28;227;9;20;TOO_SHORT_CUT;TOO_SHORT_CUT;142;153;TOO_SHORT_CUT;TOO_SHORT_CUT;208;1059;;;;-1;-1;-1;-1
EXP3;MICAL1-10;13;115;204;3;9;TOO_SHORT_CUT;TOO_SHORT_CUT;132;138;TOO_SHORT_CUT;TOO_SHORT_CUT;860;410;;;;-1;-1;-1;-1
EXP3;MICAL1-10;14;107;180;7;11;20;23;122;126;135;138;849;381;90;120;;126;135;828;348
EXP3;MICAL1-10;15;166;174;5;8;18;19;117;120;130;131;863;1042;100;110;;119;131;859;940
EXP3;MICAL1-10;16;20;167;7;11;27;30;111;115;131;134;518;756;160;190;;115;131;472;745
EXP3;MICAL1-10;17;13;157;5;10;18;19;100;105;113;114;148;436;80;90;;-1;-1;-1;-1
EXP3;MICAL1-10;18;12;147;8;12;24;24;90;94;106;106;275;307;120;120;;94;108;263;305
EXP3;MICAL1-10;19;24;120,108;9;11;MORE_THAN_TWO_DAUGHTER_TRACKS;MORE_THAN_TWO_DAUGHTER_TRACKS;69;71;MORE_THAN_TWO_DAUGHTER_TRACKS;MORE_THAN_TWO_DAUGHTER_TRACKS;1402;995;;;;71;82;1460;970
EXP3;MICAL1-10;1;198;436,435;5;10;MORE_THAN_TWO_DAUGHTER_TRACKS;MORE_THAN_TWO_DAUGHTER_TRACKS;261;266;MORE_THAN_TWO_DAUGHTER_TRACKS;MORE_THAN_TWO_DAUGHTER_TRACKS;1359;251;;;;-1;-1;-1;-1
EXP3;MICAL1-10;20;89;117;7;13;NEAR_BORDER;NEAR_BORDER;70;76;NEAR_BORDER;NEAR_BORDER;1201;1072;;;;76;97;1279;1090
EXP3;MICAL1-10;21;8;106;8;11;TOO_SHORT_CUT;TOO_SHORT_CUT;68;71;TOO_SHORT_CUT;TOO_SHORT_CUT;535;419;;;;71;92;600;375
EXP3;MICAL1-10;22;28;95;0;16;TOO_SHORT_CUT;TOO_SHORT_CUT;48;64;TOO_SHORT_CUT;TOO_SHORT_CUT;191;1072;;;;-1;-1;-1;-1
EXP3;MICAL1-10;23;6;78;6;11;TOO_SHORT_CUT;TOO_SHORT_CUT;45;50;TOO_SHORT_CUT;TOO_SHORT_CUT;1442;227;;;;50;63;1450;231
EXP3;MICAL1-10;24;15;72;7;12;TOO_SHORT_CUT;TOO_SHORT_CUT;40;45;TOO_SHORT_CUT;TOO_SHORT_CUT;1481;547;;;;45;55;1506;520
EXP3;MICAL1-10;25;3;71,65;8;12;MORE_THAN_TWO_DAUGHTER_TRACKS;MORE_THAN_TWO_DAUGHTER_TRACKS;35;39;MORE_THAN_TWO_DAUGHTER_TRACKS;MORE_THAN_TWO_DAUGHTER_TRACKS;1025;73;;;;39;51;941;64
EXP3;MICAL1-10;26;16;70;10;12;TOO_SHORT_CUT;TOO_SHORT_CUT;41;43;TOO_SHORT_CUT;TOO_SHORT_CUT;1118;475;;;;43;51;1085;460
EXP3;MICAL1-10;27;54;61;2;6;23;NO_CUT_DETECTED;29;33;50;NO_CUT_DETECTED;748;750;170;;;-1;-1;-1;-1
EXP3;MICAL1-10;28;46;54;5;6;NO_MID_BODY_DETECTED;NO_MID_BODY_DETECTED;27;28;NO_MID_BODY_DETECTED;NO_MID_BODY_DETECTED;-1;-1;;;;-1;-1;-1;-1
EXP3;MICAL1-10;29;2;48;8;12;NEAR_BORDER;NEAR_BORDER;21;25;NEAR_BORDER;NEAR_BORDER;1324;35;;;;24;33;1321;40
EXP3;MICAL1-10;2;67;424,42;10;12;MORE_THAN_TWO_DAUGHTER_TRACKS;MORE_THAN_TWO_DAUGHTER_TRACKS;256;258;MORE_THAN_TWO_DAUGHTER_TRACKS;MORE_THAN_TWO_DAUGHTER_TRACKS;911;862;;;;258;271;913;854
EXP3;MICAL1-10;30;10;44;8;12;TOO_SHORT_CUT;TOO_SHORT_CUT;18;22;TOO_SHORT_CUT;TOO_SHORT_CUT;1255;428;;;;21;30;1288;390
EXP3;MICAL1-10;3;72;394;9;11;NEAR_BORDER;NEAR_BORDER;243;245;NEAR_BORDER;NEAR_BORDER;1579;688;;;;245;255;1552;642
EXP3;MICAL1-10;4;70;386;10;11;23;24;238;239;251;252;1057;650;120;130;;239;254;1040;630
EXP3;MICAL1-10;5;62;334;11;19;TOO_SHORT_CUT;TOO_SHORT_CUT;206;214;TOO_SHORT_CUT;TOO_SHORT_CUT;65;695;;;;-1;-1;-1;-1
EXP3;MICAL1-10;6;18;317;9;11;TOO_SHORT_CUT;TOO_SHORT_CUT;205;207;TOO_SHORT_CUT;TOO_SHORT_CUT;1206;821;;;;207;218;1230;825
EXP3;MICAL1-10;7;133;311;9;12;TOO_SHORT_CUT;TOO_SHORT_CUT;201;204;TOO_SHORT_CUT;TOO_SHORT_CUT;679;72;;;;204;215;680;70
EXP3;MICAL1-10;8;65;300;8;15;NO_MID_BODY_DETECTED;NO_MID_BODY_DETECTED;192;199;NO_MID_BODY_DETECTED;NO_MID_BODY_DETECTED;-1;-1;;;;-1;-1;-1;-1
EXP3;MICAL1-10;9;44;299;8;11;TOO_SHORT_CUT;TOO_SHORT_CUT;195;198;TOO_SHORT_CUT;TOO_SHORT_CUT;1276;365;;;;198;212;1242;415
EXP3;MICAL1-1;0;146;204;9;12;TOO_SHORT_CUT;TOO_SHORT_CUT;224;227;TOO_SHORT_CUT;TOO_SHORT_CUT;1558;279;;;;-1;-1;-1;-1
EXP3;MICAL1-1;10;45;155;9;12;19;20;181;184;191;192;73;128;70;80;;184;193;74;128
EXP3;MICAL1-1;11;33;152,146;1;7;MORE_THAN_TWO_DAUGHTER_TRACKS;MORE_THAN_TWO_DAUGHTER_TRACKS;167;173;MORE_THAN_TWO_DAUGHTER_TRACKS;MORE_THAN_TWO_DAUGHTER_TRACKS;1456;311;;;;173;190;1461;337
EXP3;MICAL1-1;12;91;145;10;10;25;26;173;173;188;189;186;324;150;160;;175;195;195;322
EXP3;MICAL1-1;13;40;140;7;11;TOO_SHORT_CUT;TOO_SHORT_CUT;164;168;TOO_SHORT_CUT;TOO_SHORT_CUT;671;485;;;;168;181;674;486
EXP3;MICAL1-1;14;9;99;9;11;24;26;124;126;139;141;1059;941;130;150;;127;139;1084;900
EXP3;MICAL1-1;15;8;93;11;12;TOO_SHORT_CUT;TOO_SHORT_CUT;114;115;TOO_SHORT_CUT;TOO_SHORT_CUT;1495;1047;;;;115;125;1473;1028
EXP3;MICAL1-1;16;31;70;8;11;21;29;85;88;98;106;599;802;100;180;;88;114;603;802
EXP3;MICAL1-1;17;35;56,52,51;5;11;MORE_THAN_TWO_DAUGHTER_TRACKS;MORE_THAN_TWO_DAUGHTER_TRACKS;56;62;MORE_THAN_TWO_DAUGHTER_TRACKS;MORE_THAN_TWO_DAUGHTER_TRACKS;1097;616;;;;62;81;1130;539
EXP3;MICAL1-1;18;12;54;9;12;NEAR_BORDER;NEAR_BORDER;61;64;NEAR_BORDER;NEAR_BORDER;443;1094;;;;-1;-1;-1;-1
EXP3;MICAL1-1;19;3;50;7;12;NO_MID_BODY_DETECTED;NO_MID_BODY_DETECTED;56;61;NO_MID_BODY_DETECTED;NO_MID_BODY_DETECTED;-1;-1;;;;-1;-1;-1;-1
EXP3;MICAL1-1;1;116;197,188;11;11;MORE_THAN_TWO_DAUGHTER_TRACKS;MORE_THAN_TWO_DAUGHTER_TRACKS;209;209;MORE_THAN_TWO_DAUGHTER_TRACKS;MORE_THAN_TWO_DAUGHTER_TRACKS;1452;1075;;;;-1;-1;-1;-1
EXP3;MICAL1-1;20;1;41;7;10;21;24;40;43;54;57;994;238;110;140;;44;54;984;229
EXP3;MICAL1-1;21;5;38;7;11;NO_MID_BODY_DETECTED;NO_MID_BODY_DETECTED;32;36;NO_MID_BODY_DETECTED;NO_MID_BODY_DETECTED;-1;-1;;;;-1;-1;-1;-1
EXP3;MICAL1-1;22;2;33;5;10;25;31;28;33;48;54;1480;223;150;210;;33;48;1477;224
EXP3;MICAL1-1;23;0;30;7;11;32;40;27;31;52;60;834;219;210;290;;31;59;834;219
EXP3;MICAL1-1;2;70;195;9;11;TOO_SHORT_CUT;TOO_SHORT_CUT;211;213;TOO_SHORT_CUT;TOO_SHORT_CUT;630;746;;;;213;228;695;770
EXP3;MICAL1-1;3;31;194;8;11;TOO_SHORT_CUT;TOO_SHORT_CUT;210;213;TOO_SHORT_CUT;TOO_SHORT_CUT;630;746;;;;214;226;612;868
EXP3;MICAL1-1;4;54;187,185;9;10;MORE_THAN_TWO_DAUGHTER_TRACKS;MORE_THAN_TWO_DAUGHTER_TRACKS;207;208;MORE_THAN_TWO_DAUGHTER_TRACKS;MORE_THAN_TWO_DAUGHTER_TRACKS;380;1039;;;;209;218;380;1041
EXP3;MICAL1-1;5;6;177;7;10;19;40;197;200;209;230;377;804;90;300;;-1;-1;-1;-1
EXP3;MICAL1-1;6;71;170;-6;18;NEAR_BORDER;NEAR_BORDER;171;195;NEAR_BORDER;NEAR_BORDER;642;10;;;;-1;-1;-1;-1
EXP3;MICAL1-1;7;35;164;4;11;23;26;184;191;203;206;1027;504;120;150;;191;203;1028;503
EXP3;MICAL1-1;8;0;161,156;-6;12;MORE_THAN_TWO_DAUGHTER_TRACKS;MORE_THAN_TWO_DAUGHTER_TRACKS;167;185;MORE_THAN_TWO_DAUGHTER_TRACKS;MORE_THAN_TWO_DAUGHTER_TRACKS;822;196;;;;-1;-1;-1;-1
EXP3;MICAL1-1;9;60;157;9;12;TOO_SHORT_CUT;TOO_SHORT_CUT;184;187;TOO_SHORT_CUT;TOO_SHORT_CUT;448;287;;;;187;198;518;312
EXP3;MICAL1-2;0;222;320;6;12;TOO_SHORT_CUT;TOO_SHORT_CUT;242;248;TOO_SHORT_CUT;TOO_SHORT_CUT;471;508;;;;-1;-1;-1;-1
EXP3;MICAL1-2;10;8;278;10;12;TOO_SHORT_CUT;TOO_SHORT_CUT;220;222;TOO_SHORT_CUT;TOO_SHORT_CUT;571;526;;;;222;229;638;590
EXP3;MICAL1-2;11;9;267;6;16;TOO_SHORT_CUT;TOO_SHORT_CUT;202;212;TOO_SHORT_CUT;TOO_SHORT_CUT;536;846;;;;-1;-1;-1;-1
EXP3;MICAL1-2;12;68;259;9;12;TOO_SHORT_CUT;TOO_SHORT_CUT;205;208;TOO_SHORT_CUT;TOO_SHORT_CUT;1359;550;;;;209;217;1362;556
EXP3;MICAL1-2;13;203;250,24;11;12;MORE_THAN_TWO_DAUGHTER_TRACKS;MORE_THAN_TWO_DAUGHTER_TRACKS;190;191;MORE_THAN_TWO_DAUGHTER_TRACKS;MORE_THAN_TWO_DAUGHTER_TRACKS;78;165;;;;191;203;97;131
EXP3;MICAL1-2;14;201;244;8;10;19;19;190;192;201;201;200;628;90;90;;194;206;171;749
EXP3;MICAL1-2;15;122;241;9;9;TOO_SHORT_CUT;TOO_SHORT_CUT;191;191;TOO_SHORT_CUT;TOO_SHORT_CUT;85;788;;;;-1;-1;-1;-1
EXP3;MICAL1-2;16;32;228;6;13;TOO_SHORT_CUT;TOO_SHORT_CUT;175;182;TOO_SHORT_CUT;TOO_SHORT_CUT;1052;656;;;;-1;-1;-1;-1
EXP3;MICAL1-2;17;5;225;9;12;TOO_SHORT_CUT;TOO_SHORT_CUT;178;181;TOO_SHORT_CUT;TOO_SHORT_CUT;303;421;;;;181;190;252;385
EXP3;MICAL1-2;18;79;218;7;20;TOO_SHORT_CUT;TOO_SHORT_CUT;160;173;TOO_SHORT_CUT;TOO_SHORT_CUT;1209;1061;;;;-1;-1;-1;-1
EXP3;MICAL1-2;19;188;214;10;12;NO_MID_BODY_DETECTED;NO_MID_BODY_DETECTED;167;169;NO_MID_BODY_DETECTED;NO_MID_BODY_DETECTED;-1;-1;;;;-1;-1;-1;-1
EXP3;MICAL1-2;1;6;318,305;8;13;MORE_THAN_TWO_DAUGHTER_TRACKS;MORE_THAN_TWO_DAUGHTER_TRACKS;236;241;MORE_THAN_TWO_DAUGHTER_TRACKS;MORE_THAN_TWO_DAUGHTER_TRACKS;163;365;;;;241;248;236;317
EXP3;MICAL1-2;20;76;202;7;8;NEAR_BORDER;NEAR_BORDER;162;163;NEAR_BORDER;NEAR_BORDER;1113;1063;;;;163;176;1202;1084
EXP3;MICAL1-2;21;108;196,19;7;10;MORE_THAN_TWO_DAUGHTER_TRACKS;MORE_THAN_TWO_DAUGHTER_TRACKS;151;154;MORE_THAN_TWO_DAUGHTER_TRACKS;MORE_THAN_TWO_DAUGHTER_TRACKS;876;664;;;;156;169;873;669
EXP3;MICAL1-2;22;13;145;5;11;TOO_SHORT_CUT;TOO_SHORT_CUT;117;123;TOO_SHORT_CUT;TOO_SHORT_CUT;345;547;;;;-1;-1;-1;-1
EXP3;MICAL1-2;23;20;135;8;12;NO_MID_BODY_DETECTED;NO_MID_BODY_DETECTED;113;117;NO_MID_BODY_DETECTED;NO_MID_BODY_DETECTED;-1;-1;;;;-1;-1;-1;-1
EXP3;MICAL1-2;24;7;126,124;5;12;MORE_THAN_TWO_DAUGHTER_TRACKS;MORE_THAN_TWO_DAUGHTER_TRACKS;105;112;MORE_THAN_TWO_DAUGHTER_TRACKS;MORE_THAN_TWO_DAUGHTER_TRACKS;745;196;;;;-1;-1;-1;-1
EXP3;MICAL1-2;25;6;123,119;5;11;MORE_THAN_TWO_DAUGHTER_TRACKS;MORE_THAN_TWO_DAUGHTER_TRACKS;101;107;MORE_THAN_TWO_DAUGHTER_TRACKS;MORE_THAN_TWO_DAUGHTER_TRACKS;397;371;;;;107;119;364;318
EXP3;MICAL1-2;26;43;120,115;8;11;MORE_THAN_TWO_DAUGHTER_TRACKS;MORE_THAN_TWO_DAUGHTER_TRACKS;100;103;MORE_THAN_TWO_DAUGHTER_TRACKS;MORE_THAN_TWO_DAUGHTER_TRACKS;841;601;;;;104;113;854;544
EXP3;MICAL1-2;27;8;110;8;12;TOO_SHORT_CUT;TOO_SHORT_CUT;94;98;TOO_SHORT_CUT;TOO_SHORT_CUT;524;502;;;;98;108;518;504
EXP3;MICAL1-2;28;15;93;8;11;TOO_SHORT_CUT;TOO_SHORT_CUT;77;80;TOO_SHORT_CUT;TOO_SHORT_CUT;49;691;;;;-1;-1;-1;-1
EXP3;MICAL1-2;29;9;69;8;13;25;26;53;58;70;71;551;954;120;130;;58;66;521;905
EXP3;MICAL1-2;2;293;315,304;-3;5;MORE_THAN_TWO_DAUGHTER_TRACKS;MORE_THAN_TWO_DAUGHTER_TRACKS;233;241;MORE_THAN_TWO_DAUGHTER_TRACKS;MORE_THAN_TWO_DAUGHTER_TRACKS;1160;283;;;;-1;-1;-1;-1
EXP3;MICAL1-2;30;18;68;8;11;21;21;55;58;68;68;1341;920;100;100;;58;69;1240;919
EXP3;MICAL1-2;31;5;52;6;11;NEAR_BORDER;NEAR_BORDER;33;38;NEAR_BORDER;NEAR_BORDER;212;391;;;;38;46;179;367
EXP3;MICAL1-2;32;2;48,47;8;12;MORE_THAN_TWO_DAUGHTER_TRACKS;MORE_THAN_TWO_DAUGHTER_TRACKS;32;36;MORE_THAN_TWO_DAUGHTER_TRACKS;MORE_THAN_TWO_DAUGHTER_TRACKS;-1;-1;;;;-1;-1;-1;-1
EXP3;MICAL1-2;33;32;42;7;11;18;25;24;28;35;42;970;781;70;140;;29;39;959;742
EXP3;MICAL1-2;34;29;32;6;6;TOO_SHORT_CUT;TOO_SHORT_CUT;13;13;TOO_SHORT_CUT;TOO_SHORT_CUT;793;580;;;;-1;-1;-1;-1
EXP3;MICAL1-2;35;21;31;11;12;NEAR_BORDER;NEAR_BORDER;11;12;NEAR_BORDER;NEAR_BORDER;1041;1098;;;;-1;-1;-1;-1
EXP3;MICAL1-2;3;187;314;11;13;NEAR_BORDER;NEAR_BORDER;244;246;NEAR_BORDER;NEAR_BORDER;213;911;;;;-1;-1;-1;-1
EXP3;MICAL1-2;4;135;310;8;12;TOO_SHORT_CUT;TOO_SHORT_CUT;239;243;TOO_SHORT_CUT;TOO_SHORT_CUT;379;886;;;;-1;-1;-1;-1
EXP3;MICAL1-2;5;253;308;-2;2;NO_MID_BODY_DETECTED;NO_MID_BODY_DETECTED;239;243;NO_MID_BODY_DETECTED;NO_MID_BODY_DETECTED;-1;-1;;;;-1;-1;-1;-1
EXP3;MICAL1-2;6;119;303;8;11;TOO_SHORT_CUT;TOO_SHORT_CUT;237;240;TOO_SHORT_CUT;TOO_SHORT_CUT;494;283;;;;241;250;446;291
EXP3;MICAL1-2;7;108;298;7;13;TOO_SHORT_CUT;TOO_SHORT_CUT;229;235;TOO_SHORT_CUT;TOO_SHORT_CUT;875;566;;;;-1;-1;-1;-1
EXP3;MICAL1-2;8;185;293;-2;10;NO_MID_BODY_DETECTED;NO_MID_BODY_DETECTED;220;232;NO_MID_BODY_DETECTED;NO_MID_BODY_DETECTED;-1;-1;;;;-1;-1;-1;-1
EXP3;MICAL1-2;9;1;281;0;12;NEAR_BORDER;NEAR_BORDER;211;223;NEAR_BORDER;NEAR_BORDER;556;55;;;;224;230;554;61
EXP3;MICAL1-3;0;93;402;10;13;TOO_SHORT_CUT;TOO_SHORT_CUT;256;259;TOO_SHORT_CUT;TOO_SHORT_CUT;245;510;;;;259;270;244;515
EXP3;MICAL1-3;10;7;343;8;11;TOO_SHORT_CUT;TOO_SHORT_CUT;207;210;TOO_SHORT_CUT;TOO_SHORT_CUT;1028;434;;;;210;221;1027;434
EXP3;MICAL1-3;11;123;341;8;12;TOO_SHORT_CUT;TOO_SHORT_CUT;204;208;TOO_SHORT_CUT;TOO_SHORT_CUT;974;891;;;;208;220;979;919
EXP3;MICAL1-3;12;322;340;9;11;TOO_SHORT_CUT;TOO_SHORT_CUT;205;207;TOO_SHORT_CUT;TOO_SHORT_CUT;1264;857;;;;207;218;1267;859
EXP3;MICAL1-3;13;165;329;8;12;TOO_SHORT_CUT;TOO_SHORT_CUT;195;199;TOO_SHORT_CUT;TOO_SHORT_CUT;1084;569;;;;199;218;1090;616
EXP3;MICAL1-3;14;107;326;9;11;TOO_SHORT_CUT;TOO_SHORT_CUT;194;196;TOO_SHORT_CUT;TOO_SHORT_CUT;1252;534;;;;196;213;1346;536
EXP3;MICAL1-3;15;18;322;10;12;TOO_SHORT_CUT;TOO_SHORT_CUT;190;192;TOO_SHORT_CUT;TOO_SHORT_CUT;1375;929;;;;-1;-1;-1;-1
EXP3;MICAL1-3;16;308;318;8;10;NEAR_BORDER;NEAR_BORDER;186;188;NEAR_BORDER;NEAR_BORDER;21;422;;;;-1;-1;-1;-1
EXP3;MICAL1-3;17;13;223;7;11;TOO_SHORT_CUT;TOO_SHORT_CUT;132;136;TOO_SHORT_CUT;TOO_SHORT_CUT;799;1035;;;;137;150;850;980
EXP3;MICAL1-3;18;5;212;9;12;TOO_SHORT_CUT;TOO_SHORT_CUT;126;129;TOO_SHORT_CUT;TOO_SHORT_CUT;1297;183;;;;-1;-1;-1;-1
EXP3;MICAL1-3;19;166;208;8;11;21;22;123;126;136;137;498;362;100;110;;127;136;545;283
EXP3;MICAL1-3;1;12;393;8;13;TOO_SHORT_CUT;TOO_SHORT_CUT;246;251;TOO_SHORT_CUT;TOO_SHORT_CUT;1039;605;;;;250;262;989;631
EXP3;MICAL1-3;20;108;191;8;12;NO_MID_BODY_DETECTED;NO_MID_BODY_DETECTED;113;117;NO_MID_BODY_DETECTED;NO_MID_BODY_DETECTED;-1;-1;;;;-1;-1;-1;-1
EXP3;MICAL1-3;21;12;174;10;12;TOO_SHORT_CUT;TOO_SHORT_CUT;103;105;TOO_SHORT_CUT;TOO_SHORT_CUT;947;448;;;;105;114;934;567
EXP3;MICAL1-3;22;11;131;10;12;NEAR_BORDER;NEAR_BORDER;84;86;NEAR_BORDER;NEAR_BORDER;1517;534;;;;86;107;1596;579
EXP3;MICAL1-3;23;22;123;7;9;26;30;78;80;97;101;1157;959;170;210;;-1;-1;-1;-1
EXP3;MICAL1-3;24;8;114,107;8;11;MORE_THAN_TWO_DAUGHTER_TRACKS;MORE_THAN_TWO_DAUGHTER_TRACKS;70;73;MORE_THAN_TWO_DAUGHTER_TRACKS;MORE_THAN_TWO_DAUGHTER_TRACKS;1231;702;;;;-1;-1;-1;-1
EXP3;MICAL1-3;25;10;109;8;11;19;21;72;75;83;85;574;619;80;100;;76;86;569;628
EXP3;MICAL1-3;26;7;96;7;11;26;28;63;67;82;84;896;317;150;170;;68;83;902;320
EXP3;MICAL1-3;27;18;94;10;12;29;34;63;65;82;87;1218;733;170;220;;-1;-1;-1;-1
EXP3;MICAL1-3;28;9;93;9;12;TOO_SHORT_CUT;TOO_SHORT_CUT;61;64;TOO_SHORT_CUT;TOO_SHORT_CUT;385;569;;;;64;75;432;592
EXP3;MICAL1-3;2;289;389;11;11;TOO_SHORT_CUT;TOO_SHORT_CUT;247;247;TOO_SHORT_CUT;TOO_SHORT_CUT;1457;598;;;;248;262;1532;579
EXP3;MICAL1-3;3;109;385;9;11;TOO_SHORT_CUT;TOO_SHORT_CUT;242;244;TOO_SHORT_CUT;TOO_SHORT_CUT;493;602;;;;245;255;486;606
EXP3;MICAL1-3;4;106;374,371;8;12;MORE_THAN_TWO_DAUGHTER_TRACKS;MORE_THAN_TWO_DAUGHTER_TRACKS;226;230;MORE_THAN_TWO_DAUGHTER_TRACKS;MORE_THAN_TWO_DAUGHTER_TRACKS;1389;190;;;;230;243;1344;159
EXP3;MICAL1-3;5;10;369;10;11;TOO_SHORT_CUT;TOO_SHORT_CUT;227;228;TOO_SHORT_CUT;TOO_SHORT_CUT;736;704;;;;228;240;662;712
EXP3;MICAL1-3;6;159;364,363,360;10;10;MORE_THAN_TWO_DAUGHTER_TRACKS;MORE_THAN_TWO_DAUGHTER_TRACKS;222;222;MORE_THAN_TWO_DAUGHTER_TRACKS;MORE_THAN_TWO_DAUGHTER_TRACKS;-1;-1;;;;-1;-1;-1;-1
EXP3;MICAL1-3;7;8;356;8;12;TOO_SHORT_CUT;TOO_SHORT_CUT;216;220;TOO_SHORT_CUT;TOO_SHORT_CUT;1183;789;;;;220;244;1147;748
EXP3;MICAL1-3;8;22;350;8;10;TOO_SHORT_CUT;TOO_SHORT_CUT;214;216;TOO_SHORT_CUT;TOO_SHORT_CUT;1118;1037;;;;218;232;1127;1028
EXP3;MICAL1-3;9;46;348;9;19;NEAR_BORDER;NEAR_BORDER;205;215;NEAR_BORDER;NEAR_BORDER;1433;815;;;;-1;-1;-1;-1
EXP3;MICAL1-4;0;105;316,308;9;11;MORE_THAN_TWO_DAUGHTER_TRACKS;MORE_THAN_TWO_DAUGHTER_TRACKS;264;266;MORE_THAN_TWO_DAUGHTER_TRACKS;MORE_THAN_TWO_DAUGHTER_TRACKS;175;516;;;;267;280;198;491
EXP3;MICAL1-4;10;178;245;8;13;TOO_SHORT_CUT;TOO_SHORT_CUT;213;218;TOO_SHORT_CUT;TOO_SHORT_CUT;854;1054;;;;-1;-1;-1;-1
EXP3;MICAL1-4;11;115;227;9;19;TOO_SHORT_CUT;TOO_SHORT_CUT;187;197;TOO_SHORT_CUT;TOO_SHORT_CUT;287;801;;;;-1;-1;-1;-1
EXP3;MICAL1-4;12;15;225;8;12;23;26;191;195;206;209;1045;710;110;140;;195;208;1087;730
EXP3;MICAL1-4;13;14;223;7;12;TOO_SHORT_CUT;TOO_SHORT_CUT;189;194;TOO_SHORT_CUT;TOO_SHORT_CUT;1448;992;;;;-1;-1;-1;-1
EXP3;MICAL1-4;14;6;194;10;12;27;30;168;170;185;188;538;415;150;180;;170;187;538;417
EXP3;MICAL1-4;15;39;185;8;11;NO_MID_BODY_DETECTED;NO_MID_BODY_DETECTED;161;164;NO_MID_BODY_DETECTED;NO_MID_BODY_DETECTED;-1;-1;;;;-1;-1;-1;-1
EXP3;MICAL1-4;16;161;177,176;10;12;MORE_THAN_TWO_DAUGHTER_TRACKS;MORE_THAN_TWO_DAUGHTER_TRACKS;151;153;MORE_THAN_TWO_DAUGHTER_TRACKS;MORE_THAN_TWO_DAUGHTER_TRACKS;1500;146;;;;-1;-1;-1;-1
EXP3;MICAL1-4;17;133;172,165;9;13;MORE_THAN_TWO_DAUGHTER_TRACKS;MORE_THAN_TWO_DAUGHTER_TRACKS;137;141;MORE_THAN_TWO_DAUGHTER_TRACKS;MORE_THAN_TWO_DAUGHTER_TRACKS;1062;0;;;;-1;-1;-1;-1
EXP3;MICAL1-4;18;7;171;9;11;24;24;144;146;159;159;1203;389;130;130;;147;160;1202;396
EXP3;MICAL1-4;19;16;163;8;13;21;29;134;139;147;155;904;826;80;160;;138;153;905;832
EXP3;MICAL1-4;1;148;313;6;11;TOO_SHORT_CUT;TOO_SHORT_CUT;263;268;TOO_SHORT_CUT;TOO_SHORT_CUT;1459;457;;;;-1;-1;-1;-1
EXP3;MICAL1-4;20;50;157;7;12;24;25;132;137;149;150;155;31;120;130;;-1;-1;-1;-1
EXP3;MICAL1-4;21;3;130;9;13;TOO_SHORT_CUT;TOO_SHORT_CUT;107;111;TOO_SHORT_CUT;TOO_SHORT_CUT;1406;599;;;;110;122;1406;599
EXP3;MICAL1-4;22;46;128;7;12;19;21;105;110;117;119;263;694;70;90;;110;124;301;610
EXP3;MICAL1-4;23;9;125;9;12;28;28;103;106;122;122;511;580;160;160;;106;122;585;607
EXP3;MICAL1-4;24;105;124;8;11;NO_CUT_DETECTED;NO_CUT_DETECTED;102;105;NO_CUT_DETECTED;NO_CUT_DETECTED;71;428;;;;105;117;70;429
EXP3;MICAL1-4;25;22;119;8;11;21;24;96;99;109;112;646;338;100;130;;100;112;646;341
EXP3;MICAL1-4;26;76;100;3;13;TOO_SHORT_CUT;TOO_SHORT_CUT;65;75;TOO_SHORT_CUT;TOO_SHORT_CUT;420;150;;;;-1;-1;-1;-1
EXP3;MICAL1-4;27;13;82,74;8;11;MORE_THAN_TWO_DAUGHTER_TRACKS;MORE_THAN_TWO_DAUGHTER_TRACKS;51;54;MORE_THAN_TWO_DAUGHTER_TRACKS;MORE_THAN_TWO_DAUGHTER_TRACKS;231;683;;;;54;85;273;754
EXP3;MICAL1-4;28;2;39;5;11;TOO_SHORT_CUT;TOO_SHORT_CUT;16;22;TOO_SHORT_CUT;TOO_SHORT_CUT;470;123;;;;23;34;553;125
EXP3;MICAL1-4;29;1;38;9;12;24;NO_CUT_DETECTED;19;22;34;NO_CUT_DETECTED;661;116;120;;;22;42;746;154
EXP3;MICAL1-4;2;74;301,293;3;7;MORE_THAN_TWO_DAUGHTER_TRACKS;MORE_THAN_TWO_DAUGHTER_TRACKS;252;256;MORE_THAN_TWO_DAUGHTER_TRACKS;MORE_THAN_TWO_DAUGHTER_TRACKS;-1;-1;;;;-1;-1;-1;-1
EXP3;MICAL1-4;30;14;22;1;4;17;19;1;4;17;19;1259;778;130;150;;5;19;1270;785
EXP3;MICAL1-4;3;227;298;9;12;TOO_SHORT_CUT;TOO_SHORT_CUT;257;260;TOO_SHORT_CUT;TOO_SHORT_CUT;464;808;;;;-1;-1;-1;-1
EXP3;MICAL1-4;4;147;291;8;11;21;26;253;256;266;271;1384;674;100;150;;256;271;1378;667
EXP3;MICAL1-4;5;223;283;11;12;TOO_SHORT_CUT;TOO_SHORT_CUT;248;249;TOO_SHORT_CUT;TOO_SHORT_CUT;1294;884;;;;-1;-1;-1;-1
EXP3;MICAL1-4;6;4;279;8;12;TOO_SHORT_CUT;TOO_SHORT_CUT;242;246;TOO_SHORT_CUT;TOO_SHORT_CUT;179;265;;;;246;255;179;265
EXP3;MICAL1-4;7;173;277;6;12;TOO_SHORT_CUT;TOO_SHORT_CUT;237;243;TOO_SHORT_CUT;TOO_SHORT_CUT;855;533;;;;243;250;821;543
EXP3;MICAL1-4;8;119;269;6;15;TOO_SHORT_CUT;TOO_SHORT_CUT;227;236;TOO_SHORT_CUT;TOO_SHORT_CUT;995;639;;;;-1;-1;-1;-1
EXP3;MICAL1-4;9;128;255;9;12;24;24;224;227;239;239;543;717;120;120;;227;240;496;679
EXP3;MICAL1-5;0;8;317,316;6;11;MORE_THAN_TWO_DAUGHTER_TRACKS;MORE_THAN_TWO_DAUGHTER_TRACKS;261;266;MORE_THAN_TWO_DAUGHTER_TRACKS;MORE_THAN_TWO_DAUGHTER_TRACKS;316;486;;;;-1;-1;-1;-1
EXP3;MICAL1-5;10;108;232;11;16;NEAR_BORDER;NEAR_BORDER;190;195;NEAR_BORDER;NEAR_BORDER;401;17;;;;-1;-1;-1;-1
EXP3;MICAL1-5;11;165;186;1;11;TOO_SHORT_CUT;TOO_SHORT_CUT;149;159;TOO_SHORT_CUT;TOO_SHORT_CUT;503;368;;;;159;168;502;370
EXP3;MICAL1-5;12;88;184;7;11;TOO_SHORT_CUT;TOO_SHORT_CUT;154;158;TOO_SHORT_CUT;TOO_SHORT_CUT;943;680;;;;159;167;921;626
EXP3;MICAL1-5;13;54;175;11;12;NEAR_BORDER;NEAR_BORDER;145;146;NEAR_BORDER;NEAR_BORDER;1376;59;;;;-1;-1;-1;-1
EXP3;MICAL1-5;14;164;168;2;6;TOO_SHORT_CUT;TOO_SHORT_CUT;133;137;TOO_SHORT_CUT;TOO_SHORT_CUT;577;79;;;;-1;-1;-1;-1
EXP3;MICAL1-5;15;10;161;8;11;23;26;126;129;141;144;1497;686;120;150;;129;144;1447;656
EXP3;MICAL1-5;16;1;151;10;13;32;33;121;124;143;144;1191;31;190;200;;124;144;1192;23
EXP3;MICAL1-5;17;5;149;8;11;26;28;119;122;137;139;1031;192;150;170;;123;145;1149;171
EXP3;MICAL1-5;18;8;119;9;13;NO_CUT_DETECTED;NO_CUT_DETECTED;95;99;NO_CUT_DETECTED;NO_CUT_DETECTED;198;705;;;;98;109;191;712
EXP3;MICAL1-5;19;23;109;9;12;29;30;90;93;110;111;1100;326;170;180;;93;113;1151;356
EXP3;MICAL1-5;1;219;311;5;13;NO_MID_BODY_DETECTED;NO_MID_BODY_DETECTED;254;262;NO_MID_BODY_DETECTED;NO_MID_BODY_DETECTED;-1;-1;;;;-1;-1;-1;-1
EXP3;MICAL1-5;20;13;97,91;5;8;MORE_THAN_TWO_DAUGHTER_TRACKS;MORE_THAN_TWO_DAUGHTER_TRACKS;79;82;MORE_THAN_TWO_DAUGHTER_TRACKS;MORE_THAN_TWO_DAUGHTER_TRACKS;789;892;;;;-1;-1;-1;-1
EXP3;MICAL1-5;21;12;89;9;11;TOO_SHORT_CUT;TOO_SHORT_CUT;78;80;TOO_SHORT_CUT;TOO_SHORT_CUT;438;820;;;;81;90;426;866
EXP3;MICAL1-5;22;19;76,75,71;7;11;MORE_THAN_TWO_DAUGHTER_TRACKS;MORE_THAN_TWO_DAUGHTER_TRACKS;55;59;MORE_THAN_TWO_DAUGHTER_TRACKS;MORE_THAN_TWO_DAUGHTER_TRACKS;1175;1032;;;;59;78;1118;998
EXP3;MICAL1-5;23;52;69;9;14;NO_MID_BODY_DETECTED;NO_MID_BODY_DETECTED;51;56;NO_MID_BODY_DETECTED;NO_MID_BODY_DETECTED;-1;-1;;;;-1;-1;-1;-1
EXP3;MICAL1-5;24;33;38;3;5;NEAR_BORDER;NEAR_BORDER;20;22;NEAR_BORDER;NEAR_BORDER;200;318;;;;23;39;294;274
EXP3;MICAL1-5;2;161;304;8;12;26;28;250;254;268;270;1296;604;140;160;;-1;-1;-1;-1
EXP3;MICAL1-5;3;149;300;10;13;TOO_SHORT_CUT;TOO_SHORT_CUT;248;251;TOO_SHORT_CUT;TOO_SHORT_CUT;1259;170;;;;251;268;1340;152
EXP3;MICAL1-5;4;270;292;10;11;26;31;242;243;258;263;544;152;150;200;;244;262;522;73
EXP3;MICAL1-5;5;11;291;2;7;TOO_SHORT_CUT;TOO_SHORT_CUT;237;242;TOO_SHORT_CUT;TOO_SHORT_CUT;584;437;;;;-1;-1;-1;-1
EXP3;MICAL1-5;6;278;288;4;9;TOO_SHORT_CUT;TOO_SHORT_CUT;235;240;TOO_SHORT_CUT;TOO_SHORT_CUT;1048;88;;;;-1;-1;-1;-1
EXP3;MICAL1-5;7;19;267;8;12;TOO_SHORT_CUT;TOO_SHORT_CUT;221;225;TOO_SHORT_CUT;TOO_SHORT_CUT;1167;1058;;;;225;244;1165;1054
EXP3;MICAL1-5;8;23;262;8;12;NO_MID_BODY_DETECTED;NO_MID_BODY_DETECTED;219;223;NO_MID_BODY_DETECTED;NO_MID_BODY_DETECTED;-1;-1;;;;-1;-1;-1;-1
EXP3;MICAL1-5;9;196;250;8;11;23;25;210;213;225;227;1205;902;120;140;;214;228;1220;916
EXP3;MICAL1-6;0;114;232;11;12;TOO_SHORT_CUT;TOO_SHORT_CUT;244;245;TOO_SHORT_CUT;TOO_SHORT_CUT;1507;630;;;;246;257;1500;630
EXP3;MICAL1-6;10;38;95,94;7;11;MORE_THAN_TWO_DAUGHTER_TRACKS;MORE_THAN_TWO_DAUGHTER_TRACKS;86;90;MORE_THAN_TWO_DAUGHTER_TRACKS;MORE_THAN_TWO_DAUGHTER_TRACKS;794;998;;;;90;103;783;998
EXP3;MICAL1-6;11;2;80;9;12;24;NO_CUT_DETECTED;71;74;86;NO_CUT_DETECTED;728;36;120;;;73;86;764;90
EXP3;MICAL1-6;12;53;70,64;7;11;MORE_THAN_TWO_DAUGHTER_TRACKS;MORE_THAN_TWO_DAUGHTER_TRACKS;54;58;MORE_THAN_TWO_DAUGHTER_TRACKS;MORE_THAN_TWO_DAUGHTER_TRACKS;707;715;;;;-1;-1;-1;-1
EXP3;MICAL1-6;13;37;62;7;16;22;22;49;58;64;64;748;595;60;60;;-1;-1;-1;-1
EXP3;MICAL1-6;14;3;42;9;12;25;29;31;34;47;51;724;340;130;170;;34;48;755;306
EXP3;MICAL1-6;15;5;39;6;11;22;24;28;33;44;46;288;337;110;130;;33;45;376;320
EXP3;MICAL1-6;16;4;35;8;11;22;24;27;30;41;43;87;399;110;130;;-1;-1;-1;-1
EXP3;MICAL1-6;1;94;221;-7;12;TOO_SHORT_CUT;TOO_SHORT_CUT;216;235;TOO_SHORT_CUT;TOO_SHORT_CUT;971;828;;;;-1;-1;-1;-1
EXP3;MICAL1-6;2;39;209;8;11;TOO_SHORT_CUT;TOO_SHORT_CUT;220;223;TOO_SHORT_CUT;TOO_SHORT_CUT;439;216;;;;223;234;421;228
EXP3;MICAL1-6;3;162;187,186,184;11;13;MORE_THAN_TWO_DAUGHTER_TRACKS;MORE_THAN_TWO_DAUGHTER_TRACKS;188;190;MORE_THAN_TWO_DAUGHTER_TRACKS;MORE_THAN_TWO_DAUGHTER_TRACKS;858;526;;;;190;200;840;530
EXP3;MICAL1-6;4;132;179;11;12;NO_MID_BODY_DETECTED;NO_MID_BODY_DETECTED;185;186;NO_MID_BODY_DETECTED;NO_MID_BODY_DETECTED;-1;-1;;;;-1;-1;-1;-1
EXP3;MICAL1-6;5;64;164;5;10;NEAR_BORDER;NEAR_BORDER;155;160;NEAR_BORDER;NEAR_BORDER;450;1059;;;;160;173;453;996
EXP3;MICAL1-6;6;6;163;9;12;TOO_SHORT_CUT;TOO_SHORT_CUT;157;160;TOO_SHORT_CUT;TOO_SHORT_CUT;271;94;;;;159;172;286;152
EXP3;MICAL1-6;7;91;155;8;11;NEAR_BORDER;NEAR_BORDER;152;155;NEAR_BORDER;NEAR_BORDER;61;555;;;;155;172;34;504
EXP3;MICAL1-6;8;12;104;8;12;21;22;97;101;110;111;1244;638;90;100;;101;111;1300;653
EXP3;MICAL1-6;9;95;103;3;11;NO_MID_BODY_DETECTED;NO_MID_BODY_DETECTED;92;100;NO_MID_BODY_DETECTED;NO_MID_BODY_DETECTED;-1;-1;;;;-1;-1;-1;-1
EXP3;MICAL1-7;0;215;240;11;11;TOO_SHORT_CUT;TOO_SHORT_CUT;255;255;TOO_SHORT_CUT;TOO_SHORT_CUT;917;389;;;;-1;-1;-1;-1
EXP3;MICAL1-7;10;128;171;6;11;25;28;187;192;206;209;1090;886;140;170;;192;207;1085;891
EXP3;MICAL1-7;11;13;169;9;12;TOO_SHORT_CUT;TOO_SHORT_CUT;189;192;TOO_SHORT_CUT;TOO_SHORT_CUT;1583;762;;;;-1;-1;-1;-1
EXP3;MICAL1-7;12;4;101,98,97;4;7;MORE_THAN_TWO_DAUGHTER_TRACKS;MORE_THAN_TWO_DAUGHTER_TRACKS;124;127;MORE_THAN_TWO_DAUGHTER_TRACKS;MORE_THAN_TWO_DAUGHTER_TRACKS;318;242;;;;129;141;330;244
EXP3;MICAL1-7;13;16;56;5;11;19;23;63;69;77;81;103;963;80;120;;69;79;104;964
EXP3;MICAL1-7;14;10;52;6;12;TOO_SHORT_CUT;TOO_SHORT_CUT;60;66;TOO_SHORT_CUT;TOO_SHORT_CUT;389;693;;;;66;79;391;687
EXP3;MICAL1-7;15;13;51;6;12;NEAR_BORDER;NEAR_BORDER;57;63;NEAR_BORDER;NEAR_BORDER;1588;706;;;;62;80;1595;732
EXP3;MICAL1-7;16;26;45,41;4;8;MORE_THAN_TWO_DAUGHTER_TRACKS;MORE_THAN_TWO_DAUGHTER_TRACKS;41;45;MORE_THAN_TWO_DAUGHTER_TRACKS;MORE_THAN_TWO_DAUGHTER_TRACKS;1187;476;;;;-1;-1;-1;-1
EXP3;MICAL1-7;17;6;44;7;11;18;20;45;49;56;58;632;289;70;90;;49;58;633;287
EXP3;MICAL1-7;18;9;42;6;12;29;29;40;46;63;63;364;346;170;170;;46;63;366;337
EXP3;MICAL1-7;19;3;26,25;8;12;MORE_THAN_TWO_DAUGHTER_TRACKS;MORE_THAN_TWO_DAUGHTER_TRACKS;14;18;MORE_THAN_TWO_DAUGHTER_TRACKS;MORE_THAN_TWO_DAUGHTER_TRACKS;1147;282;;;;18;36;1127;336
EXP3;MICAL1-7;1;64;231,226;8;10;MORE_THAN_TWO_DAUGHTER_TRACKS;MORE_THAN_TWO_DAUGHTER_TRACKS;238;240;MORE_THAN_TWO_DAUGHTER_TRACKS;MORE_THAN_TWO_DAUGHTER_TRACKS;959;573;;;;239;256;985;675
EXP3;MICAL1-7;2;5;217,215;9;12;MORE_THAN_TWO_DAUGHTER_TRACKS;MORE_THAN_TWO_DAUGHTER_TRACKS;224;227;MORE_THAN_TWO_DAUGHTER_TRACKS;MORE_THAN_TWO_DAUGHTER_TRACKS;910;385;;;;227;246;918;391
EXP3;MICAL1-7;3;52;207;5;16;23;24;209;220;227;228;323;386;70;80;;-1;-1;-1;-1
EXP3;MICAL1-7;4;180;205,204;11;15;MORE_THAN_TWO_DAUGHTER_TRACKS;MORE_THAN_TWO_DAUGHTER_TRACKS;212;216;MORE_THAN_TWO_DAUGHTER_TRACKS;MORE_THAN_TWO_DAUGHTER_TRACKS;-1;-1;;;;-1;-1;-1;-1
EXP3;MICAL1-7;5;80;193,191;9;11;MORE_THAN_TWO_DAUGHTER_TRACKS;MORE_THAN_TWO_DAUGHTER_TRACKS;203;205;MORE_THAN_TWO_DAUGHTER_TRACKS;MORE_THAN_TWO_DAUGHTER_TRACKS;347;889;;;;206;222;322;811
EXP3;MICAL1-7;6;53;188;7;11;TOO_SHORT_CUT;TOO_SHORT_CUT;198;202;TOO_SHORT_CUT;TOO_SHORT_CUT;1176;325;;;;-1;-1;-1;-1
EXP3;MICAL1-7;7;99;184;10;12;NO_MID_BODY_DETECTED;NO_MID_BODY_DETECTED;198;200;NO_MID_BODY_DETECTED;NO_MID_BODY_DETECTED;-1;-1;;;;-1;-1;-1;-1
EXP3;MICAL1-7;8;21;183;8;11;19;23;195;198;206;210;642;706;80;120;;198;210;585;710
EXP3;MICAL1-7;9;151;180;8;10;TOO_SHORT_CUT;TOO_SHORT_CUT;195;197;TOO_SHORT_CUT;TOO_SHORT_CUT;507;339;;;;198;211;496;254
EXP3;MICAL1-8;0;127;360;3;12;TOO_SHORT_CUT;TOO_SHORT_CUT;256;265;TOO_SHORT_CUT;TOO_SHORT_CUT;267;859;;;;265;274;261;864
EXP3;MICAL1-8;10;0;51;8;11;22;23;30;33;44;45;1028;97;110;120;;33;45;1036;57
EXP3;MICAL1-8;11;7;48;8;11;17;NO_CUT_DETECTED;27;30;36;NO_CUT_DETECTED;922;385;60;;;30;42;917;388
EXP3;MICAL1-8;12;12;40;10;14;TOO_SHORT_CUT;TOO_SHORT_CUT;16;20;TOO_SHORT_CUT;TOO_SHORT_CUT;29;841;;;;-1;-1;-1;-1
EXP3;MICAL1-8;1;158;270;8;12;21;24;194;198;207;210;284;103;90;120;;198;210;305;112
EXP3;MICAL1-8;2;36;251;9;12;TOO_SHORT_CUT;TOO_SHORT_CUT;184;187;TOO_SHORT_CUT;TOO_SHORT_CUT;1382;751;;;;187;195;1417;763
EXP3;MICAL1-8;3;10;215;9;11;23;24;161;163;175;176;894;702;120;130;;-1;-1;-1;-1
EXP3;MICAL1-8;4;5;189,178;9;11;MORE_THAN_TWO_DAUGHTER_TRACKS;MORE_THAN_TWO_DAUGHTER_TRACKS;141;143;MORE_THAN_TWO_DAUGHTER_TRACKS;MORE_THAN_TWO_DAUGHTER_TRACKS;437;229;;;;143;162;400;290
EXP3;MICAL1-8;5;127;169,163;7;11;MORE_THAN_TWO_DAUGHTER_TRACKS;MORE_THAN_TWO_DAUGHTER_TRACKS;128;132;MORE_THAN_TWO_DAUGHTER_TRACKS;MORE_THAN_TWO_DAUGHTER_TRACKS;187;1029;;;;132;143;145;1015
EXP3;MICAL1-8;6;149;154;4;5;21;24;126;127;143;146;1260;313;160;190;;-1;-1;-1;-1
EXP3;MICAL1-8;7;89;122;4;7;19;22;95;98;110;113;1525;897;120;150;;98;113;1500;890
EXP3;MICAL1-8;8;9;83;5;11;TOO_SHORT_CUT;TOO_SHORT_CUT;52;58;TOO_SHORT_CUT;TOO_SHORT_CUT;245;362;;;;58;70;234;361
EXP3;MICAL1-8;9;36;56;7;11;22;37;33;37;48;63;1366;394;110;260;;37;63;1370;394
EXP3;MICAL1-9;0;23;412;9;12;TOO_SHORT_CUT;TOO_SHORT_CUT;268;271;TOO_SHORT_CUT;TOO_SHORT_CUT;303;1047;;;;-1;-1;-1;-1
EXP3;MICAL1-9;10;133;239;11;18;NEAR_BORDER;NEAR_BORDER;157;164;NEAR_BORDER;NEAR_BORDER;90;526;;;;-1;-1;-1;-1
EXP3;MICAL1-9;11;151;230,229;-17;8;MORE_THAN_TWO_DAUGHTER_TRACKS;MORE_THAN_TWO_DAUGHTER_TRACKS;132;157;MORE_THAN_TWO_DAUGHTER_TRACKS;MORE_THAN_TWO_DAUGHTER_TRACKS;779;453;;;;-1;-1;-1;-1
EXP3;MICAL1-9;12;12;227,214;9;12;MORE_THAN_TWO_DAUGHTER_TRACKS;MORE_THAN_TWO_DAUGHTER_TRACKS;145;148;MORE_THAN_TWO_DAUGHTER_TRACKS;MORE_THAN_TWO_DAUGHTER_TRACKS;247;246;;;;148;159;256;314
EXP3;MICAL1-9;13;5;216;8;12;NO_CUT_DETECTED;NO_CUT_DETECTED;146;150;NO_CUT_DETECTED;NO_CUT_DETECTED;1039;99;;;;149;175;1044;94
EXP3;MICAL1-9;14;14;213;8;11;24;25;144;147;160;161;524;383;130;140;;147;160;488;298
EXP3;MICAL1-9;15;113;207,2;10;11;MORE_THAN_TWO_DAUGHTER_TRACKS;MORE_THAN_TWO_DAUGHTER_TRACKS;139;140;MORE_THAN_TWO_DAUGHTER_TRACKS;MORE_THAN_TWO_DAUGHTER_TRACKS;458;594;;;;140;156;533;590
EXP3;MICAL1-9;16;10;204;9;9;NO_MID_BODY_DETECTED;NO_MID_BODY_DETECTED;144;144;NO_MID_BODY_DETECTED;NO_MID_BODY_DETECTED;-1;-1;;;;-1;-1;-1;-1
EXP3;MICAL1-9;17;17;202;8;12;21;26;140;144;153;158;80;471;90;140;;143;158;110;456
EXP3;MICAL1-9;18;18;167;8;18;26;28;111;121;129;131;1094;1012;80;100;;-1;-1;-1;-1
EXP3;MICAL1-9;19;20;154;8;11;21;22;107;110;120;121;449;948;100;110;;110;120;440;947
EXP3;MICAL1-9;1;20;366;7;11;TOO_SHORT_CUT;TOO_SHORT_CUT;239;243;TOO_SHORT_CUT;TOO_SHORT_CUT;436;831;;;;243;248;510;820
EXP3;MICAL1-9;20;16;109;10;12;TOO_SHORT_CUT;TOO_SHORT_CUT;80;82;TOO_SHORT_CUT;TOO_SHORT_CUT;1340;823;;;;82;101;1353;942
EXP3;MICAL1-9;21;44;80;11;11;28;29;63;63;80;81;79;891;170;180;;64;81;115;892
EXP3;MICAL1-9;22;19;67;7;12;19;25;46;51;58;64;664;739;70;130;;51;63;666;735
EXP3;MICAL1-9;23;8;64;9;11;NO_CUT_DETECTED;NO_CUT_DETECTED;44;46;NO_CUT_DETECTED;NO_CUT_DETECTED;1266;305;;;;46;66;1268;310
EXP3;MICAL1-9;2;16;349;11;12;TOO_SHORT_CUT;TOO_SHORT_CUT;232;233;TOO_SHORT_CUT;TOO_SHORT_CUT;1294;468;;;;-1;-1;-1;-1
EXP3;MICAL1-9;3;44;329;8;12;NO_CUT_DETECTED;NO_CUT_DETECTED;217;221;NO_CUT_DETECTED;NO_CUT_DETECTED;217;766;;;;221;238;252;765
EXP3;MICAL1-9;4;7;324;9;19;27;28;208;218;226;227;1022;126;80;90;;-1;-1;-1;-1
EXP3;MICAL1-9;5;190;290;10;17;TOO_SHORT_CUT;TOO_SHORT_CUT;188;195;TOO_SHORT_CUT;TOO_SHORT_CUT;1057;1027;;;;-1;-1;-1;-1
EXP3;MICAL1-9;6;19;288,272;9;12;MORE_THAN_TWO_DAUGHTER_TRACKS;MORE_THAN_TWO_DAUGHTER_TRACKS;184;187;MORE_THAN_TWO_DAUGHTER_TRACKS;MORE_THAN_TWO_DAUGHTER_TRACKS;588;678;;;;187;192;557;700
EXP3;MICAL1-9;7;8;282,28;9;12;MORE_THAN_TWO_DAUGHTER_TRACKS;MORE_THAN_TWO_DAUGHTER_TRACKS;189;192;MORE_THAN_TWO_DAUGHTER_TRACKS;MORE_THAN_TWO_DAUGHTER_TRACKS;1008;122;;;;-1;-1;-1;-1
EXP3;MICAL1-9;8;67;265;8;12;TOO_SHORT_CUT;TOO_SHORT_CUT;180;184;TOO_SHORT_CUT;TOO_SHORT_CUT;808;784;;;;184;189;834;752
EXP3;MICAL1-9;9;231;243;3;8;TOO_SHORT_CUT;TOO_SHORT_CUT;160;165;TOO_SHORT_CUT;TOO_SHORT_CUT;755;605;;;;-1;-1;-1;-1
